CustomerID,TransactionDate,TransactionAmount
CUST10771,2023-07-31,2383.07
CUST10100,2024-03-10,497.54
CUST10031,2025-02-17,536.78
CUST10987,2023-07-17,314.89
CUST10831,2024-12-15,2543.19
CUST10404,2025-02-28,432.22
CUST10488,2025-06-07,2178.25
CUST10988,2025-03-25,85.46
CUST10657,2023-09-10,1800.32
CUST10007,2023-12-15,305.9
CUST10897,2023-07-16,726.91
CUST10300,2023-05-09,385.41
CUST10710,2025-04-04,305.66
CUST10480,2025-02-04,1812.17
CUST10480,2024-01-16,1560.58
CUST10377,2023-10-24,465.32
CUST10184,2025-02-19,672.1
CUST10214,2025-06-17,1224.7
CUST10488,2023-07-12,463.81
CUST10892,2024-08-13,398.16
CUST10561,2024-01-15,300.17
CUST10879,2023-02-01,993.99
CUST10959,2023-10-28,715.54
CUST10204,2025-02-08,381.65
CUST10531,2024-05-12,866.56
CUST10755,2023-12-26,486.07
CUST10805,2024-09-12,913.33
CUST10547,2024-08-08,1298.6
CUST10657,2025-03-19,1042.5
CUST10231,2025-04-04,626.01
CUST10141,2022-11-22,705.63
CUST10443,2024-09-12,1272.25
CUST10715,2025-05-21,1031.61
CUST10919,2025-07-08,1545.22
CUST10765,2022-06-02,1210.21
CUST10203,2024-03-07,655.35
CUST10734,2025-01-31,1798.01
CUST10373,2022-02-01,2249.7
CUST10503,2024-07-22,3189.99
CUST10233,2024-09-16,217.87
CUST10049,2024-12-03,940.96
CUST10251,2023-07-13,1536.49
CUST10850,2022-10-26,1054.13
CUST10117,2023-11-10,90.94
CUST10991,2025-06-28,990.86
CUST10371,2025-05-19,1428.33
CUST10068,2022-08-09,697.9
CUST10712,2024-01-20,710.35
CUST10043,2022-05-10,968.0
CUST10217,2023-02-07,912.54
CUST10442,2023-11-20,914.47
CUST10339,2023-11-10,1795.7
CUST10754,2023-08-02,613.8
CUST10416,2024-12-25,485.29
CUST10460,2025-05-22,630.5
CUST10452,2022-04-20,861.79
CUST10837,2022-07-14,576.75
CUST10471,2025-04-29,1899.99
CUST10901,2022-05-13,307.55
CUST10672,2025-07-15,947.52
CUST10609,2024-12-01,1408.59
CUST10763,2023-11-16,356.87
CUST10631,2025-07-18,224.09
CUST10669,2022-04-12,1053.77
CUST10659,2025-07-06,1080.71
CUST10459,2025-07-07,240.86
CUST10380,2024-08-13,808.6
CUST10040,2022-06-25,164.97
CUST10208,2024-11-26,817.54
CUST10932,2024-08-01,426.43
CUST10697,2023-10-18,117.36
CUST10265,2025-04-18,1913.05
CUST10133,2025-07-21,274.17
CUST10846,2021-05-02,1524.08
CUST10953,2023-10-23,264.81
CUST10530,2023-01-24,1241.61
CUST10776,2022-10-24,1456.99
CUST10757,2024-05-05,492.17
CUST10110,2024-02-21,1465.49
CUST10806,2025-07-26,863.76
CUST10778,2024-12-14,1529.43
CUST10904,2022-04-15,1417.64
CUST10425,2024-11-30,1223.95
CUST10858,2024-03-30,925.42
CUST10204,2023-03-09,992.6
CUST10335,2022-02-17,1356.13
CUST10105,2021-01-07,1699.83
CUST10854,2025-05-30,1151.93
CUST10005,2023-05-06,770.34
CUST10890,2022-03-03,844.62
CUST10755,2023-03-25,298.63
CUST10657,2024-09-29,542.13
CUST10228,2022-02-16,341.22
CUST10203,2022-06-23,1195.61
CUST10963,2020-12-13,725.57
CUST10735,2025-02-21,3198.09
CUST10818,2023-01-24,110.78
CUST10854,2023-08-04,3762.6
CUST10393,2023-11-22,682.92
CUST10199,2025-01-13,2022.11
CUST10310,2024-09-02,661.29
CUST10834,2025-01-07,252.24
CUST10316,2025-06-23,1052.56
CUST10675,2024-09-22,764.05
CUST10797,2025-06-26,494.98
CUST10383,2025-04-12,1027.95
CUST10999,2023-09-03,787.02
CUST10928,2025-02-20,2766.52
CUST10238,2025-01-05,1775.93
CUST10028,2022-09-08,1285.73
CUST10694,2022-11-18,1135.13
CUST10912,2024-05-28,600.43
CUST10851,2025-03-24,1486.42
CUST10255,2023-11-10,235.35
CUST10610,2025-02-16,135.19
CUST10284,2023-10-04,299.58
CUST10312,2025-04-15,2841.04
CUST10185,2024-08-30,639.85
CUST10817,2024-06-13,232.38
CUST10681,2023-04-29,262.77
CUST10717,2024-02-27,1536.17
CUST10117,2024-05-04,2112.09
CUST10902,2023-11-19,919.48
CUST10015,2022-09-27,2298.85
CUST10356,2024-06-30,905.97
CUST10746,2025-01-17,528.35
CUST10961,2024-07-20,711.46
CUST10158,2023-11-24,1000.0
CUST10711,2023-10-19,970.52
CUST10579,2024-11-27,757.97
CUST10768,2025-03-12,263.89
CUST10398,2024-10-31,152.49
CUST10862,2023-07-09,1487.39
CUST10502,2022-11-26,551.33
CUST10466,2023-07-28,648.28
CUST10798,2023-03-23,391.83
CUST10859,2025-01-31,1349.14
CUST10702,2023-09-27,2633.5
CUST10912,2024-06-04,242.71
CUST10115,2022-04-20,18.06
CUST10994,2024-12-21,2814.01
CUST10231,2024-06-12,2982.37
CUST10613,2024-09-15,1271.42
CUST10359,2025-04-03,903.8
CUST10063,2022-05-30,185.52
CUST10084,2024-06-15,1459.07
CUST10247,2022-07-22,614.25
CUST10175,2023-06-22,1030.98
CUST10202,2024-05-23,1014.5
CUST10437,2024-03-22,1497.84
CUST10143,2021-03-29,2279.29
CUST10764,2022-11-23,1425.37
CUST10387,2025-02-19,1544.99
CUST10410,2023-04-12,206.36
CUST10601,2024-09-16,1908.66
CUST10360,2024-07-10,423.65
CUST10928,2024-01-17,581.62
CUST10084,2024-09-20,873.17
CUST10038,2024-01-19,977.18
CUST10980,2023-06-30,300.44
CUST10873,2023-01-25,886.67
CUST10560,2025-04-16,1193.25
CUST10466,2022-10-16,466.65
CUST10820,2024-05-05,1132.77
CUST10870,2024-04-30,1449.48
CUST10847,2025-01-09,198.75
CUST10587,2023-01-07,404.12
CUST10362,2024-12-14,384.36
CUST10294,2022-09-24,841.98
CUST10719,2024-12-22,460.53
CUST10381,2025-06-21,1789.17
CUST10761,2020-11-15,1046.32
CUST10801,2022-12-27,1486.97
CUST10336,2023-06-30,1331.3
CUST10994,2024-01-07,800.73
CUST10946,2021-09-09,748.61
CUST10383,2024-03-04,417.37
CUST10903,2022-11-20,1301.97
CUST10957,2025-01-18,1615.41
CUST10011,2021-07-04,688.99
CUST10954,2025-01-28,1823.64
CUST10875,2024-09-22,341.22
CUST10117,2023-12-29,766.28
CUST10396,2023-03-30,2165.19
CUST10308,2023-03-09,494.67
CUST10980,2025-01-11,78.05
CUST10279,2024-02-14,579.23
CUST10059,2024-09-25,1060.1
CUST10685,2024-01-02,764.33
CUST10863,2024-10-28,838.86
CUST10779,2024-01-11,729.41
CUST10523,2024-12-25,725.88
CUST10491,2022-01-16,1670.21
CUST10283,2024-06-20,1579.44
CUST10053,2025-03-16,457.65
CUST10503,2023-11-30,532.43
CUST10325,2023-08-17,575.94
CUST10854,2024-04-28,470.27
CUST10721,2024-04-07,1082.2
CUST10438,2024-08-04,1211.99
CUST10755,2025-06-06,18.6
CUST10466,2025-03-15,1270.56
CUST10595,2023-03-02,1060.67
CUST10905,2024-10-19,1514.38
CUST10575,2021-08-12,594.15
CUST10860,2024-07-29,3115.17
CUST10524,2023-08-10,422.16
CUST10225,2025-07-27,136.11
CUST10174,2025-05-03,1385.12
CUST10523,2023-04-08,182.43
CUST10042,2023-09-03,576.36
CUST10410,2022-01-03,760.68
CUST10262,2022-10-01,725.13
CUST10196,2024-01-21,210.03
CUST10322,2023-08-06,2574.76
CUST10206,2025-03-04,332.44
CUST10758,2021-04-10,1458.61
CUST10114,2022-11-08,810.71
CUST10627,2023-09-14,3073.03
CUST10171,2025-04-14,1093.57
CUST10430,2024-06-28,1909.39
CUST10431,2022-12-21,589.1
CUST10579,2024-12-04,890.4
CUST10258,2023-05-07,404.12
CUST10621,2023-01-22,1160.16
CUST10742,2024-01-29,1768.59
CUST10132,2024-11-28,2564.22
CUST10095,2022-11-23,794.79
CUST10264,2024-01-09,425.32
CUST10245,2024-08-19,1781.05
CUST10719,2025-07-10,1050.09
CUST10984,2022-09-28,80.73
CUST10286,2024-08-15,614.06
CUST10584,2025-01-29,436.92
CUST10895,2023-06-24,560.73
CUST10188,2025-07-29,1080.42
CUST10464,2023-10-25,1882.1
CUST10840,2024-09-09,1780.9
CUST10435,2024-05-12,1814.52
CUST10017,2023-07-31,801.66
CUST10148,2025-06-17,1472.07
CUST10312,2024-10-11,2604.72
CUST10522,2024-05-20,286.38
CUST10141,2024-09-06,2043.92
CUST10145,2024-09-26,395.7
CUST10421,2025-03-25,1660.74
CUST10037,2022-03-02,534.83
CUST10478,2024-07-24,1783.51
CUST10519,2023-02-22,1763.07
CUST10938,2023-12-08,376.31
CUST10767,2023-02-04,491.34
CUST10507,2023-10-17,505.78
CUST10874,2024-11-22,1706.25
CUST10920,2024-11-14,1291.08
CUST10530,2022-11-05,1158.99
CUST10981,2024-12-02,2571.17
CUST10743,2022-05-07,1442.63
CUST10045,2024-07-02,758.99
CUST10396,2024-01-22,591.11
CUST10108,2023-10-08,560.71
CUST10705,2023-11-17,1159.77
CUST10829,2023-09-21,460.44
CUST10750,2022-02-21,429.68
CUST10301,2024-07-11,1349.01
CUST10423,2022-04-28,1870.32
CUST10474,2024-10-14,2488.96
CUST10110,2022-12-22,767.17
CUST10670,2023-07-14,1309.9
CUST10545,2025-06-02,593.21
CUST10437,2024-05-09,1160.43
CUST10831,2025-01-17,1223.46
CUST10887,2023-05-10,62.8
CUST10420,2021-10-19,143.27
CUST10027,2025-06-30,870.75
CUST10880,2025-06-28,677.09
CUST10268,2020-12-18,961.59
CUST10615,2022-04-29,519.81
CUST10063,2025-03-10,892.58
CUST10298,2023-12-03,2474.55
CUST10265,2025-01-03,966.98
CUST10333,2024-10-20,1365.81
CUST10518,2022-11-28,433.53
CUST10029,2024-08-31,955.74
CUST10143,2023-10-24,1771.79
CUST10556,2023-06-29,918.98
CUST10056,2021-12-08,2564.44
CUST10223,2023-06-28,1992.82
CUST10323,2024-11-02,500.82
CUST10759,2025-01-26,2378.61
CUST10099,2024-09-28,413.75
CUST10167,2021-12-09,681.21
CUST10309,2025-01-18,1105.59
CUST10761,2021-11-04,1357.42
CUST10422,2024-02-02,625.39
CUST10532,2022-08-02,588.26
CUST10799,2025-02-24,444.71
CUST10985,2023-07-04,147.32
CUST10146,2022-05-05,1996.86
CUST10081,2023-02-13,288.03
CUST10998,2022-08-25,1671.32
CUST10536,2024-03-16,197.41
CUST10507,2023-12-12,697.85
CUST10932,2023-09-16,2188.13
CUST10996,2025-06-04,1514.38
CUST10533,2025-05-10,746.36
CUST10064,2024-10-12,160.26
CUST10436,2023-09-06,6890.19
CUST10374,2024-12-14,1326.07
CUST10945,2023-12-06,904.56
CUST10643,2025-07-06,570.3
CUST10848,2024-07-18,1322.3
CUST10153,2024-01-14,928.57
CUST10800,2023-06-15,1210.69
CUST10471,2024-10-20,1097.62
CUST10415,2024-10-26,741.11
CUST10626,2023-12-29,720.47
CUST10335,2024-06-28,1765.2
CUST10697,2021-08-05,301.44
CUST10288,2025-01-01,790.57
CUST10510,2024-04-30,1830.34
CUST10997,2024-04-30,815.69
CUST10568,2022-01-13,928.15
CUST10079,2023-07-10,504.94
CUST10542,2023-05-27,649.3
CUST10138,2024-03-10,1208.57
CUST10018,2023-08-31,2497.1
CUST10647,2022-02-19,1337.57
CUST10090,2024-05-11,1645.93
CUST10904,2022-09-15,314.89
CUST10990,2022-08-05,1195.56
CUST10210,2025-02-04,201.18
CUST10623,2023-08-03,542.49
CUST10609,2025-04-21,230.98
CUST10880,2022-12-18,2188.84
CUST10713,2021-06-04,1449.9
CUST10372,2022-03-14,473.62
CUST10491,2024-02-29,1900.71
CUST10527,2025-01-17,321.49
CUST10151,2022-05-06,1113.71
CUST10787,2024-03-11,123.41
CUST10876,2025-06-20,1545.88
CUST10178,2024-11-28,961.99
CUST10928,2025-05-01,1411.16
CUST10719,2024-12-22,189.36
CUST10135,2023-10-17,808.3
CUST10434,2022-05-02,694.22
CUST10777,2023-05-09,506.01
CUST10046,2025-07-15,1208.04
CUST10076,2023-07-01,1644.51
CUST10364,2024-11-24,1733.72
CUST10653,2023-09-29,326.43
CUST10758,2022-10-22,1401.7
CUST10712,2023-10-28,546.08
CUST10818,2024-07-08,730.42
CUST10319,2025-02-04,2320.07
CUST10701,2024-10-06,1880.04
CUST10257,2023-08-10,1731.32
CUST10740,2025-02-04,859.67
CUST10369,2022-12-15,766.49
CUST10378,2024-03-23,18.17
CUST10954,2025-02-06,1365.1
CUST10317,2024-04-16,560.97
CUST10416,2024-05-10,323.03
CUST10408,2023-06-02,1054.9
CUST10487,2024-04-02,1127.2
CUST10448,2020-12-30,1520.73
CUST10377,2023-06-05,1056.03
CUST10333,2023-01-03,820.98
CUST10906,2024-07-13,1117.45
CUST10638,2022-03-28,341.58
CUST10717,2025-04-18,2788.32
CUST10422,2023-11-26,219.14
CUST10155,2024-09-02,1418.49
CUST10818,2021-07-18,927.28
CUST10135,2024-07-29,366.8
CUST10717,2024-12-09,721.04
CUST10489,2025-03-19,671.83
CUST10256,2023-11-12,751.19
CUST10652,2024-10-30,279.8
CUST10920,2023-06-06,570.31
CUST10710,2025-01-09,795.6
CUST10258,2022-10-26,2162.22
CUST10437,2021-04-03,230.73
CUST10983,2023-08-19,1988.58
CUST10591,2024-01-06,506.42
CUST10482,2024-11-05,55.31
CUST10619,2025-06-03,1033.46
CUST10049,2023-04-04,2222.64
CUST10301,2022-10-13,1051.57
CUST10543,2025-03-04,714.67
CUST10824,2025-04-24,1606.77
CUST10505,2025-06-23,548.52
CUST10352,2024-09-06,844.98
CUST10506,2022-04-16,905.03
CUST10134,2023-10-07,852.47
CUST10457,2024-08-04,1625.56
CUST10148,2023-04-19,1395.22
CUST10909,2024-05-01,611.58
CUST10663,2025-03-07,334.93
CUST10712,2024-07-19,269.87
CUST10485,2024-10-16,178.21
CUST10977,2025-03-22,497.22
CUST10865,2024-05-25,1225.37
CUST10154,2024-09-05,835.92
CUST10897,2022-12-21,2270.69
CUST10238,2024-08-25,833.09
CUST10341,2023-04-05,1978.24
CUST10798,2023-05-11,580.87
CUST10071,2023-09-28,357.89
CUST10699,2023-09-28,456.35
CUST10566,2025-01-25,2274.06
CUST10576,2024-09-24,290.03
CUST10601,2025-07-11,309.07
CUST10373,2025-05-25,2483.07
CUST10174,2025-01-31,1197.3
CUST10811,2024-03-03,996.11
CUST10430,2024-05-20,616.82
CUST10640,2025-02-20,1613.78
CUST10419,2024-03-19,896.68
CUST10311,2025-02-20,393.33
CUST10276,2024-09-06,364.08
CUST10226,2023-02-14,1351.89
CUST10631,2024-07-06,303.69
CUST10010,2022-08-16,622.3
CUST10876,2025-01-05,1203.98
CUST10671,2025-04-03,413.75
CUST10491,2021-09-15,865.41
CUST10366,2025-06-24,504.74
CUST10082,2024-10-21,1522.42
CUST10851,2025-06-04,1139.61
CUST10269,2022-07-30,865.42
CUST10497,2025-07-27,1773.33
CUST10736,2022-05-31,456.97
CUST10402,2020-12-17,1477.26
CUST10470,2023-10-25,1445.47
CUST10837,2023-09-28,775.08
CUST10046,2025-04-23,689.02
CUST10437,2021-07-20,434.54
CUST10259,2024-06-06,2690.77
CUST10499,2023-09-07,517.29
CUST10542,2023-01-03,318.68
CUST10153,2023-06-24,3524.16
CUST10329,2024-01-20,1002.0
CUST10151,2022-05-18,640.08
CUST10210,2022-09-16,813.54
CUST10753,2023-05-05,756.94
CUST10390,2025-03-24,466.58
CUST10124,2023-03-31,316.61
CUST10113,2022-08-15,784.81
CUST10803,2024-03-14,821.88
CUST10908,2025-03-16,502.87
CUST10914,2021-09-15,931.71
CUST10329,2024-01-23,1259.61
CUST10147,2024-04-23,739.91
CUST10480,2024-06-11,1574.98
CUST10643,2023-03-10,581.27
CUST10533,2024-08-29,958.92
CUST10818,2023-10-27,2219.88
CUST10459,2023-01-20,1349.8
CUST10886,2024-08-27,1289.25
CUST10943,2025-06-16,3363.88
CUST10538,2023-10-13,702.31
CUST10158,2024-07-05,1681.65
CUST10963,2021-02-19,1220.02
CUST10505,2023-09-13,561.73
CUST10862,2023-01-09,1347.28
CUST10159,2023-03-12,3589.95
CUST10871,2023-12-26,1296.45
CUST10062,2024-09-13,627.75
CUST10193,2024-12-12,1191.79
CUST10721,2023-01-28,218.19
CUST10408,2025-03-14,1016.83
CUST10342,2023-04-18,676.26
CUST10659,2024-08-30,1722.25
CUST10758,2024-05-13,144.92
CUST10264,2024-07-08,866.24
CUST10499,2022-09-01,1327.55
CUST10296,2021-10-08,944.21
CUST10037,2021-06-13,1443.33
CUST10446,2025-03-02,896.17
CUST10082,2025-06-20,886.55
CUST10219,2024-06-17,570.42
CUST10027,2024-08-27,2490.16
CUST10971,2025-05-08,1118.02
CUST10589,2024-12-26,715.44
CUST10327,2024-11-06,179.19
CUST10414,2023-12-02,1265.28
CUST10831,2025-02-25,1194.89
CUST10298,2024-10-02,193.09
CUST10252,2022-02-20,1294.29
CUST10307,2022-03-11,1412.56
CUST10846,2022-06-24,2794.13
CUST10442,2023-08-12,500.18
CUST10358,2025-01-05,1830.17
CUST10885,2023-09-08,1732.37
CUST10452,2023-04-03,1422.22
CUST10912,2024-02-07,1372.65
CUST10332,2023-09-14,603.64
CUST10843,2021-08-03,282.71
CUST10697,2024-11-21,2078.93
CUST10763,2023-03-15,1285.84
CUST10284,2022-01-02,661.81
CUST10123,2021-08-20,388.11
CUST10691,2023-04-21,2392.64
CUST10380,2023-06-13,1521.71
CUST10034,2024-07-18,695.36
CUST10841,2024-07-28,176.46
CUST10295,2024-07-02,1590.58
CUST10208,2023-09-07,1609.08
CUST10742,2024-01-13,1731.34
CUST10601,2024-08-15,705.14
CUST10111,2025-03-07,927.09
CUST10617,2023-05-19,211.94
CUST10834,2022-05-07,1894.81
CUST10750,2023-06-06,294.81
CUST10264,2022-10-29,716.29
CUST10017,2023-01-22,993.21
CUST10264,2021-12-16,358.8
CUST10981,2024-11-19,588.78
CUST10987,2022-09-19,1157.56
CUST10342,2021-05-14,1791.23
CUST10113,2024-04-21,646.33
CUST10408,2024-03-19,245.69
CUST10921,2023-12-27,882.23
CUST10471,2024-08-12,1055.93
CUST10301,2023-01-06,380.64
CUST10559,2021-01-31,400.22
CUST10286,2025-07-21,25.34
CUST10381,2024-11-28,587.27
CUST10147,2024-01-06,1266.87
CUST10504,2024-06-23,349.74
CUST10059,2021-12-01,720.66
CUST10106,2024-11-15,698.65
CUST10387,2023-12-14,535.84
CUST10909,2024-03-16,597.13
CUST10455,2022-04-19,1107.84
CUST10941,2023-08-14,1388.29
CUST10320,2023-01-13,58.28
CUST10911,2022-06-17,789.19
CUST10007,2023-01-14,738.28
CUST10912,2024-09-15,189.0
CUST10948,2025-06-07,387.9
CUST10862,2024-11-25,1250.98
CUST10477,2023-06-23,2243.37
CUST10644,2024-08-02,214.53
CUST10240,2025-04-01,1797.04
CUST10139,2023-01-23,2308.87
CUST10321,2024-12-25,689.1
CUST10153,2025-04-01,102.97
CUST10208,2025-07-22,282.01
CUST10496,2024-12-07,693.45
CUST10886,2024-01-06,554.87
CUST10175,2023-11-21,856.92
CUST10926,2025-05-27,2950.5
CUST10288,2025-01-07,1109.51
CUST10352,2024-01-14,624.65
CUST10224,2024-10-16,1847.42
CUST10663,2023-03-10,484.22
CUST10787,2024-05-17,3828.45
CUST10716,2025-06-26,568.21
CUST10684,2025-04-24,69.48
CUST10908,2025-01-23,1285.68
CUST10212,2024-07-26,181.12
CUST10629,2024-02-25,180.61
CUST10970,2025-04-07,2344.42
CUST10062,2025-02-08,378.67
CUST10618,2023-05-16,97.96
CUST10465,2023-03-07,508.06
CUST10812,2024-03-12,1512.95
CUST10282,2023-11-07,2396.44
CUST10687,2023-05-01,1127.68
CUST10693,2023-04-17,963.06
CUST10474,2024-04-20,679.41
CUST10472,2025-06-15,745.65
CUST10481,2024-10-31,474.94
CUST10373,2021-10-04,1011.97
CUST10437,2021-10-24,687.42
CUST10433,2024-11-21,394.04
CUST10069,2022-07-31,2298.7
CUST10996,2024-10-01,3489.81
CUST10964,2022-09-07,1845.44
CUST10230,2024-03-12,1785.4
CUST10352,2022-10-29,1307.27
CUST10963,2022-07-20,942.91
CUST10056,2024-05-17,2392.96
CUST10332,2024-04-20,599.96
CUST10106,2024-09-12,710.82
CUST10684,2024-03-28,838.11
CUST10392,2024-08-15,2088.7
CUST10558,2023-01-15,988.04
CUST10732,2024-11-08,718.69
CUST10710,2025-01-04,624.42
CUST10511,2025-01-09,1823.61
CUST10338,2024-07-15,1077.27
CUST10145,2025-04-22,750.1
CUST10927,2024-04-19,2885.85
CUST10207,2024-01-12,1083.82
CUST10070,2024-02-11,703.63
CUST10818,2022-12-14,132.54
CUST10274,2023-12-11,647.6
CUST10508,2024-02-09,453.63
CUST10905,2024-07-21,1797.48
CUST10498,2024-11-30,1166.75
CUST10479,2024-04-27,707.12
CUST10326,2022-05-09,54.98
CUST10476,2024-10-04,1062.79
CUST10556,2023-06-18,462.02
CUST10082,2024-09-21,1809.83
CUST10504,2024-10-10,1477.53
CUST10611,2024-11-15,1024.56
CUST10286,2024-08-24,683.84
CUST10745,2025-07-27,757.71
CUST10559,2023-02-10,676.2
CUST10858,2024-06-20,130.06
CUST10660,2024-01-11,719.06
CUST10116,2025-02-10,1035.48
CUST10724,2022-05-09,581.35
CUST10585,2024-11-08,675.84
CUST10827,2023-11-13,1524.0
CUST10835,2024-11-15,1203.71
CUST10134,2025-01-27,672.59
CUST10913,2024-12-19,266.67
CUST10426,2022-10-11,1248.13
CUST10095,2022-06-13,404.92
CUST10760,2023-11-07,763.88
CUST10148,2024-05-15,1354.72
CUST10935,2023-05-19,2567.44
CUST10927,2024-12-03,624.32
CUST10834,2021-05-24,898.85
CUST10391,2025-02-04,409.97
CUST10098,2025-04-03,445.39
CUST10433,2024-12-06,495.26
CUST10941,2025-01-07,824.77
CUST10750,2023-02-04,327.08
CUST10570,2024-04-04,367.67
CUST10223,2023-12-14,810.07
CUST10969,2023-12-31,2760.95
CUST10150,2025-04-23,457.52
CUST10003,2025-04-22,597.07
CUST10573,2023-03-16,344.09
CUST10695,2021-12-22,358.28
CUST10632,2024-12-02,240.32
CUST10115,2021-12-18,686.79
CUST10957,2024-08-06,899.83
CUST10849,2022-09-24,1058.43
CUST10103,2022-07-26,1090.57
CUST10083,2023-10-03,347.41
CUST10660,2024-11-29,825.78
CUST10338,2024-04-17,453.7
CUST10127,2022-12-28,481.81
CUST10693,2023-09-25,204.3
CUST10596,2025-05-05,531.57
CUST10572,2025-01-04,1322.08
CUST10658,2023-04-16,957.58
CUST10383,2025-01-14,778.78
CUST10426,2023-02-06,3261.12
CUST10699,2023-02-01,526.93
CUST10404,2025-05-16,1257.14
CUST10076,2025-07-13,2801.34
CUST10423,2024-03-13,585.1
CUST10879,2024-08-21,503.87
CUST10842,2025-06-29,1014.06
CUST10868,2024-08-04,508.94
CUST10870,2024-02-05,1536.52
CUST10662,2025-03-15,915.45
CUST10461,2024-07-22,1056.65
CUST10307,2025-06-10,1016.26
CUST10761,2021-08-14,765.0
CUST10797,2024-06-01,1596.85
CUST10446,2024-06-08,1762.74
CUST10955,2023-08-01,1821.38
CUST10451,2024-08-13,2000.55
CUST10407,2023-12-19,848.5
CUST10637,2025-01-15,1222.69
CUST10557,2025-07-13,177.24
CUST10622,2025-05-09,975.19
CUST10136,2024-09-16,446.06
CUST10468,2022-06-06,2720.3
CUST10618,2022-07-04,1433.71
CUST10489,2025-03-11,253.32
CUST10396,2023-11-18,2562.18
CUST10882,2024-02-22,331.77
CUST10108,2022-05-16,1256.18
CUST10340,2023-09-21,2230.61
CUST10284,2022-09-15,512.95
CUST10641,2021-12-01,2220.53
CUST10850,2022-03-09,2443.9
CUST10144,2025-01-28,831.46
CUST10271,2022-07-05,794.81
CUST10674,2021-09-05,1064.63
CUST10044,2023-01-09,658.38
CUST10096,2021-12-28,865.98
CUST10799,2025-02-28,983.19
CUST10977,2024-09-08,647.4
CUST10170,2024-08-14,900.38
CUST10749,2023-05-23,2381.92
CUST10674,2024-11-12,1824.89
CUST10036,2024-10-11,1549.02
CUST10004,2023-08-29,1184.93
CUST10902,2024-11-13,113.67
CUST10334,2023-03-14,854.56
CUST10346,2023-05-19,250.77
CUST10042,2024-12-03,1343.07
CUST10165,2022-03-24,813.93
CUST10431,2024-01-03,1140.41
CUST10449,2025-04-29,622.63
CUST10633,2023-05-24,1067.38
CUST10017,2022-09-10,89.42
CUST10441,2021-01-12,599.6
CUST10562,2020-09-13,197.33
CUST10579,2025-06-17,352.01
CUST10411,2024-04-01,1892.41
CUST10125,2024-10-15,259.53
CUST10893,2023-03-30,2178.44
CUST10695,2023-12-08,933.52
CUST10404,2024-06-23,1268.37
CUST10058,2022-04-22,1492.01
CUST10028,2022-02-17,1490.01
CUST10139,2023-11-09,1339.7
CUST10245,2025-04-25,241.13
CUST10989,2023-04-30,2095.98
CUST10895,2021-09-12,508.13
CUST10517,2025-03-06,1055.81
CUST10497,2025-01-29,587.15
CUST10664,2025-05-30,1047.87
CUST10399,2024-01-22,878.02
CUST10966,2022-09-08,1655.46
CUST10321,2025-03-26,489.93
CUST10131,2025-07-25,1424.01
CUST10295,2024-11-04,787.16
CUST10626,2024-01-18,855.52
CUST10142,2023-07-01,838.74
CUST10582,2025-01-20,639.71
CUST10579,2024-07-18,4314.81
CUST10875,2025-01-05,418.04
CUST10143,2025-04-16,453.89
CUST10567,2024-01-16,2467.33
CUST10144,2024-08-30,996.1
CUST10777,2025-02-17,241.32
CUST10149,2024-06-13,550.11
CUST10602,2023-01-18,490.77
CUST10242,2024-08-27,1437.7
CUST10743,2025-06-29,886.42
CUST10915,2024-06-15,1576.88
CUST10874,2024-08-25,820.93
CUST10203,2025-02-11,1019.6
CUST10947,2023-05-15,1216.75
CUST10031,2024-08-18,871.58
CUST10852,2022-02-16,2402.13
CUST10972,2024-04-17,237.15
CUST10217,2023-02-09,1205.52
CUST10501,2025-02-26,760.33
CUST10572,2025-05-06,72.02
CUST10993,2025-01-30,1124.35
CUST10468,2023-08-29,447.35
CUST10806,2025-03-17,2882.67
CUST10372,2021-09-06,286.29
CUST10480,2025-06-08,2253.81
CUST10648,2024-02-18,306.47
CUST10438,2024-07-26,1995.96
CUST10543,2024-09-22,1401.75
CUST10000,2022-10-03,961.52
CUST10430,2024-12-31,1899.35
CUST10916,2022-08-07,653.79
CUST10244,2025-07-24,1006.31
CUST10727,2023-02-28,588.01
CUST10388,2024-10-27,2165.5
CUST10848,2025-01-23,1073.92
CUST10878,2025-07-29,755.12
CUST10273,2024-07-07,426.13
CUST10633,2024-09-17,338.17
CUST10958,2024-11-26,70.76
CUST10964,2023-04-11,495.83
CUST10027,2024-09-23,3134.68
CUST10787,2023-06-23,1601.14
CUST10538,2024-10-10,1439.94
CUST10873,2023-06-08,262.68
CUST10331,2024-10-11,520.72
CUST10111,2024-07-30,1058.16
CUST10826,2024-08-08,1022.88
CUST10525,2021-05-26,728.3
CUST10878,2023-05-03,627.7
CUST10842,2024-06-21,997.36
CUST10846,2021-12-16,182.84
CUST10795,2024-06-13,1202.76
CUST10853,2025-05-13,3077.99
CUST10838,2024-09-06,1060.88
CUST10251,2025-03-23,384.69
CUST10438,2024-10-01,3139.18
CUST10263,2024-02-18,375.85
CUST10132,2025-05-30,1267.88
CUST10904,2022-05-14,959.31
CUST10533,2024-07-01,717.71
CUST10479,2025-05-09,2103.8
CUST10581,2025-01-22,926.23
CUST10887,2023-11-29,272.69
CUST10780,2023-05-04,399.59
CUST10560,2024-10-13,2963.69
CUST10376,2024-12-17,602.81
CUST10257,2025-03-17,324.97
CUST10918,2023-04-25,1215.22
CUST10124,2022-10-03,1615.98
CUST10897,2024-09-01,781.78
CUST10754,2024-11-04,2505.73
CUST10766,2022-06-23,414.52
CUST10994,2025-03-24,1042.56
CUST10762,2024-07-16,585.65
CUST10954,2024-08-24,1469.31
CUST10951,2024-09-09,699.5
CUST10093,2024-02-09,1048.53
CUST10728,2023-11-08,1780.68
CUST10358,2024-07-20,164.12
CUST10414,2022-07-01,2913.39
CUST10452,2020-12-04,1834.59
CUST10373,2023-10-20,966.82
CUST10431,2023-06-17,2755.76
CUST10939,2024-05-23,221.88
CUST10692,2025-07-11,670.23
CUST10518,2023-03-14,2706.98
CUST10449,2022-08-12,483.43
CUST10511,2025-04-19,1496.93
CUST10385,2023-02-01,730.7
CUST10549,2025-05-27,1838.51
CUST10028,2022-09-05,961.07
CUST10862,2024-12-01,863.93
CUST10049,2022-03-16,89.37
CUST10847,2023-08-28,576.15
CUST10499,2022-10-26,1083.87
CUST10869,2023-09-12,417.86
CUST10330,2023-08-06,1037.56
CUST10781,2024-12-03,621.14
CUST10236,2025-04-19,475.58
CUST10105,2021-04-17,409.45
CUST10020,2024-10-07,125.08
CUST10358,2025-03-28,956.24
CUST10078,2024-10-02,935.61
CUST10732,2023-03-01,2271.75
CUST10183,2021-01-30,2320.47
CUST10709,2023-04-17,1090.74
CUST10486,2024-08-22,389.93
CUST10125,2025-01-27,840.27
CUST10236,2022-06-23,1236.22
CUST10148,2023-05-12,185.44
CUST10470,2023-11-02,431.86
CUST10913,2023-06-10,643.76
CUST10758,2024-09-09,717.39
CUST10077,2023-09-09,2398.41
CUST10171,2023-08-30,1140.51
CUST10643,2023-06-29,1149.43
CUST10285,2025-03-07,590.0
CUST10774,2025-06-15,1670.67
CUST10484,2023-08-02,974.38
CUST10926,2022-09-06,1042.24
CUST10710,2024-12-14,117.59
CUST10373,2022-09-12,73.24
CUST10191,2025-02-03,924.45
CUST10238,2022-12-07,227.37
CUST10044,2025-04-10,628.81
CUST10299,2024-11-28,1341.92
CUST10664,2023-12-31,183.14
CUST10454,2022-08-09,889.6
CUST10556,2025-07-03,978.76
CUST10567,2025-06-10,1583.14
CUST10927,2024-04-13,40.99
CUST10464,2022-08-19,493.22
CUST10609,2025-01-31,645.42
CUST10288,2024-01-16,1825.45
CUST10841,2024-07-20,1233.21
CUST10251,2023-11-09,201.79
CUST10011,2023-09-21,1611.82
CUST10311,2025-03-24,151.14
CUST10481,2022-10-19,293.68
CUST10152,2025-04-26,415.01
CUST10203,2022-01-30,1035.64
CUST10201,2024-11-17,1737.56
CUST10185,2024-08-14,397.27
CUST10313,2023-11-12,1449.6
CUST10073,2024-12-19,492.28
CUST10262,2024-09-21,540.55
CUST10968,2022-06-08,301.8
CUST10172,2024-09-03,1399.99
CUST10401,2024-02-11,283.6
CUST10642,2022-09-06,110.26
CUST10816,2022-07-20,982.18
CUST10896,2023-12-14,644.56
CUST10792,2024-03-26,365.01
CUST10600,2024-12-23,316.67
CUST10827,2023-12-03,748.37
CUST10838,2025-04-02,225.13
CUST10309,2024-04-22,1247.51
CUST10763,2024-11-19,579.01
CUST10786,2025-04-30,437.95
CUST10185,2024-07-11,509.1
CUST10465,2023-06-15,597.74
CUST10911,2023-02-21,463.27
CUST10957,2025-01-05,357.46
CUST10407,2023-10-19,293.96
CUST10696,2022-08-23,1385.61
CUST10095,2021-01-06,1150.14
CUST10919,2025-04-10,304.8
CUST10832,2024-09-05,309.33
CUST10976,2024-06-04,219.7
CUST10807,2024-08-03,1496.2
CUST10365,2024-06-14,412.15
CUST10618,2024-12-18,1296.4
CUST10365,2024-03-12,297.52
CUST10236,2021-09-30,631.19
CUST10002,2025-03-16,608.19
CUST10809,2024-04-29,138.35
CUST10852,2023-03-27,1385.8
CUST10553,2024-06-12,2391.61
CUST10632,2024-10-25,2414.75
CUST10168,2025-06-10,1145.08
CUST10465,2024-11-29,515.67
CUST10637,2025-03-22,157.63
CUST10128,2024-11-09,3514.48
CUST10965,2023-06-03,786.16
CUST10289,2024-05-03,392.42
CUST10947,2023-08-28,581.42
CUST10395,2024-07-21,90.35
CUST10152,2025-02-08,834.01
CUST10344,2022-06-03,2635.79
CUST10351,2025-01-15,541.94
CUST10256,2023-09-30,2216.58
CUST10854,2024-09-16,366.14
CUST10003,2024-06-23,3169.02
CUST10896,2025-03-19,405.92
CUST10146,2024-09-27,216.79
CUST10192,2024-03-31,2287.19
CUST10263,2021-04-07,247.45
CUST10218,2024-09-08,906.23
CUST10641,2025-06-17,1190.69
CUST10006,2024-06-18,300.32
CUST10059,2025-02-17,2914.01
CUST10951,2025-05-05,724.26
CUST10999,2022-11-12,59.9
CUST10663,2023-04-03,808.74
CUST10037,2023-08-31,558.96
CUST10878,2023-09-06,868.53
CUST10470,2024-03-20,570.48
CUST10291,2023-03-09,587.96
CUST10227,2024-05-13,2427.63
CUST10536,2025-02-23,2021.0
CUST10771,2024-05-02,826.84
CUST10935,2024-10-20,2312.78
CUST10657,2024-05-10,617.73
CUST10112,2023-04-07,438.74
CUST10766,2025-04-14,864.74
CUST10079,2024-03-21,1068.75
CUST10618,2022-12-20,2486.07
CUST10153,2023-04-09,573.74
CUST10873,2024-06-27,440.71
CUST10207,2025-04-12,924.31
CUST10968,2024-07-22,1735.49
CUST10182,2022-05-03,354.07
CUST10909,2024-04-17,209.91
CUST10031,2025-01-08,498.13
CUST10446,2024-06-05,320.59
CUST10160,2022-11-14,818.98
CUST10175,2022-08-21,216.82
CUST10450,2024-10-09,659.18
CUST10974,2024-10-21,1290.38
CUST10328,2025-06-22,210.47
CUST10053,2023-09-29,375.62
CUST10457,2025-02-15,433.79
CUST10633,2023-09-23,620.48
CUST10514,2024-03-16,931.54
CUST10366,2021-01-22,1006.71
CUST10724,2022-03-14,201.95
CUST10293,2024-11-29,1610.65
CUST10592,2025-01-25,1501.21
CUST10130,2024-02-13,477.73
CUST10994,2025-04-23,1102.37
CUST10556,2021-10-26,531.25
CUST10967,2024-06-29,1589.53
CUST10899,2024-12-09,1123.66
CUST10920,2023-05-05,701.45
CUST10630,2025-03-28,1495.62
CUST10534,2023-09-11,3150.48
CUST10053,2025-07-01,2904.25
CUST10249,2024-07-29,1430.21
CUST10116,2024-04-08,2465.82
CUST10463,2024-05-02,882.61
CUST10955,2022-08-05,130.21
CUST10503,2023-03-12,459.95
CUST10235,2024-08-28,2813.43
CUST10526,2022-04-10,2042.89
CUST10324,2022-11-13,251.5
CUST10962,2024-11-18,525.54
CUST10114,2022-11-20,645.2
CUST10686,2025-02-02,576.15
CUST10313,2025-07-22,1365.2
CUST10958,2023-08-17,515.32
CUST10847,2025-01-25,759.92
CUST10154,2024-02-11,157.97
CUST10272,2022-11-28,226.75
CUST10655,2024-04-11,642.75
CUST10429,2024-05-14,854.86
CUST10271,2022-09-05,328.06
CUST10117,2024-06-28,632.91
CUST10018,2023-09-05,1757.03
CUST10978,2023-12-23,438.5
CUST10004,2024-11-30,1565.88
CUST10936,2025-05-18,2183.79
CUST10379,2024-06-30,987.31
CUST10513,2025-04-06,1229.14
CUST10188,2025-06-03,1210.57
CUST10058,2023-08-12,1525.2
CUST10335,2021-12-26,1145.53
CUST10162,2022-07-24,693.54
CUST10043,2024-02-15,788.71
CUST10035,2021-12-13,499.5
CUST10030,2024-05-15,672.63
CUST10267,2024-11-27,1380.03
CUST10253,2024-07-10,2686.25
CUST10031,2023-12-05,1581.51
CUST10742,2024-12-03,352.39
CUST10298,2023-10-08,1056.44
CUST10493,2021-09-18,581.24
CUST10737,2023-07-27,820.01
CUST10739,2024-09-06,571.13
CUST10612,2023-05-15,179.18
CUST10937,2025-03-24,179.43
CUST10660,2021-07-22,2130.91
CUST10511,2025-06-14,1417.6
CUST10345,2024-08-29,781.15
CUST10601,2024-07-29,327.3
CUST10091,2024-11-07,1237.15
CUST10204,2024-11-23,980.99
CUST10179,2025-02-22,406.8
CUST10359,2025-05-05,814.16
CUST10735,2023-08-02,454.37
CUST10766,2022-08-30,978.54
CUST10091,2021-12-02,414.42
CUST10804,2025-07-18,481.77
CUST10378,2024-04-20,1592.94
CUST10147,2024-03-26,134.6
CUST10368,2024-06-25,507.83
CUST10198,2024-12-17,1151.03
CUST10936,2025-02-05,353.59
CUST10472,2025-05-08,258.28
CUST10387,2025-03-18,769.59
CUST10458,2024-05-25,636.76
CUST10355,2020-12-29,1105.83
CUST10629,2025-06-11,1600.6
CUST10601,2024-01-16,509.64
CUST10887,2022-03-18,2210.29
CUST10080,2021-11-29,1326.36
CUST10252,2021-10-10,509.49
CUST10238,2023-03-22,611.49
CUST10097,2021-04-29,616.04
CUST10241,2025-06-26,1747.61
CUST10090,2022-12-12,764.27
CUST10748,2021-09-05,490.84
CUST10319,2021-05-24,239.1
CUST10535,2024-05-17,592.58
CUST10378,2024-10-03,1311.18
CUST10083,2024-09-18,67.28
CUST10124,2023-04-12,1589.49
CUST10601,2025-02-14,1133.61
CUST10851,2025-01-01,1398.44
CUST10611,2023-06-24,1962.49
CUST10369,2024-08-16,574.42
CUST10945,2025-03-04,300.93
CUST10255,2025-01-15,243.78
CUST10569,2025-02-26,908.66
CUST10290,2024-07-10,640.8
CUST10792,2022-10-09,88.93
CUST10904,2021-04-11,475.38
CUST10935,2024-08-21,891.46
CUST10644,2023-05-28,440.38
CUST10317,2024-07-05,431.96
CUST10828,2024-03-21,354.74
CUST10931,2025-07-21,3070.17
CUST10127,2023-06-09,2369.07
CUST10923,2024-12-01,875.81
CUST10171,2023-02-23,1247.06
CUST10732,2024-02-11,1847.44
CUST10416,2025-06-01,2403.56
CUST10216,2025-01-07,315.8
CUST10475,2024-09-13,762.02
CUST10968,2021-12-18,585.05
CUST10139,2023-10-01,1603.56
CUST10793,2025-02-25,576.58
CUST10201,2024-10-13,961.09
CUST10855,2024-10-04,1324.95
CUST10081,2022-08-27,2087.33
CUST10444,2024-10-13,1190.94
CUST10074,2022-11-27,997.17
CUST10390,2024-11-08,89.8
CUST10157,2022-07-22,1290.58
CUST10584,2023-09-07,1200.59
CUST10249,2023-11-24,421.81
CUST10947,2023-08-17,1677.27
CUST10308,2024-02-02,908.5
CUST10262,2022-03-23,1056.39
CUST10616,2024-12-21,669.03
CUST10523,2021-10-09,2195.82
CUST10742,2025-07-20,79.47
CUST10587,2022-12-06,534.54
CUST10911,2024-04-23,651.52
CUST10490,2024-02-11,962.37
CUST10879,2022-03-19,215.57
CUST10395,2023-07-22,1095.6
CUST10120,2024-12-25,675.52
CUST10111,2025-03-03,403.11
CUST10911,2023-08-08,1050.35
CUST10675,2024-03-21,754.95
CUST10368,2023-02-15,2359.28
CUST10465,2024-12-02,688.98
CUST10493,2025-07-19,2052.69
CUST10674,2024-08-09,776.47
CUST10919,2025-05-12,379.16
CUST10404,2024-09-27,1594.49
CUST10908,2024-04-12,840.94
CUST10217,2022-10-18,1881.7
CUST10600,2022-09-26,757.82
CUST10341,2025-02-20,835.21
CUST10153,2023-12-14,568.7
CUST10642,2023-02-26,686.87
CUST10274,2025-05-07,830.58
CUST10332,2024-05-21,1370.28
CUST10975,2023-12-15,1574.86
CUST10652,2023-11-20,1566.75
CUST10200,2024-12-31,345.54
CUST10906,2023-03-18,1003.49
CUST10612,2024-11-10,1531.72
CUST10046,2024-05-09,690.48
CUST10948,2024-07-31,1716.54
CUST10676,2024-01-28,257.21
CUST10412,2025-04-28,1707.98
CUST10272,2023-11-17,1644.18
CUST10329,2022-12-19,171.34
CUST10827,2023-09-19,743.42
CUST10110,2023-09-05,1245.52
CUST10646,2021-10-09,1013.29
CUST10135,2023-06-29,1012.3
CUST10208,2024-01-25,815.88
CUST10950,2023-11-15,324.38
CUST10382,2022-12-04,737.2
CUST10481,2024-05-08,3076.14
CUST10646,2024-03-30,1185.28
CUST10332,2022-11-28,304.07
CUST10577,2022-05-17,383.14
CUST10044,2022-07-19,1041.5
CUST10056,2023-06-01,2402.03
CUST10726,2025-02-18,324.42
CUST10469,2023-09-10,692.03
CUST10137,2025-01-24,1466.5
CUST10465,2025-01-25,882.67
CUST10510,2023-02-21,2190.39
CUST10521,2024-01-04,653.96
CUST10772,2023-08-30,354.92
CUST10218,2024-05-01,411.56
CUST10821,2024-03-18,515.96
CUST10879,2021-12-11,1265.23
CUST10284,2022-10-19,378.4
CUST10263,2021-06-08,287.77
CUST10630,2024-07-31,1777.31
CUST10159,2025-02-09,1578.88
CUST10290,2023-09-16,648.99
CUST10121,2025-05-06,1227.21
CUST10995,2021-11-06,721.46
CUST10325,2024-01-08,1458.05
CUST10228,2025-03-09,1290.08
CUST10349,2023-08-19,1265.81
CUST10320,2025-06-12,1505.98
CUST10201,2025-05-30,532.68
CUST10777,2025-02-06,487.71
CUST10124,2025-02-07,1615.16
CUST10874,2025-06-02,1013.71
CUST10425,2022-12-10,95.29
CUST10216,2024-09-07,796.65
CUST10430,2024-11-04,782.91
CUST10798,2024-06-08,186.69
CUST10136,2022-10-06,472.27
CUST10524,2023-09-09,836.53
CUST10839,2023-08-24,735.09
CUST10544,2023-02-04,1367.55
CUST10090,2023-12-30,1938.97
CUST10903,2021-12-01,436.08
CUST10397,2024-01-14,897.35
CUST10029,2024-11-08,1731.88
CUST10395,2024-06-10,1355.1
CUST10142,2025-04-17,1402.6
CUST10403,2022-08-16,1424.87
CUST10354,2024-06-25,1122.05
CUST10633,2024-05-05,1605.16
CUST10779,2024-08-02,380.01
CUST10528,2025-02-21,614.76
CUST10406,2023-06-30,238.38
CUST10616,2022-03-02,873.69
CUST10149,2023-08-04,2343.42
CUST10749,2025-03-07,436.48
CUST10672,2024-12-03,622.43
CUST10095,2024-01-19,451.06
CUST10782,2024-03-07,454.49
CUST10988,2024-03-13,183.39
CUST10702,2024-04-07,395.77
CUST10535,2023-01-13,1842.37
CUST10236,2023-08-27,407.54
CUST10772,2023-10-17,424.46
CUST10987,2025-06-02,434.05
CUST10204,2024-05-25,1442.43
CUST10498,2024-08-05,420.69
CUST10484,2022-03-21,1572.77
CUST10387,2024-05-20,1601.79
CUST10790,2025-04-13,955.83
CUST10731,2022-03-18,419.71
CUST10325,2024-03-01,2894.19
CUST10258,2024-06-15,927.62
CUST10570,2024-03-23,1456.65
CUST10992,2025-05-31,253.83
CUST10893,2021-12-04,137.11
CUST10009,2021-11-25,1360.34
CUST10541,2024-11-19,1212.66
CUST10772,2024-11-09,432.47
CUST10536,2024-05-18,518.41
CUST10860,2023-11-04,466.98
CUST10715,2025-01-03,989.22
CUST10755,2023-11-17,1583.24
CUST10943,2025-06-19,181.01
CUST10749,2024-06-10,1182.14
CUST10266,2021-11-07,734.0
CUST10024,2022-08-23,227.25
CUST10997,2023-07-15,1419.35
CUST10390,2022-08-06,1332.57
CUST10758,2024-09-25,845.21
CUST10534,2024-07-17,756.19
CUST10402,2021-01-31,425.84
CUST10148,2025-06-20,699.86
CUST10174,2024-06-01,1244.92
CUST10625,2024-03-31,1226.7
CUST10265,2023-03-09,1987.05
CUST10101,2022-10-11,830.69
CUST10416,2024-06-04,266.03
CUST10116,2024-10-24,1383.11
CUST10723,2021-05-01,315.11
CUST10489,2025-05-14,189.97
CUST10413,2021-02-06,1218.88
CUST10935,2025-07-08,561.83
CUST10054,2021-08-19,877.6
CUST10499,2023-02-21,1187.39
CUST10083,2022-09-06,910.04
CUST10961,2025-05-28,385.65
CUST10577,2025-06-20,805.15
CUST10081,2025-05-13,1552.48
CUST10227,2023-03-03,444.49
CUST10924,2025-07-02,711.66
CUST10345,2025-07-22,782.38
CUST10935,2024-11-04,3032.41
CUST10395,2023-11-12,1104.05
CUST10625,2024-11-21,776.37
CUST10695,2022-02-15,555.97
CUST10675,2023-05-15,1027.01
CUST10848,2024-10-11,909.64
CUST10874,2024-07-01,1820.07
CUST10351,2024-12-04,952.13
CUST10855,2024-09-07,2608.67
CUST10364,2025-05-03,485.13
CUST10730,2024-03-30,502.73
CUST10681,2024-08-24,372.16
CUST10772,2025-05-01,1267.64
CUST10951,2025-04-20,276.83
CUST10944,2024-02-19,1370.55
CUST10256,2024-12-23,501.98
CUST10247,2024-02-22,680.11
CUST10419,2023-05-14,1877.29
CUST10140,2024-06-20,176.37
CUST10770,2024-03-02,1611.46
CUST10226,2021-08-13,1802.02
CUST10699,2023-12-16,252.18
CUST10941,2023-10-19,686.1
CUST10410,2021-12-23,540.09
CUST10639,2023-05-14,124.22
CUST10744,2024-03-10,1007.77
CUST10047,2022-12-24,1641.51
CUST10252,2023-02-15,1149.69
CUST10192,2025-02-02,1395.92
CUST10581,2025-04-22,615.56
CUST10151,2021-07-07,308.08
CUST10580,2025-04-29,986.77
CUST10347,2024-08-05,569.35
CUST10191,2025-04-15,131.83
CUST10960,2023-07-01,562.66
CUST10111,2024-09-30,650.66
CUST10924,2025-02-24,959.41
CUST10789,2025-07-04,830.86
CUST10213,2024-07-31,2776.83
CUST10430,2024-07-18,652.46
CUST10053,2024-02-15,208.06
CUST10951,2025-03-16,876.93
CUST10525,2025-01-26,1233.27
CUST10340,2025-05-22,920.85
CUST10883,2024-09-05,1079.59
CUST10549,2024-12-22,1122.32
CUST10774,2024-09-20,1209.8
CUST10734,2024-04-05,1188.8
CUST10370,2024-08-30,430.92
CUST10357,2022-08-31,204.36
CUST10675,2023-07-02,806.91
CUST10724,2021-01-20,809.23
CUST10447,2024-12-14,862.89
CUST10938,2025-03-31,1440.57
CUST10233,2021-06-17,591.52
CUST10358,2025-03-06,389.64
CUST10951,2025-01-02,749.98
CUST10792,2023-03-02,1449.49
CUST10389,2024-08-17,1005.2
CUST10073,2024-08-30,287.22
CUST10230,2024-11-06,1054.61
CUST10929,2023-03-14,494.48
CUST10867,2023-05-13,2032.4
CUST10479,2022-01-17,160.47
CUST10131,2024-05-25,667.86
CUST10365,2024-07-05,1806.03
CUST10641,2023-08-27,1038.43
CUST10981,2025-06-18,729.13
CUST10377,2025-02-05,1593.7
CUST10094,2024-12-06,311.53
CUST10474,2025-02-15,2548.02
CUST10527,2024-02-13,1180.13
CUST10819,2024-08-14,812.63
CUST10977,2023-09-06,1143.47
CUST10428,2025-01-27,292.11
CUST10386,2025-04-29,1358.69
CUST10796,2023-03-03,509.11
CUST10269,2021-04-04,1521.86
CUST10075,2024-11-11,649.16
CUST10468,2024-09-13,263.73
CUST10478,2021-10-03,1386.84
CUST10680,2024-10-15,715.57
CUST10152,2025-05-17,308.79
CUST10269,2023-08-25,442.65
CUST10720,2024-08-13,456.67
CUST10966,2024-06-14,419.05
CUST10711,2024-12-03,1436.97
CUST10937,2024-06-13,1643.18
CUST10014,2024-07-12,30.85
CUST10803,2025-03-09,1218.89
CUST10963,2024-12-25,1426.41
CUST10540,2024-10-24,199.83
CUST10371,2024-08-20,893.05
CUST10433,2025-07-18,1023.98
CUST10947,2024-09-05,888.36
CUST10242,2024-01-22,1284.07
CUST10878,2023-01-25,132.24
CUST10359,2024-10-02,1570.63
CUST10720,2025-03-06,618.79
CUST10476,2024-08-13,1430.64
CUST10823,2024-10-14,457.1
CUST10339,2022-07-31,144.8
CUST10451,2024-06-22,116.91
CUST10532,2022-11-24,246.55
CUST10770,2024-08-18,1426.71
CUST10011,2023-02-27,417.45
CUST10148,2023-12-15,69.82
CUST10825,2023-11-22,643.41
CUST10735,2025-04-13,340.47
CUST10777,2024-11-30,1707.31
CUST10246,2025-02-19,3000.55
CUST10805,2024-08-02,1956.63
CUST10708,2024-10-17,616.34
CUST10101,2022-03-30,323.03
CUST10230,2023-08-28,386.43
CUST10279,2023-01-27,1058.05
CUST10373,2022-11-25,3131.29
CUST10229,2023-02-25,1094.33
CUST10865,2025-03-16,1286.3
CUST10578,2024-12-26,230.6
CUST10188,2025-01-25,577.01
CUST10985,2024-09-20,709.1
CUST10455,2022-11-17,940.87
CUST10366,2021-09-06,697.74
CUST10376,2025-01-13,1747.12
CUST10854,2023-12-20,824.91
CUST10715,2024-10-13,428.82
CUST10039,2024-06-12,679.72
CUST10719,2025-07-12,1701.21
CUST10687,2023-02-11,775.49
CUST10186,2024-04-14,1240.31
CUST10398,2023-05-27,109.13
CUST10544,2024-09-26,732.41
CUST10361,2025-02-18,1267.6
CUST10355,2023-07-10,268.5
CUST10677,2024-11-19,871.13
CUST10834,2022-06-09,1094.68
CUST10864,2022-03-01,902.71
CUST10565,2025-01-30,630.27
CUST10955,2024-11-29,794.69
CUST10584,2023-05-25,191.88
CUST10418,2025-02-17,1145.13
CUST10309,2024-04-24,214.33
CUST10521,2023-09-11,853.19
CUST10266,2024-01-26,1831.59
CUST10469,2024-05-19,224.7
CUST10084,2025-01-21,739.5
CUST10054,2024-08-23,1671.82
CUST10106,2024-08-07,2117.22
CUST10570,2022-08-26,1663.93
CUST10275,2025-04-14,2027.68
CUST10760,2023-01-30,2427.33
CUST10317,2025-04-13,913.39
CUST10941,2024-07-08,1482.64
CUST10830,2023-11-17,837.07
CUST10217,2022-04-29,907.99
CUST10437,2022-03-10,69.31
CUST10570,2023-02-24,899.47
CUST10599,2024-03-20,946.15
CUST10814,2024-10-18,1686.29
CUST10891,2024-07-01,1248.7
CUST10204,2024-03-25,804.18
CUST10251,2024-10-18,892.19
CUST10285,2022-04-23,903.21
CUST10094,2025-04-06,108.13
CUST10427,2023-05-28,216.55
CUST10401,2024-03-28,1310.29
CUST10696,2022-09-08,1826.79
CUST10518,2023-12-10,284.39
CUST10868,2025-05-09,346.33
CUST10294,2022-10-17,1225.17
CUST10299,2022-11-22,2135.93
CUST10619,2025-05-18,1346.75
CUST10497,2024-06-15,1556.13
CUST10984,2023-10-26,2364.73
CUST10974,2024-07-14,1303.2
CUST10832,2025-07-19,319.28
CUST10845,2021-08-25,425.39
CUST10094,2024-03-05,1900.48
CUST10422,2025-06-10,1773.45
CUST10229,2021-12-17,882.19
CUST10717,2024-02-16,321.6
CUST10204,2024-07-11,1831.45
CUST10493,2025-05-29,568.13
CUST10124,2021-12-23,885.86
CUST10527,2024-09-08,341.32
CUST10994,2024-05-25,2346.66
CUST10367,2022-07-23,629.9
CUST10866,2022-04-23,184.59
CUST10582,2024-05-03,1097.85
CUST10768,2025-01-31,850.32
CUST10884,2024-10-11,1223.74
CUST10556,2024-07-03,944.71
CUST10085,2024-11-10,1922.39
CUST10032,2025-02-23,1099.26
CUST10083,2022-12-26,2165.08
CUST10330,2023-09-01,261.15
CUST10250,2024-11-22,1213.81
CUST10880,2023-08-25,1410.23
CUST10453,2025-06-30,295.63
CUST10092,2024-05-08,419.16
CUST10197,2023-12-21,1623.26
CUST10905,2024-11-23,714.79
CUST10033,2025-04-16,273.06
CUST10451,2025-04-22,759.13
CUST10135,2023-08-02,1522.39
CUST10087,2023-07-22,306.69
CUST10702,2023-05-29,1567.52
CUST10482,2024-10-09,755.07
CUST10066,2025-03-12,594.16
CUST10812,2023-10-19,2537.58
CUST10904,2021-02-03,1238.27
CUST10051,2024-08-09,509.82
CUST10147,2025-05-08,1494.35
CUST10506,2025-04-17,447.07
CUST10128,2023-03-11,1638.91
CUST10706,2024-12-18,1637.79
CUST10506,2023-01-15,698.11
CUST10446,2024-05-21,533.12
CUST10490,2025-01-10,393.29
CUST10301,2023-12-14,2242.23
CUST10011,2024-05-08,228.93
CUST10621,2023-02-12,428.14
CUST10256,2022-10-01,529.08
CUST10557,2024-11-18,1478.82
CUST10648,2022-09-15,738.04
CUST10121,2025-04-04,520.27
CUST10611,2023-06-06,258.42
CUST10914,2024-01-03,355.22
CUST10093,2023-09-07,383.42
CUST10874,2023-12-13,743.32
CUST10641,2021-12-26,727.03
CUST10546,2024-02-01,1186.15
CUST10572,2025-04-01,237.91
CUST10941,2025-06-24,1794.51
CUST10851,2024-08-03,266.83
CUST10632,2025-03-11,1599.5
CUST10374,2024-01-14,213.98
CUST10034,2023-06-01,1254.66
CUST10238,2023-02-21,463.38
CUST10964,2025-03-08,462.01
CUST10552,2024-04-30,1007.68
CUST10682,2022-07-13,406.25
CUST10573,2023-04-23,1220.11
CUST10155,2024-10-03,1226.31
CUST10876,2025-04-11,644.68
CUST10022,2024-06-21,3385.54
CUST10769,2023-04-29,358.69
CUST10949,2023-03-29,965.62
CUST10390,2025-05-09,290.41
CUST10042,2025-05-22,2218.5
CUST10135,2024-04-26,772.1
CUST10341,2025-04-05,604.96
CUST10686,2024-07-05,2081.0
CUST10392,2024-10-15,1055.93
CUST10568,2024-05-01,1928.76
CUST10823,2025-06-20,1344.59
CUST10845,2023-02-12,1082.7
CUST10074,2025-05-02,902.41
CUST10616,2021-08-11,1383.39
CUST10797,2023-09-13,3041.0
CUST10461,2025-06-18,1180.99
CUST10315,2024-01-08,1277.82
CUST10335,2023-07-15,327.47
CUST10211,2025-01-23,400.74
CUST10437,2022-01-19,271.16
CUST10974,2025-03-02,1494.8
CUST10495,2023-11-03,1298.23
CUST10065,2023-05-10,392.81
CUST10389,2024-01-09,465.52
CUST10930,2024-03-16,1005.11
CUST10778,2022-01-16,474.38
CUST10916,2022-08-19,1779.03
CUST10258,2023-08-19,385.42
CUST10855,2024-05-03,269.29
CUST10802,2025-05-26,525.71
CUST10004,2024-06-04,429.33
CUST10665,2022-05-07,319.2
CUST10678,2024-10-06,444.16
CUST10643,2024-01-18,544.37
CUST10941,2023-10-23,302.11
CUST10892,2025-05-23,3376.85
CUST10107,2024-03-14,490.11
CUST10309,2023-10-12,677.25
CUST10748,2025-04-07,119.25
CUST10836,2023-07-28,719.56
CUST10225,2022-09-17,1337.07
CUST10580,2023-12-20,169.07
CUST10591,2024-03-22,1039.65
CUST10387,2025-07-24,833.34
CUST10013,2024-01-09,1266.74
CUST10995,2023-12-26,390.97
CUST10400,2020-12-15,511.46
CUST10077,2023-11-24,287.58
CUST10671,2025-04-10,1740.32
CUST10601,2025-01-14,815.36
CUST10092,2023-01-19,340.12
CUST10863,2024-08-07,1238.63
CUST10249,2025-03-13,1328.16
CUST10064,2024-03-30,1217.61
CUST10429,2022-07-30,4937.08
CUST10880,2024-03-17,1151.09
CUST10870,2025-07-23,1268.07
CUST10539,2023-12-27,513.8
CUST10457,2025-01-19,1147.79
CUST10566,2024-03-15,1882.08
CUST10872,2022-10-08,622.41
CUST10318,2021-02-07,38.36
CUST10516,2025-02-13,562.47
CUST10786,2025-05-27,517.29
CUST10033,2024-11-09,218.64
CUST10147,2024-05-26,386.7
CUST10505,2023-01-23,1061.12
CUST10496,2024-08-17,514.1
CUST10637,2025-03-12,604.45
CUST10376,2023-09-04,1833.47
CUST10153,2025-04-26,563.98
CUST10560,2024-07-03,471.84
CUST10119,2025-01-27,1484.79
CUST10211,2022-10-17,1371.86
CUST10274,2023-12-17,322.5
CUST10555,2023-02-03,1108.33
CUST10803,2024-11-07,1292.49
CUST10014,2024-10-31,1934.16
CUST10508,2023-02-18,998.86
CUST10640,2024-08-04,1419.8
CUST10678,2023-12-30,701.74
CUST10603,2022-06-24,732.78
CUST10463,2023-11-03,557.11
CUST10147,2025-03-25,572.82
CUST10151,2023-02-26,2885.82
CUST10323,2022-09-22,338.47
CUST10409,2024-08-06,1421.69
CUST10452,2020-11-13,567.68
CUST10279,2024-01-30,2608.27
CUST10854,2022-11-26,287.67
CUST10620,2024-11-04,811.23
CUST10469,2023-08-06,119.46
CUST10606,2022-03-09,1556.22
CUST10978,2022-01-05,766.28
CUST10803,2025-05-15,447.4
CUST10894,2024-05-24,1082.68
CUST10379,2023-12-06,549.98
CUST10722,2023-06-18,476.08
CUST10925,2022-06-19,523.7
CUST10406,2023-06-09,588.54
CUST10969,2025-02-16,1460.48
CUST10786,2024-07-15,895.78
CUST10690,2023-11-19,202.36
CUST10632,2024-12-18,132.21
CUST10589,2025-07-27,415.47
CUST10085,2022-08-19,396.28
CUST10022,2024-09-01,823.69
CUST10220,2025-07-27,208.14
CUST10562,2021-11-03,293.07
CUST10228,2023-07-06,811.75
CUST10252,2024-02-15,780.1
CUST10624,2025-07-12,480.08
CUST10688,2022-09-16,882.37
CUST10355,2024-10-25,1074.75
CUST10991,2025-04-21,914.58
CUST10443,2024-07-10,559.43
CUST10570,2021-12-15,617.06
CUST10783,2025-04-04,2735.57
CUST10976,2023-11-10,1449.63
CUST10098,2025-04-02,1047.99
CUST10084,2025-03-29,776.6
CUST10029,2024-03-17,277.52
CUST10796,2024-07-01,1528.91
CUST10239,2024-04-21,733.37
CUST10877,2024-02-28,118.67
CUST10661,2023-08-06,535.87
CUST10339,2025-02-07,1040.77
CUST10245,2024-12-06,233.84
CUST10743,2024-07-05,1584.67
CUST10950,2024-09-23,717.06
CUST10205,2024-02-05,686.18
CUST10541,2025-01-24,1591.57
CUST10167,2021-10-06,1371.4
CUST10562,2024-01-07,1744.51
CUST10086,2022-08-04,1660.64
CUST10522,2023-02-17,579.7
CUST10165,2023-08-11,787.0
CUST10062,2025-01-19,158.29
CUST10307,2021-11-17,1596.34
CUST10652,2025-01-20,508.54
CUST10256,2024-03-15,973.28
CUST10600,2023-08-08,1327.04
CUST10908,2024-09-09,628.2
CUST10726,2024-02-06,1343.67
CUST10699,2023-03-02,661.15
CUST10341,2023-08-12,944.5
CUST10887,2023-07-21,993.05
CUST10909,2024-05-08,492.56
CUST10356,2022-12-30,739.82
CUST10433,2025-06-09,784.55
CUST10380,2022-11-19,974.81
CUST10787,2025-03-03,1222.95
CUST10210,2022-09-24,617.79
CUST10001,2024-11-02,979.11
CUST10627,2023-05-18,2605.03
CUST10595,2023-10-02,1629.74
CUST10511,2025-04-13,607.18
CUST10952,2024-06-18,496.0
CUST10134,2024-07-19,166.38
CUST10182,2023-02-20,1644.05
CUST10390,2024-04-18,1469.31
CUST10002,2024-10-05,2732.29
CUST10186,2025-06-28,3376.28
CUST10017,2023-10-05,1110.23
CUST10271,2022-04-01,888.33
CUST10374,2024-05-30,1428.79
CUST10933,2024-11-08,931.52
CUST10843,2022-09-30,257.01
CUST10791,2021-08-05,1913.59
CUST10223,2024-03-20,1034.79
CUST10416,2021-07-13,648.71
CUST10674,2021-10-09,872.48
CUST10193,2024-03-03,800.08
CUST10820,2023-06-05,681.38
CUST10249,2025-06-19,604.53
CUST10428,2023-09-10,5158.62
CUST10913,2023-06-05,321.21
CUST10677,2025-04-30,457.13
CUST10600,2024-04-07,472.26
CUST10207,2024-11-20,851.31
CUST10425,2023-01-05,1590.52
CUST10584,2024-11-13,588.67
CUST10388,2024-03-26,2791.13
CUST10044,2022-03-21,564.55
CUST10175,2022-11-12,1302.27
CUST10598,2024-11-30,1257.02
CUST10854,2025-05-24,1240.34
CUST10001,2025-03-06,2076.45
CUST10836,2021-04-30,1315.22
CUST10642,2024-10-28,869.54
CUST10212,2023-12-21,1123.69
CUST10102,2024-01-22,1371.26
CUST10058,2023-05-24,443.13
CUST10298,2024-12-14,293.81
CUST10150,2022-07-30,3039.07
CUST10560,2024-07-26,24.55
CUST10402,2024-04-27,689.12
CUST10624,2024-09-09,926.77
CUST10368,2022-02-23,389.87
CUST10188,2024-03-22,291.42
CUST10959,2024-08-10,1186.96
CUST10603,2022-03-26,1717.59
CUST10782,2021-12-08,299.84
CUST10680,2022-08-13,425.6
CUST10172,2025-04-08,1654.16
CUST10167,2024-10-26,467.68
CUST10914,2023-05-22,1206.92
CUST10524,2024-02-21,438.25
CUST10983,2023-08-24,855.17
CUST10839,2024-05-20,1156.19
CUST10982,2023-08-03,2773.52
CUST10150,2024-09-17,2293.63
CUST10511,2025-07-23,724.46
CUST10878,2023-10-16,544.57
CUST10660,2024-04-25,1264.9
CUST10090,2025-06-23,662.77
CUST10928,2024-01-23,1797.62
CUST10458,2023-06-11,1711.46
CUST10187,2023-09-06,695.41
CUST10808,2022-03-30,445.27
CUST10799,2024-10-12,419.21
CUST10294,2022-01-17,1796.91
CUST10273,2025-03-09,20.91
CUST10358,2025-06-10,1208.05
CUST10453,2023-07-08,650.99
CUST10248,2023-10-28,1171.58
CUST10586,2025-02-21,966.96
CUST10721,2025-02-08,564.86
CUST10044,2022-10-08,536.06
CUST10749,2023-06-02,701.44
CUST10234,2022-09-06,2075.7
CUST10666,2022-07-02,254.68
CUST10222,2024-03-02,710.49
CUST10875,2024-01-10,1374.45
CUST10886,2024-09-07,368.32
CUST10825,2022-12-04,2970.75
CUST10804,2024-02-27,1074.98
CUST10275,2023-08-18,1788.7
CUST10245,2024-04-23,1060.54
CUST10831,2024-08-06,1422.21
CUST10766,2022-11-08,366.76
CUST10720,2024-07-16,648.77
CUST10840,2023-08-03,2235.08
CUST10440,2025-02-04,1737.79
CUST10848,2024-04-09,1908.01
CUST10963,2020-11-23,514.99
CUST10896,2024-03-15,1048.68
CUST10754,2023-08-08,807.45
CUST10730,2022-04-01,529.89
CUST10286,2025-03-06,1361.87
CUST10733,2022-10-16,482.82
CUST10933,2024-08-15,421.09
CUST10240,2024-05-27,601.5
CUST10368,2024-10-28,484.5
CUST10863,2024-06-26,755.91
CUST10801,2024-12-02,718.8
CUST10909,2023-12-19,136.59
CUST10501,2025-02-19,1446.26
CUST10900,2025-01-14,560.29
CUST10420,2021-07-13,1086.08
CUST10825,2021-07-06,1595.27
CUST10206,2022-10-22,159.75
CUST10469,2024-03-16,1634.77
CUST10525,2023-08-15,716.82
CUST10692,2024-07-23,1522.46
CUST10542,2024-07-13,838.89
CUST10817,2024-01-09,319.75
CUST10323,2022-02-22,1846.89
CUST10047,2025-04-16,341.55
CUST10238,2023-08-19,387.1
CUST10227,2022-10-03,1564.27
CUST10552,2023-10-10,409.56
CUST10158,2023-08-12,67.78
CUST10433,2025-03-13,1079.62
CUST10126,2022-06-16,1160.53
CUST10557,2024-12-27,188.81
CUST10075,2025-04-16,979.08
CUST10779,2025-06-21,1418.33
CUST10426,2022-02-01,213.68
CUST10952,2023-06-04,2390.63
CUST10436,2022-11-26,567.74
CUST10524,2025-05-22,243.11
CUST10390,2023-09-02,503.69
CUST10615,2022-09-14,1485.24
CUST10469,2023-09-10,106.51
CUST10096,2023-03-25,414.46
CUST10815,2023-11-04,1854.68
CUST10207,2023-07-23,119.6
CUST10060,2025-01-17,1519.51
CUST10400,2021-02-13,217.82
CUST10213,2023-07-18,1236.73
CUST10558,2024-12-10,1348.19
CUST10717,2024-01-17,2310.41
CUST10216,2024-07-27,1444.89
CUST10442,2024-04-09,2440.0
CUST10538,2022-04-25,2120.94
CUST10859,2022-10-18,269.63
CUST10763,2023-08-27,1476.24
CUST10522,2022-03-16,288.86
CUST10733,2023-11-20,214.1
CUST10630,2025-04-20,2404.86
CUST10873,2022-10-14,217.23
CUST10524,2023-07-22,1478.76
CUST10617,2023-09-04,2939.39
CUST10482,2024-12-10,150.93
CUST10770,2024-03-29,471.43
CUST10383,2023-09-27,945.97
CUST10655,2024-11-10,800.09
CUST10993,2024-01-18,3296.96
CUST10107,2024-08-19,336.47
CUST10385,2024-03-15,222.85
CUST10651,2025-01-13,908.8
CUST10960,2024-02-29,812.25
CUST10694,2024-07-04,657.72
CUST10780,2024-06-06,997.96
CUST10301,2024-08-28,484.3
CUST10520,2023-06-19,2019.14
CUST10814,2024-09-11,294.41
CUST10975,2025-03-29,787.33
CUST10376,2023-07-31,1824.77
CUST10320,2024-03-06,854.66
CUST10876,2024-06-29,394.74
CUST10180,2022-01-05,416.65
CUST10898,2023-10-31,3883.66
CUST10869,2024-07-15,986.05
CUST10431,2023-06-05,1706.84
CUST10679,2024-12-26,2437.35
CUST10814,2023-09-08,2912.25
CUST10555,2024-01-07,127.21
CUST10252,2025-03-27,484.27
CUST10978,2023-09-18,623.71
CUST10194,2025-03-31,198.59
CUST10076,2021-10-23,455.11
CUST10875,2024-12-29,1354.3
CUST10232,2025-04-11,228.16
CUST10087,2024-01-25,3618.22
CUST10260,2022-06-25,3037.13
CUST10698,2025-01-02,555.75
CUST10430,2024-09-04,1296.55
CUST10758,2021-09-26,831.27
CUST10228,2022-04-09,1184.8
CUST10504,2024-07-08,590.0
CUST10656,2024-10-26,255.22
CUST10262,2023-10-12,354.23
CUST10881,2025-02-18,694.91
CUST10034,2023-09-27,1444.03
CUST10958,2024-03-02,1039.83
CUST10403,2021-09-19,2697.17
CUST10352,2023-10-11,320.1
CUST10411,2024-12-03,1432.9
CUST10944,2024-05-03,1272.86
CUST10475,2024-08-22,1466.12
CUST10426,2023-01-20,551.55
CUST10209,2025-03-13,331.6
CUST10055,2021-03-21,736.25
CUST10292,2025-02-28,2532.0
CUST10939,2024-05-29,520.23
CUST10237,2024-03-20,384.68
CUST10154,2022-01-28,477.79
CUST10146,2025-01-26,1543.56
CUST10957,2025-02-07,799.22
CUST10344,2023-07-03,1012.54
CUST10674,2021-06-22,828.45
CUST10895,2024-05-12,1067.21
CUST10674,2024-10-01,651.11
CUST10893,2025-07-10,128.0
CUST10762,2024-08-07,2495.15
CUST10553,2023-07-07,688.85
CUST10920,2025-05-26,600.06
CUST10693,2025-01-12,340.35
CUST10303,2023-08-06,1301.65
CUST10625,2021-10-27,80.51
CUST10992,2024-06-24,324.25
CUST10595,2022-12-31,996.51
CUST10931,2023-04-22,510.55
CUST10462,2022-03-21,181.1
CUST10435,2021-06-14,291.16
CUST10690,2023-12-11,1551.05
CUST10308,2025-07-22,781.57
CUST10383,2025-05-25,285.15
CUST10752,2021-07-11,1263.52
CUST10320,2024-02-13,2502.46
CUST10265,2023-10-10,415.18
CUST10232,2022-03-16,1966.07
CUST10464,2024-07-09,617.06
CUST10403,2023-07-05,883.59
CUST10983,2021-07-10,392.95
CUST10762,2024-09-09,326.78
CUST10337,2022-11-25,1039.28
CUST10039,2024-05-04,1496.26
CUST10592,2024-11-05,979.81
CUST10796,2025-05-06,2328.4
CUST10215,2024-03-24,151.26
CUST10818,2021-01-18,2350.33
CUST10795,2023-10-11,454.42
CUST10697,2025-06-07,825.41
CUST10097,2021-05-15,1496.54
CUST10675,2025-02-22,70.95
CUST10640,2024-11-05,1450.3
CUST10139,2023-04-30,1327.43
CUST10253,2022-10-01,519.75
CUST10360,2023-10-01,3764.02
CUST10901,2022-11-16,645.0
CUST10147,2025-01-03,732.05
CUST10733,2024-06-10,857.84
CUST10512,2025-02-18,575.8
CUST10889,2023-11-01,871.07
CUST10457,2024-11-09,836.7
CUST10772,2025-06-06,274.14
CUST10408,2023-11-27,416.86
CUST10256,2024-10-06,753.56
CUST10012,2023-09-10,444.74
CUST10426,2021-10-23,775.98
CUST10323,2022-06-02,109.71
CUST10886,2025-05-12,555.82
CUST10146,2024-09-24,1265.48
CUST10326,2022-11-11,199.46
CUST10070,2024-12-16,1650.29
CUST10211,2022-10-19,206.52
CUST10965,2024-06-13,224.46
CUST10395,2024-08-10,495.58
CUST10215,2025-05-07,734.79
CUST10409,2022-12-26,365.38
CUST10629,2024-03-16,720.43
CUST10522,2024-11-30,385.21
CUST10565,2022-07-17,735.14
CUST10092,2024-11-15,848.77
CUST10693,2022-07-27,133.94
CUST10652,2024-04-15,857.26
CUST10479,2023-11-04,261.27
CUST10990,2025-02-05,310.73
CUST10216,2022-07-18,667.49
CUST10115,2022-09-11,945.85
CUST10141,2023-09-19,1146.3
CUST10831,2022-12-03,847.29
CUST10950,2024-11-08,22.54
CUST10389,2022-08-10,648.51
CUST10939,2022-08-11,64.39
CUST10114,2023-12-14,126.92
CUST10395,2024-03-18,848.01
CUST10789,2023-07-13,1188.99
CUST10529,2023-11-22,1548.68
CUST10991,2024-06-12,955.43
CUST10602,2025-01-27,234.56
CUST10743,2024-01-23,258.5
CUST10852,2022-04-10,283.61
CUST10819,2023-12-31,1758.54
CUST10886,2023-10-28,1473.32
CUST10864,2023-03-02,1256.97
CUST10776,2023-11-11,1814.45
CUST10839,2023-12-25,1301.37
CUST10250,2024-07-16,674.24
CUST10478,2022-03-24,372.4
CUST10790,2023-04-04,414.35
CUST10494,2024-03-09,871.46
CUST10556,2022-10-21,1573.58
CUST10083,2022-07-31,1117.44
CUST10165,2024-12-14,652.35
CUST10772,2023-06-27,86.1
CUST10005,2022-12-01,380.39
CUST10928,2024-02-26,270.24
CUST10361,2025-01-23,601.53
CUST10976,2023-11-16,1033.53
CUST10057,2022-08-18,1450.8
CUST10970,2025-03-24,1543.5
CUST10578,2024-04-19,421.25
CUST10470,2025-04-12,915.17
CUST10139,2024-07-25,150.73
CUST10773,2024-03-18,1289.42
CUST10511,2025-02-07,1104.82
CUST10392,2023-09-01,862.21
CUST10206,2023-01-21,308.86
CUST10870,2024-12-11,118.51
CUST10744,2021-12-17,976.28
CUST10193,2025-03-16,204.43
CUST10617,2025-03-08,1164.3
CUST10062,2023-10-08,1154.04
CUST10348,2025-04-09,1689.31
CUST10201,2025-01-05,171.44
CUST10490,2024-11-08,352.88
CUST10287,2023-11-24,285.29
CUST10763,2024-06-26,600.14
CUST10182,2021-01-10,2050.87
CUST10561,2024-04-06,772.79
CUST10509,2023-09-14,1837.82
CUST10517,2025-01-11,451.31
CUST10760,2024-03-08,549.78
CUST10869,2023-07-12,136.59
CUST10540,2022-07-08,1371.88
CUST10427,2022-08-26,670.9
CUST10937,2022-11-24,1200.38
CUST10049,2022-06-15,987.73
CUST10158,2023-12-07,771.16
CUST10196,2024-06-08,670.83
CUST10010,2024-12-18,709.41
CUST10858,2025-06-13,604.75
CUST10314,2023-11-08,1633.65
CUST10428,2023-10-06,716.73
CUST10710,2025-07-17,854.11
CUST10073,2024-10-02,169.86
CUST10188,2024-12-02,1326.2
CUST10663,2024-07-23,759.08
CUST10024,2022-05-10,384.57
CUST10385,2023-09-04,478.6
CUST10296,2022-02-27,660.49
CUST10522,2021-10-11,431.86
CUST10918,2021-10-26,1179.7
CUST10151,2024-03-02,1098.77
CUST10292,2025-02-18,1516.6
CUST10141,2024-11-30,2840.57
CUST10174,2025-06-07,1904.46
CUST10941,2024-10-06,159.28
CUST10305,2024-12-30,400.08
CUST10954,2025-03-07,1952.51
CUST10520,2024-01-13,143.81
CUST10239,2025-06-19,477.08
CUST10813,2022-11-27,1026.03
CUST10825,2024-08-14,812.54
CUST10683,2025-02-09,474.07
CUST10315,2022-10-12,257.08
CUST10886,2024-05-09,1493.06
CUST10829,2022-08-29,1192.25
CUST10459,2025-03-10,126.25
CUST10637,2025-01-19,1102.2
CUST10216,2022-05-12,744.4
CUST10520,2023-10-29,1321.69
CUST10199,2022-05-28,1088.66
CUST10718,2025-07-29,1551.25
CUST10053,2024-07-07,908.04
CUST10210,2022-07-29,280.2
CUST10620,2024-11-19,1649.6
CUST10385,2025-01-18,1097.35
CUST10335,2025-01-04,2342.11
CUST10993,2023-11-07,898.09
CUST10364,2025-04-27,1769.82
CUST10675,2023-08-29,2616.34
CUST10392,2024-10-31,960.3
CUST10787,2025-07-16,1759.55
CUST10045,2023-08-02,702.67
CUST10688,2021-11-18,368.33
CUST10404,2023-09-26,696.19
CUST10090,2022-11-10,1261.78
CUST10161,2022-10-16,824.56
CUST10505,2024-04-01,2056.0
CUST10157,2023-04-29,1108.45
CUST10360,2024-05-16,1295.58
CUST10917,2023-09-28,781.36
CUST10316,2025-02-01,653.05
CUST10185,2025-06-24,797.49
CUST10041,2023-03-08,260.6
CUST10709,2022-07-24,362.44
CUST10493,2021-06-18,1775.24
CUST10472,2025-06-26,1060.5
CUST10364,2024-10-22,83.28
CUST10353,2024-08-13,262.03
CUST10355,2025-01-09,244.86
CUST10993,2021-10-25,589.68
CUST10634,2024-05-07,789.06
CUST10527,2024-11-24,1034.92
CUST10762,2024-08-20,1318.89
CUST10943,2024-11-05,83.14
CUST10552,2023-04-07,1281.96
CUST10222,2024-10-19,510.04
CUST10796,2024-03-12,1623.02
CUST10556,2024-03-16,176.8
CUST10136,2022-09-27,701.07
CUST10247,2024-12-08,1361.35
CUST10424,2024-12-02,1155.21
CUST10819,2023-07-24,953.35
CUST10684,2025-02-06,485.35
CUST10064,2024-07-13,2288.3
CUST10970,2022-06-19,938.89
CUST10245,2024-03-17,209.83
CUST10263,2023-04-01,959.83
CUST10968,2023-04-05,1602.09
CUST10306,2022-04-26,1782.56
CUST10547,2024-09-23,704.37
CUST10922,2024-07-21,442.76
CUST10474,2024-07-21,623.09
CUST10924,2025-06-05,1239.61
CUST10342,2021-12-05,300.83
CUST10644,2023-10-20,601.5
CUST10453,2023-01-07,458.26
CUST10996,2022-10-13,735.03
CUST10016,2024-01-04,1551.14
CUST10503,2025-06-08,758.36
CUST10720,2024-07-11,368.54
CUST10499,2024-06-17,501.3
CUST10971,2025-07-17,1420.55
CUST10135,2024-12-11,785.88
CUST10027,2025-04-28,3079.09
CUST10435,2022-02-05,1063.33
CUST10396,2024-01-27,607.01
CUST10191,2022-05-08,341.07
CUST10292,2023-07-26,1913.69
CUST10574,2023-10-05,847.91
CUST10705,2024-09-15,388.05
CUST10386,2024-09-06,1733.17
CUST10195,2025-01-23,223.15
CUST10894,2024-05-15,2165.55
CUST10605,2024-03-25,765.54
CUST10688,2024-04-18,1256.32
CUST10408,2024-06-20,1137.98
CUST10822,2025-07-13,510.22
CUST10758,2021-06-04,901.72
CUST10714,2024-08-24,400.56
CUST10026,2022-12-28,1962.55
CUST10249,2024-06-15,541.47
CUST10658,2022-04-23,1715.41
CUST10495,2025-03-15,1253.13
CUST10902,2025-05-25,429.44
CUST10348,2024-07-24,2325.89
CUST10371,2024-12-02,837.72
CUST10455,2022-04-17,960.14
CUST10316,2025-03-21,235.88
CUST10080,2025-02-05,660.68
CUST10976,2023-12-22,638.3
CUST10880,2021-09-04,1553.55
CUST10059,2022-12-02,649.33
CUST10989,2022-03-23,618.21
CUST10531,2023-10-29,522.18
CUST10965,2023-02-11,289.48
CUST10322,2024-05-04,492.15
CUST10161,2023-12-09,2093.94
CUST10139,2024-12-06,365.52
CUST10054,2022-06-23,1156.59
CUST10370,2024-08-25,459.91
CUST10483,2023-10-18,44.38
CUST10247,2024-01-11,775.9
CUST10874,2024-04-10,232.28
CUST10907,2025-03-01,774.51
CUST10624,2024-10-01,2496.92
CUST10941,2024-03-03,387.55
CUST10658,2024-12-15,1364.26
CUST10727,2022-05-18,775.14
CUST10043,2025-07-01,118.04
CUST10845,2021-08-19,1257.0
CUST10035,2021-08-13,479.63
CUST10014,2024-10-31,1094.1
CUST10957,2025-03-29,1276.63
CUST10996,2024-05-24,156.8
CUST10488,2025-03-06,329.46
CUST10916,2025-01-23,1502.48
CUST10469,2025-05-16,1158.89
CUST10837,2022-08-07,1090.95
CUST10478,2025-07-02,591.03
CUST10787,2025-07-18,1373.26
CUST10439,2025-02-09,1057.51
CUST10248,2023-09-12,445.37
CUST10415,2022-08-22,170.41
CUST10180,2022-11-08,1279.59
CUST10106,2024-08-07,1022.51
CUST10248,2023-01-02,61.2
CUST10291,2024-07-10,4444.15
CUST10311,2024-12-12,1495.31
CUST10235,2024-11-19,892.06
CUST10025,2024-03-20,1736.09
CUST10108,2021-10-16,471.77
CUST10210,2023-05-29,1385.63
CUST10439,2024-04-04,1378.67
CUST10943,2024-06-29,1333.8
CUST10680,2022-09-29,511.18
CUST10292,2024-08-18,662.95
CUST10927,2024-12-24,1220.57
CUST10507,2024-12-31,1775.35
CUST10772,2024-06-17,1418.5
CUST10287,2024-10-08,982.03
CUST10815,2024-01-21,424.23
CUST10965,2022-09-21,913.63
CUST10313,2024-10-13,725.74
CUST10112,2023-11-23,1511.75
CUST10646,2022-03-26,403.57
CUST10477,2023-10-28,388.28
CUST10142,2023-06-23,326.65
CUST10287,2025-03-05,2893.17
CUST10320,2024-05-25,1985.23
CUST10806,2024-08-26,3674.56
CUST10318,2021-02-01,131.76
CUST10851,2025-04-24,933.14
CUST10601,2025-06-16,525.7
CUST10552,2023-06-11,720.75
CUST10347,2024-11-30,1865.48
CUST10036,2025-02-05,1317.63
CUST10304,2024-11-01,574.47
CUST10201,2024-11-29,536.03
CUST10261,2021-04-22,1312.28
CUST10475,2025-02-26,499.56
CUST10514,2024-01-19,1133.43
CUST10740,2023-09-06,1061.96
CUST10982,2025-03-07,1468.58
CUST10860,2025-02-04,1022.81
CUST10543,2025-04-30,785.27
CUST10228,2023-06-13,536.88
CUST10772,2023-05-22,627.88
CUST10003,2023-10-20,767.0
CUST10320,2023-09-08,746.86
CUST10956,2024-04-21,3985.18
CUST10467,2024-11-02,477.45
CUST10113,2023-02-21,1027.13
CUST10066,2024-03-08,499.39
CUST10436,2023-10-24,1398.77
CUST10361,2023-08-30,381.82
CUST10258,2022-12-24,884.25
CUST10043,2021-04-27,113.69
CUST10143,2020-12-30,1262.72
CUST10709,2022-02-02,418.36
CUST10716,2024-10-22,754.68
CUST10665,2023-07-13,1308.29
CUST10516,2022-05-12,1230.43
CUST10312,2024-11-10,1051.36
CUST10383,2025-06-27,1434.88
CUST10800,2022-11-13,817.53
CUST10351,2025-02-28,2212.95
CUST10408,2025-05-23,1020.63
CUST10928,2025-06-01,1432.64
CUST10183,2024-02-13,89.27
CUST10885,2024-01-20,1521.08
CUST10797,2023-04-11,2552.69
CUST10053,2024-04-16,2015.83
CUST10479,2022-03-26,579.82
CUST10860,2024-03-30,983.72
CUST10334,2022-04-03,224.82
CUST10167,2023-06-23,937.79
CUST10615,2024-02-11,372.08
CUST10234,2025-06-04,837.2
CUST10834,2022-05-17,2685.97
CUST10491,2022-08-07,1269.47
CUST10166,2023-10-06,2357.56
CUST10636,2023-01-19,819.55
CUST10436,2025-05-09,1093.63
CUST10559,2023-09-25,180.36
CUST10407,2025-05-30,834.23
CUST10112,2022-02-24,1354.78
CUST10319,2024-04-16,473.37
CUST10923,2025-02-07,222.66
CUST10779,2022-12-09,748.31
CUST10093,2023-08-12,1228.29
CUST10627,2023-04-23,110.93
CUST10470,2023-09-18,803.81
CUST10996,2024-06-18,593.31
CUST10884,2024-07-13,1122.58
CUST10166,2025-07-12,1374.86
CUST10603,2022-12-13,1548.81
CUST10965,2025-02-05,1044.43
CUST10445,2025-06-19,1659.37
CUST10502,2020-12-12,1554.03
CUST10654,2023-09-22,2016.76
CUST10143,2024-06-13,349.79
CUST10759,2024-06-30,1742.74
CUST10064,2025-03-24,828.8
CUST10031,2024-11-08,2173.34
CUST10571,2021-05-27,566.34
CUST10716,2024-04-11,768.61
CUST10546,2022-12-05,2247.41
CUST10490,2024-08-15,494.78
CUST10584,2024-01-21,473.11
CUST10614,2024-02-22,418.81
CUST10551,2025-05-15,748.92
CUST10135,2025-07-20,196.85
CUST10244,2022-09-18,308.44
CUST10045,2024-05-12,3036.06
CUST10920,2023-09-02,436.75
CUST10550,2023-10-15,446.19
CUST10813,2022-11-01,1634.63
CUST10308,2020-12-23,1573.31
CUST10423,2024-11-30,832.41
CUST10826,2023-02-24,908.62
CUST10700,2024-03-16,1173.48
CUST10992,2025-02-19,206.53
CUST10585,2024-06-11,728.49
CUST10898,2025-05-21,982.27
CUST10943,2024-11-12,3174.06
CUST10474,2024-07-10,1264.07
CUST10263,2021-07-17,198.25
CUST10583,2023-06-19,55.13
CUST10357,2021-03-03,1651.82
CUST10565,2022-05-09,856.01
CUST10341,2022-08-03,271.89
CUST10528,2024-02-13,2522.24
CUST10374,2024-12-08,1334.56
CUST10580,2022-12-14,416.03
CUST10034,2023-01-19,941.67
CUST10184,2024-12-17,2585.19
CUST10437,2022-06-17,257.52
CUST10227,2025-07-26,1365.89
CUST10508,2024-07-27,751.02
CUST10835,2024-10-22,2111.29
CUST10996,2023-03-04,1717.03
CUST10646,2023-11-01,1864.2
CUST10380,2023-07-17,1785.03
CUST10673,2024-07-06,2503.17
CUST10259,2024-11-12,282.16
CUST10743,2023-06-23,81.72
CUST10985,2024-07-05,883.79
CUST10760,2024-03-24,1464.54
CUST10774,2025-02-15,541.62
CUST10248,2023-03-05,275.43
CUST10067,2022-08-25,660.3
CUST10631,2024-10-07,390.59
CUST10265,2023-01-26,988.63
CUST10866,2025-03-21,3343.78
CUST10299,2023-04-15,828.05
CUST10525,2023-08-07,1198.63
CUST10791,2022-09-18,2115.05
CUST10034,2021-11-18,1131.18
CUST10300,2023-03-30,1112.81
CUST10489,2025-07-18,1068.61
CUST10945,2023-05-08,845.5
CUST10493,2025-05-19,3057.85
CUST10723,2024-09-10,83.4
CUST10887,2025-01-31,410.46
CUST10167,2023-07-28,461.32
CUST10867,2024-06-02,1384.58
CUST10094,2024-05-27,493.3
CUST10689,2023-10-30,342.73
CUST10601,2024-09-15,344.86
CUST10543,2024-09-17,641.65
CUST10931,2024-02-28,314.57
CUST10560,2024-10-31,1314.87
CUST10203,2022-01-26,1140.78
CUST10051,2024-08-03,125.41
CUST10585,2025-03-23,1216.4
CUST10595,2022-04-13,605.33
CUST10535,2022-11-30,841.33
CUST10347,2025-07-27,3334.41
CUST10292,2022-10-20,764.0
CUST10067,2024-04-25,3300.56
CUST10568,2024-05-02,497.44
CUST10617,2022-05-30,942.42
CUST10231,2025-03-08,1381.3
CUST10606,2025-04-20,1093.39
CUST10671,2023-12-13,2438.62
CUST10173,2024-04-05,226.75
CUST10148,2023-09-02,346.54
CUST10697,2022-06-27,496.25
CUST10736,2021-03-21,1244.57
CUST10443,2023-02-27,169.98
CUST10646,2024-04-10,303.79
CUST10627,2023-06-29,94.95
CUST10983,2021-04-25,399.64
CUST10321,2023-05-06,1042.89
CUST10648,2022-06-25,1200.08
CUST10964,2021-12-30,489.41
CUST10726,2023-04-14,2774.88
CUST10204,2023-09-29,1592.1
CUST10620,2024-07-07,1631.95
CUST10960,2023-12-09,1225.1
CUST10796,2025-06-02,1387.57
CUST10476,2024-11-07,848.45
CUST10682,2021-06-08,73.26
CUST10942,2023-07-06,745.58
CUST10988,2024-08-07,514.78
CUST10189,2023-07-25,866.17
CUST10905,2025-05-10,614.71
CUST10000,2024-05-31,92.16
CUST10782,2024-02-04,2768.62
CUST10207,2022-06-25,700.75
CUST10051,2024-10-14,1270.33
CUST10017,2024-12-06,120.91
CUST10078,2023-06-27,1186.51
CUST10396,2024-10-29,183.59
CUST10803,2024-05-17,1410.96
CUST10370,2024-12-07,677.06
CUST10921,2024-05-08,1228.26
CUST10447,2021-10-15,336.59
CUST10192,2023-12-18,877.49
CUST10937,2023-01-16,313.81
CUST10859,2023-10-06,1528.04
CUST10165,2024-12-21,1370.92
CUST10005,2022-05-19,1029.11
CUST10837,2023-10-27,1426.06
CUST10436,2024-11-08,1008.99
CUST10032,2023-12-11,1652.4
CUST10251,2025-05-29,328.46
CUST10063,2025-02-26,718.3
CUST10926,2022-04-17,1354.54
CUST10402,2022-05-31,54.17
CUST10115,2022-08-04,1402.29
CUST10378,2024-10-09,185.67
CUST10383,2024-06-19,51.16
CUST10565,2025-01-31,2307.46
CUST10863,2023-11-21,1296.94
CUST10839,2023-06-27,17.64
CUST10615,2022-07-08,752.99
CUST10136,2025-06-12,199.82
CUST10875,2024-04-11,359.55
CUST10389,2022-09-02,1192.41
CUST10535,2023-04-24,511.61
CUST10654,2023-04-04,1868.02
CUST10096,2025-03-26,453.17
CUST10762,2024-10-11,428.15
CUST10325,2023-10-25,360.34
CUST10501,2024-09-01,1074.49
CUST10647,2023-03-19,1675.97
CUST10003,2025-04-04,184.94
CUST10478,2024-12-12,1504.08
CUST10240,2024-09-22,833.85
CUST10413,2022-07-20,3281.36
CUST10575,2021-09-29,982.64
CUST10081,2023-03-07,191.44
CUST10443,2025-03-29,1685.05
CUST10868,2024-11-02,1029.89
CUST10615,2024-11-10,760.11
CUST10603,2022-11-10,91.22
CUST10385,2021-04-14,62.35
CUST10019,2023-07-29,1239.8
CUST10352,2023-08-29,671.35
CUST10527,2024-09-24,395.95
CUST10300,2022-04-23,846.93
CUST10237,2025-07-02,110.1
CUST10407,2023-08-10,2702.25
CUST10508,2024-01-02,565.44
CUST10983,2024-09-09,811.91
CUST10413,2022-03-23,564.18
CUST10378,2023-10-30,607.0
CUST10051,2025-03-08,1091.04
CUST10862,2023-07-11,1329.25
CUST10063,2022-02-04,1279.01
CUST10417,2023-01-30,1239.3
CUST10620,2024-11-11,353.78
CUST10438,2025-07-06,2904.57
CUST10601,2024-04-25,1315.41
CUST10944,2023-01-29,3306.38
CUST10160,2022-03-24,375.91
CUST10707,2024-03-07,187.93
CUST10148,2023-12-07,2880.24
CUST10338,2025-07-10,1114.53
CUST10195,2024-04-16,1382.24
CUST10144,2025-06-24,187.55
CUST10503,2022-11-30,4298.96
CUST10935,2025-06-13,1249.61
CUST10423,2023-02-28,2785.71
CUST10321,2025-02-14,1072.14
CUST10772,2024-07-09,992.45
CUST10790,2024-05-09,127.07
CUST10006,2023-02-10,975.55
CUST10906,2021-08-14,1227.15
CUST10374,2025-05-28,135.26
CUST10381,2023-12-23,1197.71
CUST10980,2024-02-21,839.81
CUST10371,2024-04-30,1043.56
CUST10747,2023-05-24,1080.87
CUST10082,2024-11-29,233.95
CUST10802,2024-06-04,788.79
CUST10769,2023-12-05,686.29
CUST10392,2025-07-18,2224.3
CUST10134,2024-04-23,460.7
CUST10732,2022-05-27,1042.44
CUST10660,2023-03-05,3039.06
CUST10971,2025-03-17,199.75
CUST10037,2022-10-16,975.1
CUST10894,2024-10-16,844.49
CUST10144,2024-10-25,951.77
CUST10050,2024-12-29,1944.33
CUST10750,2025-03-02,861.8
CUST10316,2025-04-17,560.12
CUST10270,2022-10-17,817.65
CUST10340,2023-04-18,914.06
CUST10041,2024-01-22,451.2
CUST10081,2022-04-11,809.42
CUST10130,2025-02-12,1289.82
CUST10140,2025-04-02,1247.3
CUST10245,2023-10-14,1657.4
CUST10325,2024-03-23,656.19
CUST10986,2023-11-28,113.57
CUST10215,2023-05-01,1170.74
CUST10772,2024-04-28,1615.19
CUST10161,2024-10-07,2525.9
CUST10454,2021-04-29,501.26
CUST10203,2023-02-03,561.88
CUST10418,2024-03-04,376.15
CUST10381,2025-05-20,1477.06
CUST10134,2023-11-22,237.68
CUST10318,2023-06-12,590.19
CUST10803,2024-05-14,1391.07
CUST10607,2023-12-21,286.67
CUST10187,2024-09-04,1826.86
CUST10471,2025-03-26,2226.3
CUST10025,2025-06-26,613.2
CUST10587,2025-07-19,1415.07
CUST10182,2023-08-28,1469.18
CUST10751,2022-04-28,870.57
CUST10969,2024-12-31,1911.71
CUST10641,2025-06-29,768.53
CUST10124,2021-08-06,960.21
CUST10032,2023-11-07,263.52
CUST10764,2023-06-26,903.06
CUST10144,2025-02-19,698.18
CUST10424,2023-09-03,632.63
CUST10675,2025-01-03,1049.62
CUST10298,2025-06-25,341.15
CUST10525,2024-03-28,1224.77
CUST10772,2023-01-30,1258.41
CUST10217,2024-09-04,992.99
CUST10058,2024-07-14,432.46
CUST10919,2024-07-27,356.71
CUST10072,2023-05-13,922.38
CUST10617,2023-10-23,1753.09
CUST10986,2024-03-20,745.78
CUST10537,2025-01-24,2979.07
CUST10794,2021-07-30,1359.15
CUST10525,2020-11-09,779.48
CUST10553,2025-04-09,853.8
CUST10936,2025-03-28,845.66
CUST10955,2023-08-02,550.63
CUST10726,2023-03-22,1159.18
CUST10434,2022-05-03,757.95
CUST10749,2021-12-21,1107.81
CUST10274,2024-10-09,1163.77
CUST10709,2023-01-11,1030.23
CUST10481,2022-05-06,3482.89
CUST10572,2025-07-17,253.4
CUST10451,2024-06-16,1602.48
CUST10476,2025-01-10,989.61
CUST10662,2024-07-21,804.5
CUST10593,2025-06-14,344.25
CUST10634,2025-01-26,451.4
CUST10926,2024-03-09,854.32
CUST10083,2024-05-05,1069.86
CUST10578,2022-07-10,831.92
CUST10351,2024-11-21,2752.33
CUST10108,2025-06-01,852.35
CUST10892,2024-04-18,578.3
CUST10307,2024-10-10,298.86
CUST10234,2021-01-10,100.83
CUST10798,2023-12-24,1119.24
CUST10045,2023-08-21,4105.93
CUST10243,2024-06-19,735.55
CUST10118,2025-01-03,2149.19
CUST10210,2023-06-18,305.17
CUST10183,2023-08-27,752.25
CUST10671,2023-06-28,1370.69
CUST10770,2024-12-14,1309.62
CUST10402,2020-12-09,767.64
CUST10771,2023-12-24,1368.08
CUST10839,2023-09-24,190.37
CUST10911,2024-09-08,1283.46
CUST10414,2022-04-24,1320.42
CUST10648,2023-03-29,2684.56
CUST10131,2024-12-27,1194.29
CUST10846,2021-07-20,1364.66
CUST10578,2022-09-07,772.25
CUST10236,2021-06-22,173.88
CUST10575,2021-08-14,779.01
CUST10657,2023-03-29,613.18
CUST10211,2024-04-01,1024.02
CUST10499,2023-03-08,199.07
CUST10895,2022-05-19,659.37
CUST10706,2024-01-04,632.58
CUST10601,2024-05-25,971.65
CUST10927,2024-04-29,1646.08
CUST10657,2025-03-25,2802.44
CUST10157,2022-09-23,681.43
CUST10702,2023-06-22,621.86
CUST10989,2022-04-22,810.17
CUST10758,2024-10-23,195.66
CUST10643,2023-12-17,689.93
CUST10775,2025-05-01,1276.18
CUST10119,2025-01-09,2861.88
CUST10392,2024-11-03,732.07
CUST10455,2021-11-14,1668.86
CUST10367,2022-12-25,1306.57
CUST10687,2023-08-14,2310.95
CUST10021,2024-12-22,1660.75
CUST10979,2024-06-23,932.43
CUST10616,2025-02-12,414.85
CUST10824,2025-01-10,1014.92
CUST10492,2024-06-16,393.25
CUST10652,2025-01-05,72.69
CUST10499,2023-02-19,347.42
CUST10789,2024-10-19,554.59
CUST10060,2021-09-29,577.1
CUST10255,2024-02-29,978.05
CUST10624,2024-12-28,602.23
CUST10919,2025-05-05,1377.48
CUST10290,2024-04-26,876.28
CUST10177,2025-06-02,695.04
CUST10518,2024-02-21,567.75
CUST10623,2024-05-25,332.14
CUST10480,2024-10-18,766.46
CUST10069,2023-10-02,312.91
CUST10767,2022-09-24,3274.75
CUST10879,2024-10-29,2305.37
CUST10325,2023-09-12,1578.5
CUST10088,2024-06-11,805.17
CUST10983,2021-10-28,1250.73
CUST10851,2025-03-13,2303.46
CUST10267,2023-08-13,489.08
CUST10713,2022-07-06,965.11
CUST10831,2022-11-06,318.9
CUST10532,2024-04-07,1598.21
CUST10309,2023-11-02,1190.32
CUST10869,2024-02-11,1111.79
CUST10690,2025-04-23,1749.11
CUST10132,2022-11-20,538.1
CUST10557,2025-04-12,1712.23
CUST10954,2025-01-17,1897.86
CUST10653,2022-12-03,894.67
CUST10060,2022-09-24,1282.25
CUST10322,2025-05-17,696.93
CUST10081,2025-01-23,1487.36
CUST10150,2024-12-23,313.53
CUST10512,2024-08-07,2826.84
CUST10942,2025-03-17,496.1
CUST10716,2025-04-17,599.97
CUST10133,2023-07-25,222.36
CUST10176,2023-05-29,886.4
CUST10681,2024-12-18,891.87
CUST10793,2022-01-23,571.46
CUST10025,2024-09-03,410.51
CUST10630,2025-07-10,653.49
CUST10547,2024-07-02,1691.01
CUST10000,2024-05-31,1153.74
CUST10062,2022-11-03,2256.11
CUST10070,2025-06-12,1992.8
CUST10773,2024-11-02,1645.66
CUST10552,2023-02-24,931.94
CUST10369,2024-02-11,1234.33
CUST10943,2025-07-02,232.6
CUST10488,2023-02-03,535.61
CUST10049,2023-06-21,1309.22
CUST10702,2024-04-24,2954.41
CUST10886,2024-01-20,1018.31
CUST10537,2024-03-15,2643.91
CUST10663,2023-02-11,1183.34
CUST10688,2025-01-20,514.01
CUST10546,2022-11-18,1782.73
CUST10079,2023-09-28,915.9
CUST10470,2024-12-21,1518.91
CUST10465,2024-08-29,820.67
CUST10580,2024-08-31,163.72
CUST10938,2022-09-10,191.41
CUST10688,2021-12-26,1044.92
CUST10018,2023-10-16,499.31
CUST10282,2023-03-15,997.11
CUST10364,2025-07-06,79.19
CUST10459,2024-01-29,1452.52
CUST10082,2025-03-26,1080.49
CUST10355,2022-06-05,958.37
CUST10065,2024-05-24,866.95
CUST10179,2023-10-25,1140.08
CUST10181,2022-11-09,1139.65
CUST10775,2023-11-05,1458.8
CUST10587,2025-01-26,968.51
CUST10004,2023-08-31,975.5
CUST10590,2024-03-14,990.78
CUST10404,2025-03-16,609.98
CUST10198,2025-03-14,516.95
CUST10582,2023-09-30,3474.54
CUST10685,2023-11-05,1663.98
CUST10229,2021-05-27,1070.77
CUST10966,2024-09-24,1359.52
CUST10158,2024-11-04,1182.24
CUST10498,2023-07-30,657.4
CUST10125,2022-06-28,488.02
CUST10356,2023-09-02,1186.84
CUST10536,2024-11-28,380.25
CUST10878,2024-07-04,1618.39
CUST10689,2022-12-30,1338.36
CUST10932,2023-08-24,421.82
CUST10843,2025-06-11,1142.9
CUST10502,2021-04-06,927.98
CUST10610,2024-12-01,673.08
CUST10105,2024-12-04,1136.9
CUST10736,2021-07-15,100.08
CUST10884,2024-10-16,869.36
CUST10637,2024-10-23,206.39
CUST10553,2025-01-21,699.84
CUST10696,2024-02-11,681.7
CUST10181,2023-04-06,1284.28
CUST10512,2024-06-10,2268.23
CUST10935,2024-06-16,866.32
CUST10316,2024-07-03,836.2
CUST10099,2024-05-29,2110.3
CUST10992,2023-02-14,283.48
CUST10307,2022-04-03,1333.29
CUST10090,2025-01-04,494.86
CUST10922,2024-12-02,2537.09
CUST10959,2024-10-24,728.68
CUST10635,2023-02-25,1008.98
CUST10119,2024-01-31,814.62
CUST10585,2025-03-29,2787.72
CUST10329,2023-01-25,1196.98
CUST10550,2025-04-30,551.91
CUST10451,2024-08-02,1052.1
CUST10589,2024-10-18,849.75
CUST10757,2024-11-22,746.92
CUST10594,2025-07-07,822.41
CUST10295,2025-03-29,897.56
CUST10450,2023-11-18,794.05
CUST10295,2024-07-10,946.31
CUST10775,2025-02-07,595.62
CUST10518,2023-06-17,235.59
CUST10449,2023-05-17,781.46
CUST10804,2024-02-27,1355.53
CUST10804,2024-05-31,578.73
CUST10932,2024-07-16,645.5
CUST10545,2024-12-18,497.71
CUST10472,2025-05-18,597.28
CUST10603,2024-04-15,923.6
CUST10153,2025-06-27,1627.98
CUST10311,2024-11-23,691.06
CUST10596,2024-09-25,308.72
CUST10276,2024-03-11,244.62
CUST10936,2025-01-19,243.13
CUST10858,2024-01-17,1853.46
CUST10079,2021-08-03,585.69
CUST10847,2021-10-09,1925.1
CUST10683,2024-09-06,2626.25
CUST10292,2024-07-07,2412.35
CUST10034,2021-02-26,931.45
CUST10581,2025-04-20,371.0
CUST10890,2024-01-04,1324.16
CUST10405,2025-04-02,532.11
CUST10733,2023-03-03,268.73
CUST10133,2022-01-14,360.97
CUST10501,2025-03-30,185.61
CUST10596,2024-12-25,774.85
CUST10966,2023-12-09,302.06
CUST10669,2024-12-30,787.89
CUST10840,2024-09-18,1155.27
CUST10790,2024-02-08,58.85
CUST10747,2024-08-07,1474.91
CUST10879,2023-09-20,353.53
CUST10734,2024-05-13,584.23
CUST10331,2025-04-27,810.46
CUST10682,2022-08-08,2240.96
CUST10268,2025-03-30,426.09
CUST10978,2021-11-29,669.93
CUST10124,2022-04-05,1680.0
CUST10591,2024-11-21,959.19
CUST10296,2021-09-26,1252.27
CUST10446,2024-09-03,1262.36
CUST10227,2025-01-11,1183.76
CUST10249,2025-07-05,243.63
CUST10399,2022-05-10,715.37
CUST10553,2025-03-20,91.98
CUST10598,2021-09-23,341.26
CUST10074,2022-08-18,1383.05
CUST10411,2024-02-26,2580.55
CUST10690,2025-05-29,873.71
CUST10129,2024-09-07,513.87
CUST10259,2025-04-16,1584.23
CUST10043,2021-08-21,618.63
CUST10698,2023-07-02,680.17
CUST10259,2024-09-01,610.03
CUST10786,2023-05-17,529.0
CUST10240,2025-05-07,793.28
CUST10347,2023-06-12,1553.69
CUST10082,2025-04-25,2671.75
CUST10939,2022-05-02,1255.2
CUST10264,2022-07-16,426.09
CUST10390,2023-04-15,367.59
CUST10106,2024-06-01,1795.06
CUST10134,2024-02-09,296.43
CUST10247,2022-10-25,447.6
CUST10994,2023-04-17,1023.11
CUST10497,2025-03-05,548.27
CUST10331,2024-12-18,1771.25
CUST10473,2025-03-22,1365.75
CUST10416,2020-10-31,1093.68
CUST10794,2023-03-13,181.97
CUST10083,2022-05-31,175.37
CUST10522,2022-05-13,654.41
CUST10596,2024-10-27,859.75
CUST10479,2025-02-02,872.0
CUST10998,2023-01-15,672.67
CUST10036,2024-05-21,317.92
CUST10444,2024-08-10,1185.26
CUST10203,2022-06-30,314.9
CUST10403,2023-01-08,417.66
CUST10579,2025-03-30,2394.42
CUST10584,2022-03-31,2458.73
CUST10696,2022-10-14,596.67
CUST10789,2024-09-06,196.99
CUST10266,2022-09-30,411.97
CUST10631,2025-01-16,1033.97
CUST10632,2023-10-20,742.9
CUST10775,2023-12-13,786.43
CUST10131,2025-03-08,950.95
CUST10136,2024-10-23,423.59
CUST10878,2022-10-19,662.77
CUST10867,2021-12-26,610.98
CUST10386,2025-07-05,643.9
CUST10056,2021-12-13,560.96
CUST10018,2025-01-10,1018.4
CUST10984,2022-01-31,200.92
CUST10658,2025-05-17,1834.78
CUST10858,2024-06-13,4367.42
CUST10054,2022-02-21,657.53
CUST10451,2024-08-11,1834.97
CUST10003,2022-12-15,562.86
CUST10354,2023-03-24,1996.89
CUST10527,2025-04-05,1235.12
CUST10838,2024-09-13,603.01
CUST10456,2024-05-20,1083.46
CUST10334,2022-04-12,1195.25
CUST10996,2022-10-02,295.69
CUST10822,2021-06-03,709.74
CUST10190,2025-02-17,88.35
CUST10715,2024-03-20,396.6
CUST10681,2024-06-14,553.05
CUST10983,2023-01-13,267.38
CUST10214,2024-09-02,1358.48
CUST10743,2023-01-28,406.56
CUST10451,2025-01-07,712.64
CUST10637,2024-10-08,1214.11
CUST10219,2025-05-15,419.9
CUST10677,2024-07-26,828.1
CUST10204,2022-11-19,513.28
CUST10941,2023-09-15,4131.13
CUST10398,2025-06-28,223.68
CUST10339,2023-01-04,1303.57
CUST10792,2024-02-23,840.49
CUST10968,2022-04-19,1602.64
CUST10725,2025-07-12,824.06
CUST10453,2024-10-03,1466.61
CUST10285,2024-01-08,1062.67
CUST10280,2021-10-20,1882.39
CUST10165,2024-05-29,641.62
CUST10307,2022-10-28,761.82
CUST10686,2024-09-25,758.14
CUST10089,2021-07-18,2630.96
CUST10784,2024-01-28,411.5
CUST10636,2022-08-19,1503.13
CUST10622,2024-09-06,1211.5
CUST10560,2024-05-30,178.27
CUST10072,2025-01-12,640.42
CUST10541,2022-05-14,1090.78
CUST10633,2023-05-04,663.92
CUST10491,2024-03-08,902.42
CUST10584,2022-03-10,1015.27
CUST10607,2023-07-15,62.29
CUST10557,2024-12-07,688.4
CUST10981,2025-05-24,186.39
CUST10249,2025-04-27,443.92
CUST10097,2023-06-15,1914.31
CUST10511,2025-06-03,113.39
CUST10122,2025-05-02,423.2
CUST10460,2025-06-02,814.71
CUST10517,2024-10-15,1175.96
CUST10558,2023-07-27,798.57
CUST10170,2023-08-18,348.46
CUST10115,2021-10-24,665.77
CUST10713,2023-04-19,1304.61
CUST10993,2023-12-03,120.15
CUST10660,2024-08-19,473.42
CUST10332,2023-12-25,496.21
CUST10534,2025-05-03,587.08
CUST10731,2023-12-11,827.55
CUST10800,2023-01-10,556.95
CUST10386,2025-04-26,479.84
CUST10595,2023-12-24,771.67
CUST10229,2022-05-29,729.63
CUST10533,2024-06-01,515.69
CUST10098,2024-10-04,1371.72
CUST10803,2023-10-26,1597.04
CUST10461,2025-04-03,1674.46
CUST10234,2022-01-27,782.31
CUST10114,2024-05-18,2072.2
CUST10863,2025-02-05,372.04
CUST10783,2024-08-25,991.91
CUST10089,2022-02-02,374.29
CUST10487,2025-02-27,747.44
CUST10257,2024-11-16,530.37
CUST10590,2024-06-02,2278.92
CUST10526,2025-02-16,2081.34
CUST10961,2024-11-11,524.28
CUST10309,2023-03-31,1205.05
CUST10840,2024-08-24,935.68
CUST10020,2024-01-07,615.33
CUST10341,2023-12-11,1598.47
CUST10618,2023-04-23,369.11
CUST10824,2023-03-17,327.47
CUST10697,2025-05-09,137.04
CUST10815,2025-05-04,978.4
CUST10393,2024-06-11,205.79
CUST10249,2025-02-26,207.47
CUST10441,2023-02-26,1025.47
CUST10156,2022-04-16,270.03
CUST10513,2023-06-08,993.23
CUST10579,2024-07-06,195.48
CUST10459,2023-03-04,530.92
CUST10069,2025-07-23,1069.95
CUST10487,2024-05-16,405.58
CUST10905,2024-10-30,755.09
CUST10262,2024-11-28,358.47
CUST10419,2023-09-04,808.51
CUST10756,2022-05-26,3494.29
CUST10857,2024-04-27,771.09
CUST10805,2024-05-12,3321.74
CUST10553,2025-05-07,598.84
CUST10590,2024-09-05,1850.78
CUST10569,2024-06-08,366.63
CUST10069,2023-04-09,683.73
CUST10721,2025-04-25,1884.14
CUST10125,2022-09-08,893.82
CUST10929,2023-11-17,48.08
CUST10393,2022-12-31,1936.34
CUST10956,2024-12-26,492.72
CUST10121,2024-07-29,1032.9
CUST10858,2025-02-18,826.76
CUST10273,2023-07-13,1819.85
CUST10387,2025-07-03,782.5
CUST10872,2023-01-04,392.22
CUST10032,2024-11-09,726.08
CUST10094,2025-07-22,1270.25
CUST10557,2025-05-08,977.48
CUST10352,2024-04-22,518.83
CUST10076,2025-07-14,1004.73
CUST10401,2022-10-17,1726.46
CUST10999,2021-11-27,1948.48
CUST10691,2024-07-29,568.69
CUST10481,2022-10-24,500.81
CUST10959,2025-05-29,2004.32
CUST10490,2024-12-25,161.0
CUST10764,2025-03-21,1181.27
CUST10686,2023-05-18,1638.9
CUST10660,2024-06-05,292.27
CUST10961,2025-02-23,423.43
CUST10656,2023-01-15,395.53
CUST10160,2025-02-02,2521.22
CUST10409,2023-08-27,720.57
CUST10043,2023-07-29,234.49
CUST10267,2022-12-16,1180.09
CUST10407,2024-11-14,994.47
CUST10691,2025-04-11,2137.58
CUST10401,2024-12-26,861.67
CUST10394,2025-02-12,1855.96
CUST10463,2024-02-29,241.64
CUST10015,2024-04-24,934.0
CUST10730,2024-11-13,538.76
CUST10692,2024-04-20,1786.89
CUST10248,2025-01-05,618.84
CUST10550,2024-02-23,1217.05
CUST10133,2024-12-02,1602.43
CUST10075,2023-10-03,268.22
CUST10510,2025-05-15,473.04
CUST10413,2023-02-07,620.81
CUST10214,2025-01-12,1537.11
CUST10109,2024-01-23,2474.88
CUST10860,2024-01-18,613.24
CUST10790,2025-05-20,787.69
CUST10705,2025-01-23,973.01
CUST10933,2023-08-03,1798.48
CUST10965,2023-07-26,654.25
CUST10978,2022-12-01,513.25
CUST10734,2024-09-21,161.25
CUST10472,2025-04-04,1170.01
CUST10201,2025-03-05,680.12
CUST10413,2024-05-08,891.23
CUST10650,2025-07-20,475.36
CUST10415,2024-01-05,1240.8
CUST10445,2025-03-23,1437.53
CUST10026,2023-05-15,1364.51
CUST10819,2025-01-08,302.56
CUST10287,2025-02-10,2022.8
CUST10022,2025-02-11,919.27
CUST10794,2022-11-05,280.72
CUST10044,2022-11-15,1936.46
CUST10498,2023-09-22,870.05
CUST10758,2025-03-09,866.34
CUST10428,2024-12-27,501.75
CUST10133,2024-05-28,614.21
CUST10795,2022-12-08,338.01
CUST10609,2024-12-24,578.3
CUST10180,2025-02-10,154.82
CUST10761,2024-01-06,2398.43
CUST10193,2024-04-03,550.23
CUST10516,2023-02-24,363.54
CUST10385,2021-09-28,197.05
CUST10845,2022-01-20,916.82
CUST10290,2024-06-23,966.24
CUST10902,2023-08-22,1546.79
CUST10953,2023-05-11,842.35
CUST10986,2024-09-29,80.71
CUST10976,2024-10-23,883.66
CUST10081,2023-11-27,594.42
CUST10560,2025-02-19,1185.43
CUST10043,2023-04-02,1341.42
CUST10423,2021-12-09,1617.94
CUST10727,2022-09-10,181.68
CUST10149,2023-04-23,728.62
CUST10478,2022-02-10,2177.6
CUST10162,2024-07-27,646.0
CUST10304,2025-01-19,1176.19
CUST10040,2024-09-15,1423.06
CUST10665,2024-03-05,585.88
CUST10307,2022-11-11,1965.22
CUST10599,2023-04-21,236.45
CUST10299,2025-03-21,1361.97
CUST10032,2024-03-22,1065.6
CUST10629,2024-11-07,427.67
CUST10536,2024-09-07,452.3
CUST10335,2023-05-01,859.93
CUST10300,2023-12-12,152.06
CUST10032,2023-09-28,2686.2
CUST10499,2022-06-02,663.11
CUST10088,2023-11-07,662.78
CUST10959,2021-04-14,283.06
CUST10167,2023-05-24,1448.39
CUST10758,2025-07-11,685.98
CUST10648,2022-04-05,303.01
CUST10797,2024-12-23,1341.93
CUST10693,2023-04-28,1073.99
CUST10770,2024-07-18,812.09
CUST10609,2024-08-07,600.9
CUST10392,2023-05-13,1354.94
CUST10953,2023-08-08,153.09
CUST10719,2025-02-18,4304.17
CUST10645,2024-07-08,1875.82
CUST10504,2024-04-03,121.78
CUST10270,2022-07-17,662.56
CUST10834,2021-12-21,1831.77
CUST10459,2024-03-26,2157.92
CUST10800,2025-06-22,260.77
CUST10023,2022-07-20,3050.47
CUST10430,2024-03-06,710.68
CUST10035,2023-07-18,1452.2
CUST10302,2023-06-29,1337.19
CUST10791,2023-03-21,570.72
CUST10902,2024-09-06,1014.2
CUST10050,2024-01-23,2092.26
CUST10355,2023-12-13,358.9
CUST10204,2024-07-26,1375.5
CUST10350,2025-06-24,672.01
CUST10185,2024-11-06,796.24
CUST10250,2024-11-21,1054.81
CUST10141,2023-04-30,283.86
CUST10966,2023-12-26,597.25
CUST10093,2023-08-18,557.64
CUST10856,2024-04-13,392.11
CUST10041,2025-04-20,333.84
CUST10096,2023-06-07,229.71
CUST10857,2024-03-17,619.34
CUST10158,2025-07-23,274.19
CUST10314,2024-04-22,199.92
CUST10323,2024-03-22,462.69
CUST10504,2024-10-30,1322.47
CUST10606,2023-06-09,545.28
CUST10587,2023-12-14,519.3
CUST10613,2023-03-17,1038.19
CUST10485,2023-07-02,371.79
CUST10021,2022-11-19,837.37
CUST10394,2025-04-12,310.73
CUST10591,2024-06-10,726.87
CUST10557,2025-06-27,1761.33
CUST10388,2025-06-14,1430.1
CUST10240,2025-03-11,288.12
CUST10753,2023-08-05,1932.49
CUST10538,2023-05-15,981.23
CUST10145,2024-10-06,1764.36
CUST10563,2023-02-17,723.68
CUST10787,2023-02-11,448.53
CUST10938,2024-09-11,1387.91
CUST10107,2024-12-07,1486.39
CUST10427,2024-11-06,2615.57
CUST10566,2025-02-17,2236.13
CUST10395,2024-07-15,960.44
CUST10229,2021-05-16,835.69
CUST10982,2023-03-23,2409.5
CUST10570,2022-04-27,1698.03
CUST10008,2023-12-10,1444.57
CUST10610,2025-05-06,289.94
CUST10875,2022-12-03,1384.87
CUST10847,2021-02-23,804.62
CUST10585,2024-06-20,929.28
CUST10575,2025-01-31,618.61
CUST10985,2025-07-04,356.0
CUST10323,2024-01-16,737.89
CUST10419,2023-02-10,1332.8
CUST10812,2025-03-22,998.41
CUST10397,2024-01-09,1850.31
CUST10904,2022-06-23,1482.59
CUST10571,2022-07-17,1115.63
CUST10892,2023-12-15,134.97
CUST10946,2022-06-04,2402.11
CUST10644,2025-01-11,1288.23
CUST10681,2022-04-01,914.23
CUST10223,2024-03-17,1147.61
CUST10135,2024-01-23,488.06
CUST10447,2022-05-17,1438.11
CUST10838,2023-11-08,2698.5
CUST10180,2024-01-06,2908.92
CUST10112,2023-06-08,2114.34
CUST10581,2024-04-03,833.64
CUST10115,2022-04-19,1908.69
CUST10738,2023-02-11,91.11
CUST10833,2024-02-15,479.71
CUST10305,2025-02-07,745.77
CUST10179,2024-11-04,364.41
CUST10916,2023-09-16,2495.81
CUST10360,2024-02-14,178.53
CUST10483,2024-08-21,2041.43
CUST10509,2022-08-21,348.37
CUST10787,2025-04-26,315.91
CUST10893,2024-08-26,458.87
CUST10539,2023-04-25,1355.96
CUST10164,2024-01-11,551.17
CUST10904,2022-03-22,249.23
CUST10602,2024-03-03,665.24
CUST10881,2022-11-28,713.9
CUST10273,2024-10-24,540.48
CUST10655,2024-10-31,203.92
CUST10717,2024-10-15,643.75
CUST10245,2022-04-15,1005.9
CUST10270,2023-12-19,265.65
CUST10072,2023-07-23,857.88
CUST10733,2023-06-04,2963.76
CUST10877,2024-12-24,643.69
CUST10521,2023-09-24,1177.14
CUST10333,2022-09-17,842.1
CUST10250,2024-09-01,261.31
CUST10671,2023-02-10,312.55
CUST10813,2025-04-22,1587.29
CUST10624,2024-05-23,702.82
CUST10569,2024-09-04,417.92
CUST10224,2023-01-17,1062.52
CUST10269,2021-12-11,636.47
CUST10792,2024-01-24,970.4
CUST10931,2025-01-29,2207.23
CUST10165,2024-09-26,537.69
CUST10652,2022-09-14,622.02
CUST10842,2024-05-07,267.63
CUST10134,2024-09-02,277.8
CUST10058,2022-09-21,1334.71
CUST10473,2025-01-24,804.33
CUST10365,2025-03-29,487.56
CUST10132,2022-07-25,599.8
CUST10886,2024-01-20,1747.19
CUST10917,2025-03-15,252.55
CUST10633,2023-02-13,1028.24
CUST10254,2025-02-08,1777.22
CUST10311,2025-06-02,2518.58
CUST10753,2024-04-16,809.25
CUST10042,2021-05-21,1414.08
CUST10434,2022-04-01,696.02
CUST10457,2025-06-06,838.31
CUST10504,2022-09-09,143.28
CUST10891,2024-07-28,465.14
CUST10764,2024-06-20,3915.72
CUST10054,2022-02-10,880.3
CUST10177,2025-04-24,295.15
CUST10976,2024-07-18,813.36
CUST10573,2024-06-07,1102.48
CUST10387,2024-10-05,1049.0
CUST10828,2024-09-01,1903.6
CUST10683,2025-05-21,1136.79
CUST10696,2024-01-28,377.19
CUST10896,2025-07-07,449.19
CUST10510,2023-11-01,2419.58
CUST10669,2024-02-17,1155.97
CUST10740,2025-06-19,1071.01
CUST10320,2023-12-17,495.34
CUST10314,2025-03-26,1320.05
CUST10284,2021-12-22,286.94
CUST10162,2024-10-14,1035.19
CUST10366,2021-12-26,110.44
CUST10683,2023-10-30,641.49
CUST10866,2024-07-31,1228.69
CUST10543,2024-10-08,1227.75
CUST10763,2023-04-18,1789.31
CUST10746,2024-01-19,1830.75
CUST10377,2024-06-16,554.67
CUST10840,2025-04-24,363.6
CUST10094,2024-12-03,1013.19
CUST10775,2024-12-19,740.4
CUST10897,2024-11-20,516.68
CUST10439,2024-03-08,999.26
CUST10832,2025-07-08,2269.25
CUST10248,2025-06-04,1975.84
CUST10975,2023-05-29,1076.02
CUST10717,2024-02-13,865.34
CUST10372,2022-11-23,1023.48
CUST10096,2022-09-12,574.69
CUST10959,2022-10-19,450.65
CUST10925,2024-10-24,763.22
CUST10360,2024-05-31,972.23
CUST10248,2024-03-10,619.26
CUST10730,2022-10-13,869.57
CUST10067,2023-10-27,229.1
CUST10375,2022-04-29,1253.56
CUST10972,2025-03-23,814.46
CUST10692,2024-04-23,1310.0
CUST10547,2024-12-11,1504.88
CUST10678,2023-10-25,507.82
CUST10673,2024-01-22,936.74
CUST10702,2024-12-18,384.1
CUST10318,2022-06-06,1071.34
CUST10044,2023-04-28,857.56
CUST10921,2024-09-10,117.96
CUST10583,2025-06-22,1252.03
CUST10362,2023-12-07,2669.14
CUST10944,2024-07-19,1120.65
CUST10909,2025-05-29,2209.87
CUST10530,2025-02-19,887.12
CUST10012,2024-02-28,673.4
CUST10394,2024-04-13,370.79
CUST10675,2025-03-02,848.6
CUST10098,2024-06-09,838.65
CUST10972,2024-10-18,1570.84
CUST10002,2024-05-13,546.25
CUST10845,2023-03-14,409.79
CUST10002,2025-03-16,1909.03
CUST10587,2022-02-17,748.7
CUST10183,2021-02-24,141.18
CUST10473,2024-08-15,1795.67
CUST10111,2024-02-12,1288.86
CUST10221,2023-05-08,1405.46
CUST10382,2023-10-05,1167.16
CUST10068,2022-05-05,2927.86
CUST10524,2025-01-13,274.42
CUST10141,2024-09-17,1189.15
CUST10410,2024-02-09,70.8
CUST10188,2023-09-20,1282.98
CUST10448,2025-01-28,803.84
CUST10869,2024-03-23,156.14
CUST10621,2024-11-12,803.54
CUST10097,2022-12-16,368.76
CUST10527,2024-05-29,321.46
CUST10937,2024-06-25,597.32
CUST10278,2024-03-01,190.17
CUST10720,2025-06-02,1017.23
CUST10490,2024-08-30,471.51
CUST10825,2021-03-13,1512.19
CUST10186,2025-07-03,908.67
CUST10383,2023-03-14,933.81
CUST10674,2024-11-02,956.3
CUST10154,2024-08-20,1564.3
CUST10123,2024-02-01,1985.5
CUST10663,2024-06-30,617.7
CUST10136,2022-03-04,773.28
CUST10079,2022-11-26,217.22
CUST10654,2025-07-13,760.57
CUST10959,2025-05-10,339.72
CUST10405,2023-01-22,1510.4
CUST10165,2023-10-05,1227.37
CUST10186,2024-02-17,121.89
CUST10229,2022-07-24,318.09
CUST10817,2025-02-13,484.01
CUST10294,2023-08-14,518.96
CUST10834,2021-05-29,727.61
CUST10873,2023-05-24,111.96
CUST10877,2023-11-10,758.4
CUST10927,2025-07-05,651.97
CUST10109,2025-07-14,1104.72
CUST10050,2024-02-11,771.48
CUST10956,2025-02-16,184.57
CUST10616,2021-04-13,810.16
CUST10222,2025-01-28,210.67
CUST10006,2023-12-05,555.92
CUST10609,2024-10-13,194.65
CUST10712,2023-12-20,589.78
CUST10220,2022-03-22,2181.7
CUST10012,2024-04-08,110.74
CUST10831,2024-03-10,1286.84
CUST10934,2024-10-30,419.13
CUST10651,2024-04-05,86.05
CUST10452,2021-06-10,794.66
CUST10710,2024-10-19,437.7
CUST10196,2024-07-18,706.81
CUST10629,2024-03-01,1014.08
CUST10385,2021-07-11,1214.05
CUST10304,2024-11-27,211.44
CUST10152,2025-05-14,1275.74
CUST10869,2023-11-25,780.42
CUST10347,2025-04-03,717.61
CUST10380,2024-08-05,1284.39
CUST10632,2024-11-15,1063.32
CUST10387,2024-03-17,993.01
CUST10110,2024-07-02,211.47
CUST10905,2025-02-15,927.4
CUST10831,2023-04-13,225.32
CUST10625,2024-11-24,736.15
CUST10630,2025-06-20,419.09
CUST10198,2025-04-19,422.34
CUST10347,2025-06-24,569.05
CUST10008,2024-05-25,837.03
CUST10432,2025-06-11,738.49
CUST10457,2025-04-28,1104.41
CUST10739,2025-05-13,645.72
CUST10197,2024-01-28,3783.26
CUST10169,2025-03-01,183.05
CUST10022,2024-06-14,549.43
CUST10513,2023-06-27,583.88
CUST10269,2023-06-24,635.02
CUST10479,2023-03-12,2519.62
CUST10238,2023-07-18,58.69
CUST10902,2024-03-03,2591.46
CUST10816,2024-05-12,1149.63
CUST10084,2025-02-04,262.38
CUST10066,2025-04-26,121.5
CUST10220,2022-08-19,1563.73
CUST10952,2024-09-21,1022.41
CUST10615,2022-12-04,889.73
CUST10741,2022-08-26,450.06
CUST10143,2021-08-23,1287.24
CUST10940,2023-09-06,707.46
CUST10254,2024-09-22,816.19
CUST10808,2022-10-11,636.84
CUST10245,2022-06-28,701.5
CUST10732,2024-07-13,1435.46
CUST10879,2022-08-20,415.71
CUST10558,2024-08-19,466.79
CUST10369,2022-10-26,463.65
CUST10533,2025-02-28,1616.86
CUST10534,2024-10-29,986.89
CUST10019,2023-11-28,420.85
CUST10585,2025-05-05,1015.76
CUST10525,2025-07-19,668.27
CUST10202,2023-01-16,463.41
CUST10460,2024-12-28,1447.33
CUST10032,2025-06-16,501.52
CUST10881,2023-10-04,760.68
CUST10101,2023-05-11,1455.67
CUST10178,2024-02-02,1021.44
CUST10420,2024-10-16,460.91
CUST10131,2025-05-01,312.29
CUST10881,2023-10-20,778.54
CUST10689,2023-09-17,1738.17
CUST10831,2025-05-30,3780.1
CUST10497,2024-08-14,767.62
CUST10517,2024-08-19,1027.55
CUST10936,2024-10-13,941.33
CUST10235,2024-09-04,1673.7
CUST10245,2024-06-16,1555.78
CUST10057,2024-01-29,576.03
CUST10380,2023-10-24,2517.44
CUST10173,2023-04-01,244.45
CUST10883,2024-12-04,1606.75
CUST10811,2024-05-12,1178.5
CUST10561,2024-08-27,798.32
CUST10680,2024-09-27,576.21
CUST10167,2025-03-27,693.27
CUST10441,2021-08-09,787.02
CUST10837,2022-09-21,354.38
CUST10551,2023-04-29,2055.65
CUST10251,2023-12-04,2590.12
CUST10275,2025-02-20,949.89
CUST10354,2024-10-20,569.55
CUST10768,2025-01-24,1053.43
CUST10782,2022-10-16,1335.18
CUST10919,2025-04-17,721.84
CUST10650,2024-11-11,383.08
CUST10806,2025-05-07,214.03
CUST10612,2025-03-04,730.72
CUST10550,2023-04-09,1637.13
CUST10207,2022-04-23,1280.43
CUST10302,2024-03-14,244.87
CUST10607,2024-03-17,759.6
CUST10242,2021-10-13,1788.61
CUST10104,2025-01-21,523.72
CUST10558,2025-07-23,958.05
CUST10042,2023-11-25,714.62
CUST10337,2024-01-23,193.5
CUST10313,2024-03-23,1239.66
CUST10569,2024-08-01,688.3
CUST10182,2024-06-21,638.76
CUST10757,2024-08-28,442.09
CUST10128,2024-06-12,606.66
CUST10423,2023-11-05,1082.09
CUST10325,2023-08-14,862.74
CUST10558,2024-05-25,668.01
CUST10291,2024-12-13,525.93
CUST10613,2024-05-04,244.31
CUST10842,2025-01-15,313.23
CUST10931,2024-02-29,1026.02
CUST10023,2023-06-25,863.66
CUST10796,2024-05-10,1499.48
CUST10661,2022-01-27,556.98
CUST10546,2022-09-17,876.0
CUST10253,2025-02-10,482.5
CUST10029,2025-04-16,201.12
CUST10325,2023-12-13,1298.46
CUST10488,2024-07-09,267.71
CUST10051,2025-02-13,1161.01
CUST10209,2024-10-04,459.37
CUST10408,2024-08-06,1393.2
CUST10101,2022-07-20,787.66
CUST10841,2024-07-01,1011.19
CUST10450,2022-09-02,3437.11
CUST10727,2023-12-05,292.36
CUST10646,2024-01-03,409.67
CUST10816,2020-11-24,2132.35
CUST10954,2025-07-03,205.1
CUST10414,2021-11-14,1790.56
CUST10505,2024-01-22,1720.84
CUST10551,2025-03-12,291.38
CUST10564,2024-10-20,978.33
CUST10207,2024-12-23,905.16
CUST10774,2024-06-21,997.48
CUST10796,2024-08-31,2451.77
CUST10458,2024-02-09,1406.11
CUST10109,2022-12-13,1398.83
CUST10695,2021-04-08,286.3
CUST10653,2025-07-06,750.83
CUST10197,2023-08-26,458.31
CUST10780,2023-05-11,1186.85
CUST10773,2024-02-29,939.55
CUST10855,2023-12-11,1043.74
CUST10667,2024-05-16,2354.6
CUST10179,2022-09-07,859.21
CUST10650,2022-06-22,569.82
CUST10263,2025-02-23,121.49
CUST10619,2025-04-18,2229.27
CUST10724,2025-07-28,630.53
CUST10897,2024-03-16,164.39
CUST10268,2023-05-27,347.24
CUST10007,2023-04-18,949.47
CUST10068,2025-01-19,927.18
CUST10831,2022-06-01,1051.98
CUST10875,2023-05-12,320.54
CUST10683,2023-06-07,469.9
CUST10681,2023-09-13,2145.09
CUST10395,2024-12-07,1662.31
CUST10018,2023-02-07,240.16
CUST10824,2023-12-20,67.26
CUST10195,2024-11-28,395.03
CUST10517,2024-10-25,475.17
CUST10340,2022-07-10,555.75
CUST10280,2022-10-29,1306.12
CUST10652,2022-06-21,810.5
CUST10579,2025-07-18,579.5
CUST10210,2023-04-23,1413.82
CUST10786,2025-04-10,621.63
CUST10489,2025-02-10,1227.51
CUST10572,2024-08-10,1573.09
CUST10151,2022-08-05,972.57
CUST10463,2023-10-10,128.48
CUST10042,2022-02-01,2022.47
CUST10389,2024-08-17,1382.11
CUST10522,2021-03-16,336.92
CUST10404,2024-12-10,22.66
CUST10411,2024-06-11,1039.56
CUST10056,2024-09-14,947.18
CUST10655,2024-05-04,2064.35
CUST10061,2025-03-22,1021.13
CUST10296,2024-07-30,248.49
CUST10362,2025-03-23,1902.73
CUST10239,2024-07-18,3005.08
CUST10744,2022-09-22,587.38
CUST10201,2025-02-03,520.42
CUST10470,2025-06-08,245.74
CUST10571,2021-05-01,1712.92
CUST10481,2024-01-22,800.41
CUST10480,2025-03-24,241.54
CUST10038,2024-08-26,768.95
CUST10785,2025-02-14,1041.76
CUST10997,2024-01-19,402.71
CUST10560,2024-07-03,1270.2
CUST10195,2024-10-02,569.32
CUST10120,2024-06-10,2057.42
CUST10329,2024-03-31,481.55
CUST10832,2025-05-04,737.32
CUST10935,2024-04-03,1166.42
CUST10731,2022-04-20,806.24
CUST10306,2025-02-08,1234.63
CUST10959,2022-06-23,1849.85
CUST10438,2025-05-19,911.59
CUST10749,2022-01-23,1598.23
CUST10831,2025-03-10,1262.07
CUST10254,2024-09-18,1495.79
CUST10861,2022-07-10,1027.34
CUST10718,2025-02-20,332.06
CUST10758,2024-04-04,922.14
CUST10160,2025-04-29,1933.39
CUST10882,2021-07-25,711.1
CUST10910,2022-06-12,966.9
CUST10283,2025-04-15,519.11
CUST10602,2023-11-15,366.89
CUST10272,2024-03-18,33.7
CUST10700,2025-02-05,2576.78
CUST10562,2024-04-25,538.73
CUST10894,2024-12-11,326.75
CUST10598,2024-05-19,1310.6
CUST10383,2023-03-14,733.74
CUST10990,2024-08-25,417.97
CUST10109,2023-02-01,1111.46
CUST10673,2024-11-10,2912.24
CUST10706,2024-09-19,215.78
CUST10368,2023-05-04,536.11
CUST10435,2024-01-23,2782.23
CUST10518,2023-11-23,3274.59
CUST10434,2023-03-16,624.63
CUST10462,2025-01-01,1117.98
CUST10836,2024-12-01,158.12
CUST10490,2024-12-31,1172.74
CUST10228,2024-10-22,1609.47
CUST10100,2024-07-31,1236.69
CUST10181,2022-02-12,72.57
CUST10529,2024-07-05,1898.24
CUST10609,2024-09-11,493.73
CUST10462,2022-08-10,553.2
CUST10635,2022-11-15,363.39
CUST10937,2023-08-13,301.9
CUST10478,2022-10-22,1038.67
CUST10058,2022-04-08,3109.62
CUST10104,2025-03-18,589.11
CUST10086,2024-02-03,957.06
CUST10410,2023-06-12,849.83
CUST10887,2024-04-05,568.14
CUST10408,2023-08-17,379.23
CUST10771,2025-06-10,508.6
CUST10272,2024-11-08,553.21
CUST10195,2024-11-15,435.8
CUST10670,2023-09-27,825.16
CUST10696,2024-01-30,565.45
CUST10503,2024-03-21,104.92
CUST10587,2023-03-30,2474.33
CUST10685,2024-05-21,483.09
CUST10963,2024-08-26,2186.53
CUST10689,2023-07-13,495.74
CUST10366,2024-07-25,1307.09
CUST10994,2024-07-23,1251.1
CUST10609,2025-01-16,1186.96
CUST10384,2024-11-06,516.64
CUST10552,2025-01-26,684.82
CUST10518,2022-11-20,847.16
CUST10831,2022-11-24,882.13
CUST10115,2023-01-26,738.22
CUST10604,2025-05-31,379.76
CUST10012,2025-02-25,1303.17
CUST10243,2024-12-07,1600.07
CUST10500,2023-12-31,689.95
CUST10394,2024-03-28,768.61
CUST10269,2025-06-02,356.2
CUST10628,2022-02-04,641.95
CUST10862,2024-05-21,918.17
CUST10273,2024-08-17,530.92
CUST10087,2025-07-29,541.78
CUST10166,2025-05-30,2047.96
CUST10403,2025-04-06,988.75
CUST10983,2021-10-01,3461.7
CUST10100,2025-06-20,1730.55
CUST10802,2023-12-27,111.21
CUST10052,2022-01-09,488.24
CUST10217,2023-07-30,1238.48
CUST10870,2024-08-27,1049.56
CUST10353,2023-09-03,731.5
CUST10872,2024-03-14,701.61
CUST10184,2023-03-08,1083.84
CUST10178,2023-11-26,385.74
CUST10874,2024-02-12,359.92
CUST10297,2025-03-15,1109.92
CUST10577,2021-08-27,297.58
CUST10118,2024-02-01,1668.01
CUST10239,2025-01-25,859.99
CUST10856,2023-09-11,441.28
CUST10901,2023-07-23,528.46
CUST10663,2024-05-17,353.37
CUST10790,2023-05-21,1720.75
CUST10015,2025-07-24,3020.55
CUST10428,2024-05-25,340.34
CUST10295,2024-04-19,403.93
CUST10160,2025-05-21,1551.86
CUST10149,2022-07-23,1289.23
CUST10861,2025-02-02,236.5
CUST10593,2025-04-29,1482.0
CUST10136,2024-11-03,568.2
CUST10622,2024-09-06,637.25
CUST10335,2023-09-29,247.63
CUST10561,2024-04-01,1091.41
CUST10194,2024-09-03,533.82
CUST10125,2022-08-12,316.53
CUST10342,2024-12-27,2286.04
CUST10672,2024-08-14,819.11
CUST10505,2024-01-12,1337.02
CUST10206,2022-12-26,1270.95
CUST10319,2021-09-08,385.71
CUST10639,2021-06-09,833.45
CUST10716,2024-05-01,461.57
CUST10814,2022-05-11,940.72
CUST10040,2023-03-26,1739.26
CUST10734,2025-04-13,85.48
CUST10850,2024-01-30,794.03
CUST10618,2022-02-20,2579.54
CUST10195,2024-07-01,790.39
CUST10180,2022-05-31,807.11
CUST10338,2024-09-24,1093.97
CUST10673,2021-04-19,188.21
CUST10518,2025-03-01,766.95
CUST10195,2025-03-16,1202.65
CUST10196,2024-11-09,520.42
CUST10978,2022-01-05,1342.4
CUST10664,2024-08-23,411.61
CUST10912,2024-12-29,736.76
CUST10433,2025-06-30,1043.61
CUST10113,2022-05-18,293.24
CUST10334,2024-11-29,1584.69
CUST10596,2025-06-13,335.75
CUST10581,2023-10-25,687.84
CUST10934,2023-07-11,509.88
CUST10721,2025-04-18,2616.88
CUST10275,2025-01-25,1143.82
CUST10182,2022-06-13,1054.31
CUST10002,2024-01-17,469.6
CUST10771,2025-02-03,972.93
CUST10652,2024-04-22,1785.16
CUST10704,2024-11-03,105.78
CUST10733,2025-06-18,932.16
CUST10848,2025-06-13,276.22
CUST10898,2021-08-07,1169.04
CUST10515,2021-09-15,358.13
CUST10310,2024-10-01,559.39
CUST10391,2024-09-01,408.3
CUST10552,2023-11-20,1633.37
CUST10395,2023-09-13,1797.99
CUST10413,2023-01-06,744.97
CUST10065,2023-03-13,1137.62
CUST10324,2023-05-10,343.03
CUST10344,2022-12-24,1107.52
CUST10138,2024-02-10,288.9
CUST10265,2024-08-15,509.23
CUST10902,2024-10-14,183.09
CUST10274,2024-08-11,1166.34
CUST10621,2022-10-17,2217.3
CUST10451,2025-05-10,1369.81
CUST10163,2023-11-25,874.78
CUST10959,2024-10-13,385.02
CUST10472,2025-04-12,1018.84
CUST10196,2024-02-10,362.25
CUST10392,2024-03-13,1299.31
CUST10480,2020-11-01,820.07
CUST10095,2023-06-19,2398.48
CUST10786,2024-12-21,1420.96
CUST10452,2021-02-16,97.25
CUST10727,2021-03-02,396.16
CUST10124,2022-09-03,711.41
CUST10571,2024-07-15,113.05
CUST10191,2023-11-05,463.58
CUST10263,2022-03-11,927.88
CUST10965,2024-06-24,1709.81
CUST10316,2025-07-14,1818.89
CUST10881,2025-06-09,1223.44
CUST10420,2022-09-15,1290.53
CUST10832,2025-06-09,410.6
CUST10301,2023-04-04,1378.11
CUST10760,2022-09-21,852.59
CUST10803,2023-11-25,128.44
CUST10305,2025-02-25,1030.51
CUST10204,2023-02-12,313.42
CUST10365,2025-02-15,1292.01
CUST10665,2022-06-19,1533.3
CUST10716,2024-11-20,808.16
CUST10133,2025-05-21,2119.76
CUST10686,2022-07-24,1091.31
CUST10875,2025-01-16,447.65
CUST10862,2025-06-15,875.86
CUST10611,2024-02-24,1698.16
CUST10771,2024-10-02,1612.57
CUST10220,2023-08-16,737.22
CUST10552,2025-07-03,1201.69
CUST10894,2025-02-05,212.43
CUST10658,2021-06-01,388.33
CUST10106,2024-08-27,806.32
CUST10842,2024-04-24,760.31
CUST10815,2023-08-22,959.68
CUST10441,2024-01-08,672.21
CUST10221,2025-03-18,628.98
CUST10268,2022-03-10,1170.61
CUST10774,2024-11-15,719.91
CUST10547,2024-11-19,484.32
CUST10547,2024-06-10,960.63
CUST10930,2025-02-26,2293.79
CUST10680,2022-08-20,598.21
CUST10645,2023-06-22,865.57
CUST10883,2025-03-30,1606.43
CUST10242,2025-07-15,763.78
CUST10135,2023-06-12,1696.9
CUST10680,2024-01-20,958.27
CUST10910,2023-02-01,1493.05
CUST10820,2023-11-02,170.27
CUST10577,2022-07-24,3865.2
CUST10677,2024-10-17,1894.28
CUST10069,2025-05-19,2059.29
CUST10806,2024-09-22,746.23
CUST10345,2024-03-21,241.05
CUST10053,2024-10-17,594.86
CUST10757,2024-02-09,1181.61
CUST10776,2024-04-01,244.58
CUST10456,2025-06-29,342.99
CUST10966,2022-06-08,263.51
CUST10256,2025-04-13,616.51
CUST10881,2025-02-22,1568.1
CUST10653,2025-04-06,446.65
CUST10721,2023-01-21,1607.09
CUST10059,2021-11-12,358.44
CUST10989,2024-08-13,943.34
CUST10679,2024-05-20,570.01
CUST10902,2023-08-26,2132.08
CUST10058,2023-06-11,78.75
CUST10618,2024-06-03,492.28
CUST10251,2022-05-09,821.05
CUST10037,2022-10-03,607.36
CUST10760,2024-01-26,631.2
CUST10362,2024-09-01,857.13
CUST10879,2024-10-08,1707.58
CUST10872,2024-05-25,858.47
CUST10095,2023-02-27,241.1
CUST10173,2023-01-20,1633.57
CUST10685,2024-04-24,116.67
CUST10184,2024-12-05,681.81
CUST10196,2025-03-19,1245.64
CUST10192,2024-09-01,1530.61
CUST10922,2025-06-11,1374.8
CUST10831,2025-06-14,962.43
CUST10840,2024-07-31,1246.16
CUST10660,2023-11-25,1396.39
CUST10624,2025-07-21,418.71
CUST10044,2025-02-23,3365.1
CUST10517,2024-10-26,1207.88
CUST10626,2024-12-14,73.69
CUST10873,2023-06-16,1552.49
CUST10627,2024-05-24,647.43
CUST10734,2024-02-03,997.32
CUST10642,2024-02-16,1603.98
CUST10529,2024-12-10,760.6
CUST10896,2024-04-27,2903.3
CUST10011,2021-02-15,2305.34
CUST10695,2022-01-24,1946.5
CUST10418,2024-04-27,656.75
CUST10505,2024-04-19,2037.0
CUST10798,2023-07-13,682.53
CUST10642,2024-11-24,565.07
CUST10061,2025-03-08,506.31
CUST10554,2022-02-21,193.74
CUST10900,2024-11-09,428.15
CUST10245,2023-03-02,3014.14
CUST10534,2023-12-22,827.55
CUST10995,2021-09-18,1072.99
CUST10948,2024-10-31,933.52
CUST10246,2025-01-19,1092.63
CUST10677,2023-11-07,1200.3
CUST10110,2023-05-15,467.19
CUST10835,2024-11-11,506.61
CUST10332,2023-08-07,159.37
CUST10436,2024-12-30,1294.04
CUST10180,2023-08-01,709.52
CUST10032,2024-10-12,2421.55
CUST10926,2022-09-03,804.12
CUST10875,2023-10-14,1112.53
CUST10527,2024-08-13,993.26
CUST10632,2025-03-25,285.84
CUST10395,2024-01-10,1109.26
CUST10312,2024-07-31,2749.76
CUST10362,2025-03-22,338.72
CUST10031,2025-04-17,208.67
CUST10938,2022-04-08,459.53
CUST10470,2024-11-12,614.4
CUST10349,2024-01-17,1416.81
CUST10395,2022-12-05,636.45
CUST10448,2025-07-27,459.92
CUST10510,2024-12-08,2448.06
CUST10484,2024-08-17,625.7
CUST10363,2025-06-16,207.91
CUST10741,2021-02-16,255.45
CUST10670,2022-04-22,331.23
CUST10167,2024-04-23,1326.02
CUST10447,2022-05-28,778.75
CUST10062,2022-08-19,641.59
CUST10692,2024-07-25,2098.66
CUST10719,2024-10-08,372.02
CUST10537,2025-02-23,1829.44
CUST10336,2023-11-19,207.97
CUST10265,2024-12-07,784.35
CUST10582,2025-06-06,753.9
CUST10049,2024-08-05,375.49
CUST10031,2025-04-15,1522.73
CUST10393,2024-07-02,560.91
CUST10157,2021-10-01,113.37
CUST10486,2025-02-06,894.78
CUST10201,2025-03-01,583.88
CUST10399,2021-07-14,255.56
CUST10847,2024-04-05,341.5
CUST10556,2024-09-18,1022.9
CUST10624,2024-07-16,413.09
CUST10744,2022-03-12,813.69
CUST10478,2025-06-27,1799.04
CUST10182,2024-05-26,1147.54
CUST10231,2024-11-19,185.19
CUST10526,2022-03-16,1418.01
CUST10061,2025-03-12,516.81
CUST10855,2024-11-06,759.42
CUST10629,2024-11-14,473.33
CUST10866,2024-08-22,466.37
CUST10168,2023-10-20,3433.24
CUST10421,2022-06-07,120.78
CUST10464,2023-08-10,448.22
CUST10767,2023-12-30,582.08
CUST10596,2024-06-30,604.17
CUST10659,2024-11-26,605.55
CUST10913,2023-07-04,2966.4
CUST10738,2024-06-13,184.49
CUST10001,2024-04-03,810.5
CUST10202,2023-02-27,1471.95
CUST10047,2023-09-12,1006.6
CUST10580,2024-06-01,1194.2
CUST10635,2024-05-03,943.6
CUST10406,2022-01-27,1514.9
CUST10075,2024-07-22,822.05
CUST10967,2025-03-25,1496.24
CUST10722,2024-03-06,906.69
CUST10538,2022-06-27,519.54
CUST10411,2024-12-04,2186.27
CUST10005,2024-10-09,1975.04
CUST10912,2023-09-19,1202.04
CUST10144,2025-05-31,756.86
CUST10811,2025-03-09,647.61
CUST10230,2025-01-24,2019.95
CUST10704,2024-12-03,1153.63
CUST10871,2025-04-02,845.53
CUST10840,2024-11-21,3121.61
CUST10409,2022-09-20,186.87
CUST10347,2023-11-19,1457.06
CUST10213,2023-11-05,261.23
CUST10104,2024-12-25,37.5
CUST10670,2021-11-17,1418.4
CUST10398,2024-01-18,371.95
CUST10915,2024-09-16,399.51
CUST10324,2022-03-25,785.77
CUST10033,2024-12-01,1031.86
CUST10612,2025-06-01,926.63
CUST10078,2024-04-06,384.8
CUST10206,2023-12-05,1026.88
CUST10358,2024-07-30,599.79
CUST10971,2024-04-14,4438.67
CUST10360,2025-06-25,3674.61
CUST10714,2024-09-18,1112.58
CUST10043,2023-10-05,744.62
CUST10661,2025-07-29,1108.86
CUST10437,2023-06-20,2384.46
CUST10606,2023-02-04,495.11
CUST10930,2023-11-15,740.84
CUST10313,2024-01-10,4902.14
CUST10445,2025-07-07,582.82
CUST10300,2021-02-28,229.48
CUST10666,2023-05-23,224.28
CUST10517,2024-07-19,702.58
CUST10164,2024-05-04,1304.2
CUST10767,2022-09-08,2027.86
CUST10172,2025-05-02,828.1
CUST10810,2024-07-28,81.68
CUST10933,2024-12-20,970.97
CUST10526,2023-01-18,496.32
CUST10580,2023-04-02,156.82
CUST10137,2025-07-25,1655.33
CUST10673,2021-07-13,355.84
CUST10841,2024-06-11,1236.66
CUST10706,2024-08-05,1620.79
CUST10012,2023-10-07,632.83
CUST10583,2022-08-04,1190.03
CUST10000,2023-01-31,1217.04
CUST10446,2023-07-04,411.61
CUST10220,2025-02-26,310.07
CUST10812,2025-05-23,1251.82
CUST10227,2023-08-09,436.45
CUST10983,2024-12-06,1013.92
CUST10449,2025-01-07,222.13
CUST10098,2025-07-10,1098.19
CUST10007,2024-09-11,1980.12
CUST10446,2025-01-18,1063.3
CUST10163,2023-11-01,781.89
CUST10562,2023-08-02,923.13
CUST10294,2023-12-23,943.72
CUST10528,2021-07-13,377.04
CUST10752,2024-01-26,2349.23
CUST10473,2025-04-24,621.85
CUST10970,2025-04-28,218.03
CUST10756,2022-01-05,473.26
CUST10857,2024-05-10,661.22
CUST10682,2022-09-23,1037.67
CUST10190,2023-12-26,883.51
CUST10825,2022-10-06,1163.53
CUST10634,2023-12-17,294.86
CUST10586,2025-06-03,2303.74
CUST10400,2021-01-11,239.61
CUST10196,2024-12-24,114.37
CUST10822,2023-04-13,669.43
CUST10820,2022-10-03,2010.47
CUST10725,2022-01-24,273.37
CUST10907,2025-04-29,26.84
CUST10882,2021-12-29,1013.61
CUST10297,2021-02-05,714.89
CUST10324,2022-06-29,997.64
CUST10117,2025-03-14,759.87
CUST10970,2024-01-29,1091.41
CUST10660,2024-08-30,892.4
CUST10121,2024-07-23,1242.93
CUST10575,2021-05-14,280.39
CUST10121,2024-05-19,630.21
CUST10495,2024-07-07,396.57
CUST10052,2021-11-21,453.07
CUST10807,2025-06-04,954.28
CUST10568,2023-05-02,1518.37
CUST10393,2024-02-08,938.24
CUST10364,2025-07-09,1506.68
CUST10573,2023-12-15,133.47
CUST10916,2024-08-12,720.08
CUST10056,2023-01-08,825.51
CUST10108,2023-12-06,239.71
CUST10475,2024-10-21,398.45
CUST10916,2024-08-18,515.13
CUST10273,2023-04-24,919.59
CUST10059,2024-09-24,929.08
CUST10592,2024-10-25,1742.92
CUST10335,2021-10-18,1503.59
CUST10740,2022-05-25,309.04
CUST10448,2022-11-02,519.91
CUST10128,2021-11-09,823.63
CUST10841,2025-06-04,992.08
CUST10318,2023-01-14,186.46
CUST10469,2024-12-22,1111.9
CUST10048,2025-04-27,678.94
CUST10129,2025-05-22,1477.96
CUST10295,2025-04-12,74.44
CUST10544,2022-07-10,2632.28
CUST10869,2024-02-04,2402.53
CUST10116,2024-07-14,1024.25
CUST10806,2025-07-14,173.15
CUST10607,2023-02-04,1225.97
CUST10125,2025-06-03,1452.49
CUST10954,2024-08-10,1619.97
CUST10662,2025-07-29,316.16
CUST10083,2024-10-10,896.58
CUST10857,2025-05-18,383.97
CUST10438,2025-02-07,346.77
CUST10440,2025-04-06,173.58
CUST10520,2024-09-18,3123.57
CUST10967,2024-01-28,822.52
CUST10087,2025-04-01,250.28
CUST10433,2024-12-04,981.86
CUST10364,2025-07-11,174.0
CUST10573,2023-09-09,615.3
CUST10969,2024-04-27,1301.79
CUST10600,2023-11-10,752.62
CUST10172,2024-04-12,1398.54
CUST10717,2025-07-09,1005.1
CUST10589,2024-10-23,211.82
CUST10504,2023-08-14,1198.21
CUST10511,2024-05-01,1567.0
CUST10734,2024-10-30,441.89
CUST10664,2025-03-12,506.73
CUST10721,2023-11-05,312.25
CUST10852,2024-06-16,593.15
CUST10622,2025-03-12,534.3
CUST10519,2023-12-17,488.92
CUST10940,2023-07-28,572.06
CUST10782,2025-02-12,1660.48
CUST10424,2025-07-11,1595.25
CUST10949,2022-06-29,1424.41
CUST10300,2024-07-21,302.36
CUST10769,2023-09-13,259.75
CUST10473,2024-09-25,511.68
CUST10478,2024-06-03,703.79
CUST10247,2024-07-30,965.6
CUST10213,2024-03-03,603.45
CUST10603,2022-05-14,238.86
CUST10802,2024-03-12,1251.23
CUST10550,2023-07-29,958.44
CUST10197,2023-09-22,1303.33
CUST10135,2024-10-07,1677.17
CUST10063,2022-04-06,681.93
CUST10971,2024-08-09,1042.71
CUST10283,2024-10-10,2005.78
CUST10752,2021-10-22,630.82
CUST10014,2024-03-12,180.07
CUST10783,2025-04-28,1003.25
CUST10452,2023-08-20,1283.74
CUST10459,2023-08-22,643.09
CUST10986,2025-05-08,1858.22
CUST10683,2024-12-06,1568.05
CUST10179,2023-08-19,896.65
CUST10213,2024-02-21,937.73
CUST10296,2025-03-27,321.59
CUST10904,2022-12-13,1022.31
CUST10558,2023-12-18,1191.0
CUST10309,2024-10-15,3353.3
CUST10148,2024-01-03,1069.11
CUST10087,2023-11-17,1227.3
CUST10936,2025-04-11,2122.06
CUST10841,2024-06-15,1288.98
CUST10188,2025-04-24,529.42
CUST10543,2024-09-19,678.02
CUST10092,2024-06-03,162.78
CUST10675,2024-05-15,827.4
CUST10170,2024-12-05,49.92
CUST10174,2024-06-12,608.21
CUST10417,2025-06-21,256.1
CUST10172,2024-11-26,1174.89
CUST10865,2024-08-22,888.32
CUST10218,2024-07-28,2692.07
CUST10778,2022-04-25,845.78
CUST10431,2023-01-13,919.36
CUST10828,2025-01-30,266.14
CUST10258,2022-11-27,1480.88
CUST10347,2023-08-24,384.09
CUST10792,2023-06-07,309.35
CUST10675,2024-05-15,2231.87
CUST10157,2022-12-24,305.41
CUST10861,2022-05-08,2985.85
CUST10570,2022-06-12,107.38
CUST10237,2025-04-23,497.98
CUST10959,2024-01-05,409.09
CUST10424,2024-01-11,1016.42
CUST10336,2024-02-04,788.23
CUST10762,2024-10-03,3160.96
CUST10781,2022-03-08,244.98
CUST10854,2024-03-31,783.41
CUST10952,2024-03-12,383.24
CUST10011,2022-01-20,673.31
CUST10792,2022-12-23,1644.48
CUST10771,2024-07-02,315.04
CUST10767,2023-03-16,3114.34
CUST10743,2022-02-06,319.13
CUST10236,2022-12-07,3565.48
CUST10174,2024-09-03,17.61
CUST10647,2023-12-13,97.33
CUST10299,2021-08-10,1126.98
CUST10058,2024-02-24,418.96
CUST10114,2023-09-24,1651.21
CUST10231,2025-02-26,1943.05
CUST10639,2025-02-22,642.02
CUST10693,2020-12-19,290.79
CUST10031,2025-06-25,1805.58
CUST10436,2024-11-09,1472.78
CUST10604,2024-02-08,724.39
CUST10004,2024-05-08,3626.34
CUST10530,2023-03-02,1770.91
CUST10034,2025-02-27,1856.18
CUST10178,2023-10-08,1231.04
CUST10702,2023-04-08,1128.95
CUST10810,2023-06-23,730.74
CUST10615,2024-06-18,106.44
CUST10019,2023-05-06,1163.05
CUST10821,2024-05-26,978.27
CUST10550,2023-02-27,1616.83
CUST10450,2023-05-29,265.88
CUST10742,2024-05-29,777.02
CUST10752,2024-03-09,374.41
CUST10433,2025-01-31,732.95
CUST10953,2025-06-16,307.79
CUST10644,2023-08-09,2550.75
CUST10150,2022-07-01,1155.98
CUST10984,2023-11-18,830.85
CUST10372,2023-01-07,774.04
CUST10410,2024-02-23,2386.7
CUST10875,2023-03-01,1602.41
CUST10230,2024-02-15,566.25
CUST10775,2023-08-11,882.92
CUST10690,2025-05-26,3341.77
CUST10576,2025-04-20,490.15
CUST10507,2024-07-07,387.63
CUST10854,2025-04-26,1100.17
CUST10734,2023-12-04,214.98
CUST10926,2024-03-19,670.04
CUST10571,2024-07-02,3714.51
CUST10650,2025-04-30,808.79
CUST10286,2024-11-20,161.98
CUST10124,2024-06-11,650.93
CUST10514,2024-09-07,310.41
CUST10766,2024-04-29,2348.64
CUST10295,2024-12-15,133.76
CUST10024,2022-06-04,2421.66
CUST10300,2023-05-17,1116.55
CUST10648,2023-09-14,360.23
CUST10538,2024-07-26,1982.73
CUST10780,2025-03-03,1884.96
CUST10063,2022-03-30,597.25
CUST10293,2024-01-15,1074.58
CUST10056,2022-08-12,991.13
CUST10094,2025-06-19,1244.27
CUST10379,2024-02-05,2368.53
CUST10364,2024-12-25,499.69
CUST10117,2024-01-30,487.12
CUST10684,2024-10-15,650.06
CUST10516,2023-01-25,144.63
CUST10461,2023-05-07,1213.08
CUST10281,2024-09-13,433.69
CUST10979,2024-11-28,283.83
CUST10727,2025-04-06,871.29
CUST10035,2024-08-24,1033.87
CUST10056,2022-12-14,504.63
CUST10565,2021-10-07,453.54
CUST10279,2023-03-27,1854.25
CUST10346,2024-01-05,359.71
CUST10977,2025-04-14,1673.24
CUST10357,2023-09-27,754.46
CUST10251,2025-03-18,234.95
CUST10786,2023-12-19,1312.72
CUST10287,2023-01-20,1929.64
CUST10999,2025-02-25,1196.96
CUST10803,2023-05-27,1137.33
CUST10501,2024-09-25,1254.42
CUST10270,2025-06-02,460.11
CUST10778,2023-05-07,706.71
CUST10772,2025-03-03,163.87
CUST10069,2025-07-16,3049.19
CUST10234,2022-03-17,1109.7
CUST10418,2024-02-01,328.55
CUST10389,2022-04-04,468.33
CUST10481,2024-02-24,1656.17
CUST10166,2025-05-27,1271.28
CUST10847,2024-12-12,1988.07
CUST10628,2024-11-25,1073.02
CUST10422,2022-12-06,1152.81
CUST10469,2025-03-18,766.22
CUST10444,2022-08-11,2651.77
CUST10226,2022-12-01,955.61
CUST10467,2025-02-26,624.27
CUST10795,2025-06-03,1245.27
CUST10525,2022-09-02,194.34
CUST10647,2024-04-29,279.29
CUST10083,2024-10-07,832.52
CUST10753,2024-07-29,1217.04
CUST10519,2024-06-27,978.58
CUST10404,2025-01-30,1186.25
CUST10389,2025-01-11,556.69
CUST10193,2025-02-01,918.33
CUST10205,2023-07-31,1870.04
CUST10908,2024-10-14,343.4
CUST10634,2024-05-08,457.62
CUST10136,2022-02-18,682.66
CUST10038,2023-09-23,1028.07
CUST10641,2024-12-29,919.95
CUST10146,2023-09-26,1291.59
CUST10467,2024-11-29,1187.73
CUST10359,2025-02-26,388.11
CUST10360,2024-04-06,1540.92
CUST10869,2025-01-20,566.56
CUST10819,2024-03-06,2018.79
CUST10921,2024-04-29,669.79
CUST10994,2025-07-07,861.32
CUST10816,2024-02-09,1551.82
CUST10877,2024-02-14,2868.23
CUST10698,2024-12-23,401.76
CUST10814,2025-04-05,378.68
CUST10844,2024-12-10,597.52
CUST10096,2025-07-09,599.57
CUST10259,2025-03-12,598.09
CUST10874,2025-05-29,401.84
CUST10989,2023-08-30,917.23
CUST10246,2024-10-09,625.15
CUST10327,2023-11-03,827.29
CUST10317,2024-08-11,1619.05
CUST10018,2021-10-10,2390.3
CUST10901,2023-12-13,1773.21
CUST10689,2024-09-28,1401.06
CUST10261,2022-10-03,620.89
CUST10445,2025-01-09,1007.89
CUST10465,2025-05-07,1646.25
CUST10271,2024-01-05,1077.27
CUST10667,2024-07-07,631.66
CUST10348,2025-02-02,621.54
CUST10800,2022-08-31,768.5
CUST10735,2024-01-14,1067.95
CUST10722,2025-03-17,406.88
CUST10085,2023-07-05,1528.77
CUST10721,2025-07-20,319.07
CUST10763,2023-03-12,850.85
CUST10012,2024-04-22,153.63
CUST10275,2025-02-14,1534.12
CUST10955,2024-05-05,800.26
CUST10435,2022-10-10,506.77
CUST10715,2025-01-31,875.36
CUST10972,2024-02-21,631.84
CUST10158,2024-07-07,2446.57
CUST10236,2022-07-19,1466.93
CUST10847,2022-12-25,1155.84
CUST10611,2025-05-10,276.21
CUST10852,2023-03-05,565.65
CUST10908,2025-04-22,2174.13
CUST10380,2024-07-13,1144.08
CUST10833,2022-11-24,582.04
CUST10633,2023-09-07,2664.85
CUST10394,2024-06-24,134.61
CUST10782,2024-09-21,1932.58
CUST10005,2025-02-07,405.3
CUST10241,2024-12-25,1848.67
CUST10558,2023-10-31,1653.55
CUST10727,2020-10-31,44.13
CUST10740,2024-03-21,759.04
CUST10179,2025-05-03,923.78
CUST10227,2024-09-24,1069.17
CUST10684,2024-09-26,284.74
CUST10122,2025-04-22,2140.57
CUST10981,2024-10-22,692.46
CUST10986,2025-04-14,1158.39
CUST10978,2024-01-15,2175.43
CUST10196,2025-05-19,368.83
CUST10870,2024-04-28,256.3
CUST10096,2022-01-17,981.47
CUST10197,2024-05-12,532.45
CUST10747,2024-03-09,427.37
CUST10644,2024-11-28,654.16
CUST10980,2024-08-12,1506.22
CUST10236,2021-04-11,1076.66
CUST10043,2021-07-27,858.34
CUST10423,2024-08-11,1098.71
CUST10902,2024-03-18,2410.68
CUST10749,2021-09-27,176.28
CUST10350,2025-04-07,1864.54
CUST10147,2024-01-19,1190.4
CUST10739,2024-06-10,1100.17
CUST10690,2023-11-30,1396.73
CUST10012,2025-04-21,693.76
CUST10477,2025-04-19,506.12
CUST10648,2023-04-23,523.5
CUST10850,2022-02-27,1509.76
CUST10611,2022-09-19,1067.38
CUST10221,2022-10-25,86.22
CUST10875,2024-07-03,935.8
CUST10062,2023-09-04,799.33
CUST10968,2022-04-13,514.52
CUST10634,2025-07-14,895.07
CUST10820,2023-03-16,545.6
CUST10035,2021-02-06,2299.56
CUST10728,2024-10-19,173.79
CUST10779,2023-11-25,1414.62
CUST10102,2022-01-19,1480.36
CUST10036,2023-11-20,905.87
CUST10192,2023-11-17,1529.32
CUST10361,2023-03-19,851.82
CUST10064,2023-11-05,1816.35
CUST10385,2023-08-15,924.56
CUST10585,2025-06-28,945.44
CUST10611,2024-03-24,1291.88
CUST10222,2024-08-19,1785.37
CUST10696,2025-06-23,720.09
CUST10326,2022-11-26,2032.32
CUST10997,2023-11-12,1328.58
CUST10400,2023-01-29,308.99
CUST10298,2025-07-01,1151.02
CUST10175,2023-12-16,870.4
CUST10608,2023-06-24,459.93
CUST10299,2021-10-03,264.15
CUST10316,2024-08-22,1490.15
CUST10285,2023-11-10,75.97
CUST10596,2025-01-29,581.6
CUST10902,2025-05-28,887.17
CUST10371,2024-05-17,155.19
CUST10233,2024-10-20,463.51
CUST10225,2022-05-26,67.48
CUST10122,2024-11-08,1027.79
CUST10753,2025-02-20,602.94
CUST10971,2024-09-07,1127.81
CUST10386,2024-10-13,570.21
CUST10145,2025-02-28,335.2
CUST10368,2023-06-07,1261.0
CUST10952,2024-09-01,1242.92
CUST10290,2023-06-29,194.98
CUST10360,2024-10-01,302.94
CUST10611,2025-06-29,771.7
CUST10539,2021-07-11,924.34
CUST10606,2025-02-04,546.76
CUST10364,2025-05-31,709.1
CUST10923,2024-12-17,478.84
CUST10053,2024-01-22,1180.98
CUST10536,2025-04-15,1396.04
CUST10058,2022-05-07,310.69
CUST10092,2024-03-20,19.74
CUST10879,2021-02-05,750.77
CUST10444,2023-01-06,1029.76
CUST10906,2021-04-11,999.31
CUST10347,2024-09-29,164.13
CUST10846,2022-07-03,1694.04
CUST10538,2024-08-05,918.99
CUST10365,2025-01-19,1248.86
CUST10553,2024-03-15,1785.09
CUST10246,2024-10-11,1118.17
CUST10999,2025-04-06,718.63
CUST10312,2024-07-29,658.77
CUST10531,2024-01-31,1007.53
CUST10881,2022-12-19,1410.43
CUST10292,2025-03-29,1313.13
CUST10395,2024-05-13,734.06
CUST10529,2024-07-28,670.16
CUST10558,2022-08-14,1236.99
CUST10330,2024-06-03,214.52
CUST10170,2024-10-18,300.34
CUST10152,2024-09-29,650.02
CUST10549,2023-12-17,253.85
CUST10102,2022-09-04,327.73
CUST10925,2023-08-05,1502.9
CUST10676,2025-02-13,2355.4
CUST10625,2021-08-28,1713.8
CUST10155,2024-03-29,1033.96
CUST10673,2022-03-27,1858.55
CUST10227,2024-11-15,307.92
CUST10715,2024-06-17,2335.94
CUST10309,2024-03-03,406.37
CUST10445,2025-06-24,1562.24
CUST10432,2023-11-08,1009.52
CUST10944,2024-12-13,1447.84
CUST10927,2023-09-06,505.9
CUST10269,2023-09-07,1645.11
CUST10515,2024-07-29,872.55
CUST10643,2022-06-30,608.41
CUST10891,2023-12-16,1922.17
CUST10639,2022-06-18,582.57
CUST10829,2025-04-15,1470.91
CUST10888,2025-05-28,1644.93
CUST10680,2025-05-14,1501.54
CUST10656,2023-09-12,69.35
CUST10374,2023-08-03,1357.79
CUST10951,2024-03-08,2364.94
CUST10316,2025-02-25,995.68
CUST10453,2024-04-16,1167.11
CUST10458,2024-08-06,821.68
CUST10057,2024-03-06,2066.34
CUST10465,2023-12-19,1751.76
CUST10573,2025-05-11,717.79
CUST10420,2021-10-08,1305.37
CUST10000,2022-06-12,912.08
CUST10591,2023-12-02,214.38
CUST10964,2023-07-13,376.55
CUST10126,2023-12-18,1326.61
CUST10305,2025-03-16,383.57
CUST10631,2024-09-25,1147.45
CUST10513,2025-04-15,511.85
CUST10185,2025-01-18,186.53
CUST10658,2024-03-27,675.56
CUST10074,2024-01-25,922.62
CUST10115,2022-01-20,1899.31
CUST10244,2024-06-10,1212.6
CUST10371,2025-03-16,1502.68
CUST10458,2025-06-22,634.94
CUST10375,2023-05-07,1188.28
CUST10678,2024-10-09,926.8
CUST10976,2025-05-06,1883.05
CUST10296,2025-03-24,238.46
CUST10153,2023-01-12,449.92
CUST10284,2021-05-20,1783.03
CUST10836,2024-04-08,856.37
CUST10791,2024-06-23,1746.07
CUST10686,2022-11-14,392.58
CUST10104,2024-09-01,2146.51
CUST10745,2024-08-22,1354.68
CUST10132,2022-11-25,1731.5
CUST10827,2022-11-22,205.93
CUST10696,2022-12-02,731.7
CUST10500,2025-02-17,1121.75
CUST10883,2024-03-29,448.36
CUST10982,2025-03-07,910.92
CUST10339,2024-10-06,791.17
CUST10560,2025-04-24,395.21
CUST10237,2025-07-13,193.49
CUST10360,2023-09-28,451.0
CUST10038,2024-04-21,260.08
CUST10057,2023-07-17,800.02
CUST10120,2024-10-11,2077.04
CUST10188,2024-03-19,3016.17
CUST10508,2024-03-28,924.09
CUST10465,2022-12-18,1013.77
CUST10702,2022-11-28,1246.06
CUST10520,2021-06-18,370.87
CUST10095,2021-12-29,1018.47
CUST10415,2024-07-24,601.14
CUST10062,2023-08-13,1456.21
CUST10587,2022-12-12,1281.23
CUST10749,2023-07-12,1244.44
CUST10153,2023-10-16,935.54
CUST10074,2024-03-29,1610.53
CUST10311,2025-04-13,304.77
CUST10011,2021-11-12,659.5
CUST10645,2024-04-10,2375.67
CUST10608,2021-04-22,252.59
CUST10469,2025-04-04,1649.88
CUST10248,2023-01-24,656.52
CUST10628,2022-11-01,1329.27
CUST10803,2023-10-18,404.39
CUST10984,2024-10-03,2529.61
CUST10755,2024-03-20,2242.07
CUST10236,2022-04-02,756.26
CUST10221,2024-08-01,1505.1
CUST10734,2025-03-09,240.94
CUST10133,2025-01-31,1821.87
CUST10567,2025-03-09,1753.38
CUST10594,2021-03-18,530.62
CUST10415,2023-05-14,469.32
CUST10135,2023-07-17,438.52
CUST10595,2025-07-01,534.7
CUST10867,2022-07-30,444.21
CUST10711,2023-06-15,1614.02
CUST10152,2025-02-07,1285.28
CUST10160,2022-07-11,937.9
CUST10362,2024-01-25,1025.84
CUST10689,2024-03-13,1183.42
CUST10868,2023-11-03,1936.13
CUST10863,2024-10-13,727.2
CUST10864,2021-12-27,416.01
CUST10057,2022-06-13,934.88
CUST10380,2024-04-27,831.89
CUST10030,2023-04-09,1740.47
CUST10755,2025-05-04,1123.27
CUST10945,2025-02-08,47.8
CUST10698,2025-07-01,1410.1
CUST10680,2025-06-28,914.47
CUST10508,2024-07-18,2647.23
CUST10462,2022-11-14,178.58
CUST10094,2025-04-13,786.58
CUST10035,2021-05-18,433.83
CUST10704,2023-12-08,969.73
CUST10721,2023-06-27,894.92
CUST10458,2022-12-24,891.63
CUST10815,2025-04-30,2016.08
CUST10140,2025-06-20,642.81
CUST10391,2025-04-21,2233.6
CUST10967,2024-02-14,1697.82
CUST10662,2024-08-11,1346.49
CUST10272,2022-07-24,64.87
CUST10785,2025-05-08,263.63
CUST10061,2025-05-12,1290.27
CUST10038,2025-04-06,644.14
CUST10537,2024-09-17,552.22
CUST10038,2024-07-23,740.84
CUST10188,2024-11-10,405.05
CUST10227,2024-01-09,71.7
CUST10628,2024-11-14,1258.54
CUST10737,2023-03-20,191.54
CUST10288,2025-01-31,812.92
CUST10539,2025-01-08,1301.5
CUST10121,2025-07-03,1716.26
CUST10778,2025-03-31,724.77
CUST10589,2025-03-14,479.37
CUST10312,2025-01-21,332.55
CUST10189,2025-01-22,309.21
CUST10036,2024-01-21,327.89
CUST10607,2024-05-29,1591.79
CUST10109,2023-10-28,168.32
CUST10489,2025-03-26,2177.16
CUST10152,2024-08-11,481.53
CUST10779,2025-01-27,1372.65
CUST10921,2023-11-30,677.44
CUST10260,2022-03-22,789.67
CUST10912,2023-10-06,1982.36
CUST10895,2021-09-13,253.92
CUST10118,2024-03-14,365.58
CUST10568,2023-09-13,686.78
CUST10800,2023-10-10,1330.64
CUST10833,2023-11-29,1310.5
CUST10086,2022-11-30,511.65
CUST10693,2021-06-19,764.05
CUST10336,2023-12-08,526.01
CUST10135,2023-10-28,1702.42
CUST10824,2024-04-10,412.32
CUST10236,2021-07-23,800.55
CUST10232,2023-05-08,1107.91
CUST10344,2023-02-22,269.47
CUST10605,2023-12-20,4373.87
CUST10450,2022-01-17,639.8
CUST10829,2024-08-30,1005.49
CUST10356,2023-02-03,227.45
CUST10579,2024-08-18,790.66
CUST10784,2023-04-23,530.7
CUST10983,2025-04-19,1452.01
CUST10731,2021-10-26,564.37
CUST10685,2023-12-10,275.8
CUST10011,2021-11-28,2633.26
CUST10581,2023-05-27,1922.6
CUST10943,2025-02-23,1045.25
CUST10067,2022-12-08,328.7
CUST10749,2024-04-12,1915.88
CUST10279,2024-05-22,441.83
CUST10584,2024-08-01,1220.47
CUST10563,2022-08-24,1069.99
CUST10861,2022-03-26,1726.46
CUST10189,2022-11-28,966.98
CUST10014,2025-03-08,1231.27
CUST10765,2021-03-23,958.06
CUST10559,2025-06-11,380.24
CUST10671,2023-08-19,1140.19
CUST10770,2024-09-04,370.43
CUST10378,2023-09-19,1377.6
CUST10916,2023-07-10,1022.41
CUST10609,2024-11-14,962.79
CUST10301,2025-01-22,145.34
CUST10572,2024-12-25,1342.34
CUST10973,2024-11-09,349.52
CUST10174,2024-11-24,1429.12
CUST10640,2024-10-29,2653.26
CUST10011,2024-07-28,73.88
CUST10502,2022-07-31,292.69
CUST10564,2023-09-19,1033.39
CUST10171,2023-12-30,495.74
CUST10924,2024-09-07,551.44
CUST10371,2025-01-26,1584.47
CUST10590,2024-09-11,689.23
CUST10805,2025-06-24,1138.54
CUST10516,2021-11-08,282.38
CUST10876,2025-01-31,835.88
CUST10881,2022-10-31,216.51
CUST10374,2024-06-21,1151.05
CUST10707,2022-03-31,903.91
CUST10782,2025-01-16,421.85
CUST10565,2021-10-16,253.8
CUST10439,2024-12-20,198.79
CUST10511,2025-05-18,727.2
CUST10927,2024-06-25,463.44
CUST10483,2025-01-25,1071.78
CUST10931,2024-04-30,683.53
CUST10352,2024-03-14,155.51
CUST10869,2024-03-25,301.11
CUST10418,2024-06-24,1256.39
CUST10100,2024-03-07,1729.67
CUST10695,2023-08-09,634.26
CUST10077,2025-02-17,576.47
CUST10101,2023-07-12,2387.89
CUST10809,2025-03-09,1079.6
CUST10841,2024-08-18,312.85
CUST10234,2022-10-28,834.48
CUST10826,2024-07-19,1273.59
CUST10332,2024-12-05,1780.33
CUST10211,2023-02-09,1853.92
CUST10038,2023-12-03,2048.86
CUST10718,2024-07-25,1226.1
CUST10813,2024-11-11,530.67
CUST10617,2023-05-24,649.73
CUST10918,2022-11-29,890.25
CUST10601,2025-04-27,503.61
CUST10727,2022-12-27,1325.53
CUST10061,2024-01-30,838.65
CUST10607,2023-03-19,2159.78
CUST10360,2024-10-09,413.95
CUST10226,2022-05-02,1191.41
CUST10790,2023-07-12,485.3
CUST10895,2024-08-06,756.78
CUST10774,2023-05-19,662.62
CUST10626,2024-03-30,199.26
CUST10809,2024-07-13,1637.48
CUST10427,2024-10-30,2457.53
CUST10385,2020-11-27,481.65
CUST10922,2025-01-29,1492.71
CUST10052,2022-05-28,342.24
CUST10687,2024-05-31,190.24
CUST10052,2023-06-17,1311.15
CUST10442,2023-11-12,724.48
CUST10780,2025-04-17,996.98
CUST10831,2021-11-09,171.05
CUST10896,2025-02-26,868.53
CUST10741,2023-02-14,977.47
CUST10903,2022-07-25,791.51
CUST10603,2024-11-16,312.35
CUST10768,2024-08-12,537.34
CUST10917,2025-05-04,1149.64
CUST10284,2024-07-17,462.65
CUST10676,2024-08-21,443.85
CUST10896,2025-03-21,398.67
CUST10990,2023-03-05,1523.47
CUST10593,2024-08-09,1861.26
CUST10383,2023-06-10,491.57
CUST10714,2024-06-27,1065.39
CUST10074,2024-08-16,379.55
CUST10105,2024-03-06,73.52
CUST10336,2023-06-04,2209.26
CUST10871,2023-09-12,507.65
CUST10183,2020-12-07,1143.63
CUST10356,2023-12-05,547.58
CUST10397,2025-04-01,1123.29
CUST10478,2023-10-01,475.78
CUST10162,2024-09-21,1083.02
CUST10746,2025-05-14,761.65
CUST10179,2024-11-17,1682.24
CUST10429,2022-06-30,409.79
CUST10991,2024-12-11,2067.01
CUST10722,2021-07-02,1092.64
CUST10483,2024-02-16,713.47
CUST10916,2022-06-21,1430.16
CUST10845,2024-03-15,1113.29
CUST10958,2024-09-05,468.59
CUST10193,2025-01-05,368.1
CUST10027,2024-04-26,1203.33
CUST10512,2025-01-18,1543.78
CUST10767,2023-05-29,1106.57
CUST10967,2023-05-21,493.12
CUST10163,2023-05-06,585.96
CUST10886,2023-09-29,497.39
CUST10202,2022-10-20,820.15
CUST10682,2022-07-24,1028.56
CUST10656,2023-01-01,113.12
CUST10187,2024-11-13,842.88
CUST10683,2023-12-31,1399.95
CUST10082,2025-04-23,1006.87
CUST10991,2025-02-06,2344.29
CUST10611,2023-11-28,1363.83
CUST10757,2025-07-26,604.38
CUST10764,2024-08-17,828.51
CUST10935,2024-11-26,609.84
CUST10626,2024-11-09,1608.37
CUST10634,2023-10-19,1749.68
CUST10026,2025-03-28,1720.23
CUST10091,2023-07-16,957.87
CUST10195,2025-03-20,2032.3
CUST10463,2023-09-05,438.06
CUST10874,2023-12-02,1826.51
CUST10263,2024-02-29,780.75
CUST10062,2024-04-07,1548.07
CUST10802,2024-10-26,299.8
CUST10408,2023-04-16,475.57
CUST10956,2024-06-19,120.0
CUST10276,2023-07-01,350.69
CUST10843,2025-03-26,316.98
CUST10431,2024-02-09,241.96
CUST10942,2022-08-30,950.54
CUST10763,2025-03-12,809.41
CUST10910,2022-10-25,607.11
CUST10242,2022-04-27,377.31
CUST10462,2025-03-24,488.37
CUST10127,2025-02-15,308.95
CUST10071,2025-04-21,984.27
CUST10217,2021-10-07,208.55
CUST10212,2025-07-12,499.44
CUST10222,2024-11-22,186.39
CUST10031,2024-05-12,1858.3
CUST10179,2022-07-10,625.59
CUST10421,2025-06-03,1549.7
CUST10644,2023-02-08,992.27
CUST10859,2024-09-05,1432.93
CUST10500,2025-01-17,565.05
CUST10450,2022-07-13,578.32
CUST10339,2025-06-29,1352.26
CUST10182,2023-10-24,1608.06
CUST10690,2024-03-24,2510.32
CUST10196,2023-12-13,2552.59
CUST10430,2025-03-02,985.34
CUST10095,2024-04-18,758.89
CUST10390,2024-09-20,2076.72
CUST10711,2024-07-02,936.0
CUST10372,2024-03-16,801.11
CUST10370,2025-01-24,719.51
CUST10088,2024-11-06,1043.98
CUST10944,2023-11-22,3146.09
CUST10529,2024-06-13,247.83
CUST10696,2024-10-13,3713.14
CUST10470,2025-01-07,2107.13
CUST10542,2024-02-20,1530.04
CUST10694,2024-05-19,1069.62
CUST10571,2022-03-12,333.14
CUST10707,2025-02-02,1119.88
CUST10007,2024-04-15,293.17
CUST10200,2025-01-06,1602.03
CUST10285,2023-02-01,1575.43
CUST10365,2024-10-22,1160.83
CUST10367,2025-04-01,1832.2
CUST10028,2022-08-23,97.86
CUST10192,2025-05-31,1103.77
CUST10251,2023-04-28,2293.55
CUST10435,2023-06-24,62.32
CUST10332,2023-05-27,1138.01
CUST10377,2025-01-23,359.49
CUST10968,2022-10-19,1503.09
CUST10688,2021-10-23,1008.98
CUST10621,2024-03-28,1466.9
CUST10839,2023-12-17,1075.21
CUST10451,2024-06-28,1242.37
CUST10473,2022-11-06,1189.58
CUST10922,2024-06-19,831.73
CUST10730,2025-05-22,977.4
CUST10964,2023-01-26,1278.81
CUST10761,2024-01-08,274.42
CUST10736,2023-03-23,734.82
CUST10113,2025-04-22,1548.85
CUST10889,2022-03-26,286.97
CUST10751,2023-07-27,588.3
CUST10565,2025-04-30,1701.03
CUST10780,2025-01-28,420.87
CUST10036,2024-07-27,552.24
CUST10898,2024-11-18,1485.42
CUST10653,2024-09-11,144.33
CUST10214,2025-01-25,809.87
CUST10792,2024-10-26,1089.52
CUST10350,2025-07-27,908.5
CUST10079,2021-11-13,2331.47
CUST10441,2024-11-29,1101.13
CUST10258,2023-08-19,1504.41
CUST10721,2024-10-29,1232.19
CUST10686,2022-10-06,401.55
CUST10794,2024-05-23,1444.07
CUST10249,2024-06-03,2059.41
CUST10059,2024-12-31,474.82
CUST10318,2021-11-11,1427.18
CUST10096,2023-08-22,271.59
CUST10873,2023-04-04,199.28
CUST10318,2021-04-13,1426.7
CUST10577,2024-06-13,703.88
CUST10971,2025-02-03,118.95
CUST10151,2023-03-05,1006.46
CUST10826,2023-09-23,377.54
CUST10440,2024-11-24,1647.6
CUST10369,2023-10-27,743.14
CUST10529,2025-01-14,1293.24
CUST10085,2022-05-25,668.66
CUST10800,2023-05-26,1205.98
CUST10313,2025-06-03,1517.74
CUST10073,2024-12-06,3307.25
CUST10453,2023-12-03,1373.54
CUST10489,2024-07-22,1476.05
CUST10167,2022-10-03,478.8
CUST10245,2024-10-01,1600.12
CUST10586,2024-11-08,61.86
CUST10001,2024-08-09,163.65
CUST10546,2022-06-21,830.08
CUST10030,2024-05-20,495.62
CUST10203,2024-10-05,911.55
CUST10825,2023-06-24,2700.92
CUST10989,2023-07-05,482.43
CUST10215,2024-07-13,348.42
CUST10335,2024-07-13,270.12
CUST10611,2023-01-08,584.53
CUST10093,2023-07-21,146.95
CUST10596,2025-07-29,279.28
CUST10399,2024-01-11,52.27
CUST10420,2024-10-26,832.77
CUST10521,2024-11-26,798.64
CUST10823,2025-03-01,61.31
CUST10671,2024-07-26,1203.49
CUST10931,2023-07-17,1115.19
CUST10387,2025-01-09,292.79
CUST10683,2023-11-07,2624.48
CUST10583,2024-09-12,467.43
CUST10350,2024-06-15,1361.83
CUST10387,2025-03-03,1992.22
CUST10448,2022-04-09,2067.67
CUST10288,2025-03-05,1043.38
CUST10526,2023-02-06,1075.13
CUST10365,2024-10-26,2476.4
CUST10854,2023-08-13,96.26
CUST10194,2024-11-01,2228.78
CUST10143,2021-02-11,717.15
CUST10971,2024-04-13,2597.57
CUST10551,2024-03-05,540.09
CUST10644,2025-04-30,820.95
CUST10305,2024-08-15,1013.96
CUST10555,2023-01-02,192.94
CUST10882,2022-04-07,2835.36
CUST10861,2023-07-17,719.6
CUST10097,2021-02-11,281.51
CUST10747,2023-08-19,1606.56
CUST10499,2024-07-10,659.94
CUST10996,2023-08-22,862.62
CUST10358,2024-05-12,1090.49
CUST10406,2023-05-27,159.96
CUST10735,2023-06-03,950.81
CUST10839,2024-08-06,970.05
CUST10189,2023-01-24,427.9
CUST10676,2023-09-20,640.11
CUST10033,2024-08-02,726.13
CUST10086,2024-07-24,1244.23
CUST10504,2023-10-29,2581.0
CUST10994,2024-03-20,2086.69
CUST10946,2025-03-07,860.2
CUST10944,2023-02-04,880.79
CUST10700,2025-02-16,1145.62
CUST10061,2025-05-08,348.19
CUST10402,2023-12-19,113.06
CUST10158,2023-10-20,1233.4
CUST10995,2021-08-13,1390.45
CUST10594,2021-06-06,1943.96
CUST10754,2024-02-01,1635.82
CUST10984,2021-10-25,846.85
CUST10140,2024-02-27,1624.44
CUST10187,2024-09-13,2024.99
CUST10525,2023-05-24,528.18
CUST10070,2023-02-23,455.1
CUST10759,2024-09-01,1706.39
CUST10402,2024-07-21,2136.34
CUST10572,2025-07-27,929.44
CUST10197,2024-10-21,275.3
CUST10533,2024-08-04,527.9
CUST10401,2023-10-14,1522.49
CUST10785,2024-11-24,3113.5
CUST10363,2025-06-04,1087.15
CUST10712,2024-04-02,1594.64
CUST10601,2024-12-24,276.93
CUST10424,2024-10-28,288.13
CUST10178,2025-04-11,256.63
CUST10946,2023-12-15,190.87
CUST10416,2021-09-02,565.77
CUST10607,2025-04-06,1340.2
CUST10955,2022-09-05,733.57
CUST10281,2023-05-09,1426.02
CUST10239,2024-08-04,242.75
CUST10791,2025-05-31,181.03
CUST10758,2025-04-08,2788.58
CUST10605,2022-06-03,1565.55
CUST10383,2024-10-26,1512.51
CUST10884,2025-03-28,1430.75
CUST10626,2024-09-28,811.31
CUST10532,2021-01-10,101.53
CUST10008,2025-07-27,1233.31
CUST10801,2025-01-28,2075.4
CUST10818,2023-11-06,1509.11
CUST10771,2024-06-23,685.58
CUST10712,2025-05-19,867.34
CUST10299,2024-10-28,1905.32
CUST10294,2022-08-01,487.41
CUST10513,2024-07-12,2742.84
CUST10782,2024-06-15,1132.84
CUST10834,2022-11-03,639.23
CUST10274,2024-11-04,1491.37
CUST10855,2025-01-08,498.59
CUST10942,2025-02-11,278.4
CUST10149,2023-10-06,204.68
CUST10210,2023-05-10,250.86
CUST10897,2023-09-18,486.32
CUST10781,2021-03-21,3090.3
CUST10476,2025-01-16,1103.4
CUST10039,2024-06-09,1859.06
CUST10815,2024-09-27,6018.34
CUST10789,2023-08-10,1558.71
CUST10277,2024-03-27,942.75
CUST10117,2024-08-13,745.84
CUST10739,2024-06-19,880.84
CUST10690,2024-05-07,184.13
CUST10089,2023-11-19,616.91
CUST10052,2022-05-11,2249.43
CUST10652,2023-10-29,1413.28
CUST10665,2022-09-03,886.29
CUST10068,2022-01-08,2263.75
CUST10509,2024-02-04,2067.27
CUST10138,2025-03-29,472.91
CUST10498,2025-01-25,800.78
CUST10473,2024-06-21,478.47
CUST10631,2024-05-28,73.43
CUST10398,2024-12-23,495.35
CUST10231,2024-06-12,1007.65
CUST10949,2023-07-08,1718.71
CUST10697,2021-10-09,363.17
CUST10054,2024-11-13,256.49
CUST10425,2024-03-24,423.2
CUST10173,2022-10-27,1805.41
CUST10053,2024-07-09,2669.81
CUST10937,2024-10-25,460.05
CUST10297,2025-06-24,335.33
CUST10964,2021-11-23,1643.78
CUST10465,2023-07-11,1884.23
CUST10045,2025-01-16,779.9
CUST10159,2024-07-24,1978.73
CUST10515,2021-09-18,1408.94
CUST10926,2023-06-11,1509.91
CUST10668,2024-06-08,493.84
CUST10664,2023-10-15,580.48
CUST10195,2025-05-03,490.62
CUST10213,2023-07-02,1612.97
CUST10642,2024-08-20,1149.45
CUST10716,2025-06-24,2103.7
CUST10165,2025-05-18,544.68
CUST10983,2024-02-17,650.66
CUST10218,2024-11-23,483.92
CUST10129,2025-06-02,700.77
CUST10019,2024-10-03,616.55
CUST10384,2023-10-04,492.15
CUST10643,2024-06-12,279.64
CUST10017,2025-05-01,785.17
CUST10768,2025-05-16,1840.16
CUST10414,2025-02-05,632.92
CUST10627,2025-05-28,339.68
CUST10376,2023-09-09,1041.9
CUST10369,2023-01-16,578.85
CUST10341,2022-10-07,1887.78
CUST10877,2024-08-29,772.43
CUST10154,2021-06-24,662.5
CUST10329,2024-12-31,688.66
CUST10330,2022-12-23,1504.61
CUST10544,2023-09-04,612.93
CUST10705,2024-01-08,1015.97
CUST10347,2024-01-07,429.34
CUST10646,2022-09-07,1460.8
CUST10060,2025-04-05,650.4
CUST10331,2022-01-10,445.39
CUST10988,2025-03-02,1588.79
CUST10464,2024-05-10,117.74
CUST10784,2025-04-15,2480.29
CUST10887,2022-09-04,724.47
CUST10782,2024-08-06,409.46
CUST10166,2023-07-31,885.41
CUST10095,2022-02-05,1278.3
CUST10940,2024-03-20,773.06
CUST10015,2022-10-27,202.45
CUST10742,2025-04-08,397.36
CUST10027,2024-04-29,1228.54
CUST10499,2024-02-15,878.46
CUST10703,2021-06-06,1144.17
CUST10950,2024-05-10,17.36
CUST10834,2024-05-14,315.59
CUST10879,2021-11-21,748.75
CUST10106,2024-08-25,347.18
CUST10192,2023-07-23,651.2
CUST10399,2022-01-25,280.82
CUST10636,2022-12-05,345.69
CUST10539,2024-08-28,1890.83
CUST10421,2024-01-08,1042.49
CUST10843,2024-12-24,283.96
CUST10851,2024-12-17,1043.63
CUST10622,2025-05-03,1469.63
CUST10112,2023-11-08,835.71
CUST10268,2023-02-08,472.81
CUST10528,2024-08-14,94.79
CUST10446,2025-02-18,794.79
CUST10044,2024-09-28,597.98
CUST10808,2022-07-19,2215.5
CUST10768,2024-12-03,871.01
CUST10470,2025-05-22,1630.08
CUST10221,2023-05-31,2194.22
CUST10044,2022-04-10,805.93
CUST10565,2021-09-26,682.77
CUST10002,2025-06-22,1404.65
CUST10716,2025-04-14,465.13
CUST10746,2024-03-14,1841.18
CUST10838,2024-11-08,312.15
CUST10300,2024-08-13,1411.1
CUST10430,2024-07-29,63.46
CUST10065,2024-01-01,907.22
CUST10342,2022-05-23,2108.87
CUST10353,2023-05-15,736.21
CUST10931,2024-07-24,365.25
CUST10897,2023-03-17,684.36
CUST10935,2025-05-13,1001.13
CUST10599,2025-02-09,183.62
CUST10411,2025-06-09,501.32
CUST10063,2024-07-21,654.64
CUST10914,2023-10-07,1086.78
CUST10621,2024-02-21,2655.36
CUST10934,2025-05-10,1838.94
CUST10672,2024-08-25,290.97
CUST10275,2023-08-30,743.58
CUST10134,2025-02-17,828.63
CUST10874,2024-07-10,67.07
CUST10209,2024-12-29,509.36
CUST10013,2025-02-23,1067.92
CUST10164,2023-07-25,448.45
CUST10457,2025-04-24,1186.33
CUST10887,2024-07-29,278.79
CUST10054,2025-01-11,391.21
CUST10626,2024-01-04,629.58
CUST10580,2023-03-08,302.66
CUST10837,2024-03-15,1229.97
CUST10813,2023-07-03,548.48
CUST10421,2024-02-16,893.45
CUST10711,2023-02-01,1129.86
CUST10111,2024-03-29,1065.9
CUST10564,2025-05-10,2975.5
CUST10877,2023-07-04,414.28
CUST10033,2025-02-21,560.94
CUST10541,2025-05-04,483.92
CUST10172,2024-12-20,687.42
CUST10726,2024-08-30,3912.0
CUST10975,2023-01-15,342.97
CUST10667,2024-01-21,375.84
CUST10677,2025-06-18,1351.29
CUST10660,2021-08-31,563.43
CUST10471,2024-10-01,715.35
CUST10066,2025-07-04,1595.19
CUST10011,2021-04-14,2741.48
CUST10872,2022-10-20,1282.44
CUST10561,2022-11-19,2245.12
CUST10008,2024-02-26,1577.12
CUST10862,2024-03-22,1990.71
CUST10144,2025-03-11,615.18
CUST10231,2024-07-18,1088.3
CUST10002,2025-03-01,558.67
CUST10544,2022-05-02,106.5
CUST10032,2023-03-24,432.17
CUST10522,2022-04-11,1214.21
CUST10659,2025-06-25,501.54
CUST10606,2024-01-11,1626.32
CUST10700,2025-01-15,456.07
CUST10848,2024-11-06,591.47
CUST10240,2025-06-30,586.16
CUST10992,2023-08-18,296.72
CUST10611,2024-06-24,2271.97
CUST10720,2024-08-25,1048.05
CUST10445,2025-03-24,987.78
CUST10728,2024-05-17,752.87
CUST10110,2022-12-25,966.8
CUST10498,2024-01-11,660.9
CUST10381,2025-01-17,515.5
CUST10341,2024-11-21,3085.56
CUST10167,2022-04-14,913.44
CUST10739,2024-08-23,1956.75
CUST10673,2023-11-02,794.73
CUST10217,2024-04-14,1622.6
CUST10885,2024-07-22,311.95
CUST10250,2025-04-17,405.69
CUST10085,2023-12-11,745.98
CUST10671,2023-08-07,2589.97
CUST10925,2025-06-03,548.29
CUST10914,2022-07-05,770.6
CUST10222,2025-04-01,732.86
CUST10169,2022-03-19,794.93
CUST10707,2022-07-30,820.63
CUST10308,2022-05-14,1493.7
CUST10094,2024-08-11,1426.02
CUST10080,2022-10-22,414.79
CUST10711,2024-01-13,853.77
CUST10213,2024-05-14,1031.48
CUST10132,2025-02-28,901.26
CUST10957,2025-05-22,731.42
CUST10762,2024-10-06,579.04
CUST10077,2025-03-07,370.18
CUST10460,2024-07-30,910.94
CUST10770,2024-08-25,864.24
CUST10793,2021-10-25,1256.36
CUST10264,2024-06-10,681.92
CUST10989,2024-09-18,421.94
CUST10369,2023-10-21,2890.47
CUST10253,2024-12-23,600.94
CUST10144,2024-10-27,1261.38
CUST10176,2022-11-26,506.39
CUST10598,2021-10-03,792.39
CUST10785,2024-04-03,455.6
CUST10244,2023-10-24,717.74
CUST10434,2023-03-02,634.01
CUST10076,2025-01-15,1105.3
CUST10380,2023-10-27,1825.17
CUST10541,2022-07-22,809.62
CUST10546,2025-06-30,937.38
CUST10177,2025-03-01,348.28
CUST10788,2023-03-07,793.82
CUST10061,2025-03-22,2327.25
CUST10792,2023-05-10,1637.47
CUST10553,2022-02-07,739.55
CUST10694,2025-02-18,894.05
CUST10044,2023-08-27,858.92
CUST10285,2024-11-22,799.78
CUST10006,2025-04-02,1518.28
CUST10570,2023-08-29,1189.25
CUST10763,2024-03-03,1060.46
CUST10599,2025-05-18,1148.05
CUST10920,2024-09-22,306.92
CUST10488,2023-12-25,762.56
CUST10924,2024-02-11,1002.08
CUST10426,2023-03-24,987.26
CUST10196,2024-09-28,1082.92
CUST10606,2020-10-10,1902.19
CUST10804,2023-12-31,1440.42
CUST10115,2023-10-06,500.63
CUST10361,2022-06-22,441.95
CUST10727,2023-12-09,3275.27
CUST10343,2025-06-19,323.87
CUST10879,2024-05-09,761.92
CUST10512,2024-07-24,2529.55
CUST10515,2023-08-28,1084.37
CUST10605,2023-02-14,689.92
CUST10763,2023-06-30,361.96
CUST10617,2025-02-12,1081.31
CUST10771,2025-03-16,338.15
CUST10678,2024-07-08,984.52
CUST10779,2025-06-11,530.27
CUST10264,2023-06-20,402.38
CUST10168,2023-04-02,847.94
CUST10758,2025-05-24,407.03
CUST10592,2024-09-03,2348.53
CUST10291,2023-03-21,365.25
CUST10875,2025-02-25,1651.69
CUST10822,2023-02-16,472.44
CUST10930,2024-01-06,1488.38
CUST10303,2023-04-07,814.45
CUST10499,2025-06-15,1324.84
CUST10521,2025-07-16,239.86
CUST10331,2022-09-17,62.59
CUST10516,2025-06-07,646.83
CUST10661,2024-04-12,574.44
CUST10627,2024-04-14,485.53
CUST10438,2025-05-11,1187.44
CUST10113,2021-10-16,3379.27
CUST10049,2023-03-03,680.74
CUST10066,2024-03-08,1272.54
CUST10890,2022-08-26,569.32
CUST10924,2024-08-21,1413.26
CUST10065,2023-08-31,1325.57
CUST10319,2023-10-02,987.68
CUST10629,2025-03-10,2491.53
CUST10431,2025-06-05,637.46
CUST10657,2024-04-24,474.16
CUST10395,2022-12-05,920.91
CUST10381,2024-05-30,439.94
CUST10336,2024-03-30,1102.06
CUST10590,2025-07-08,396.19
CUST10091,2024-09-24,503.58
CUST10721,2023-04-22,199.44
CUST10150,2023-04-13,849.75
CUST10851,2024-11-08,467.67
CUST10889,2024-12-19,294.36
CUST10915,2022-12-29,866.24
CUST10570,2022-04-01,1605.38
CUST10580,2023-10-12,1585.77
CUST10762,2024-06-21,197.25
CUST10451,2025-05-30,316.47
CUST10516,2022-01-04,517.63
CUST10427,2024-09-21,1001.68
CUST10230,2024-10-12,595.47
CUST10567,2024-06-10,813.97
CUST10892,2024-05-29,808.35
CUST10802,2024-08-12,1440.52
CUST10259,2024-09-26,1707.17
CUST10760,2022-12-19,1201.16
CUST10424,2024-12-07,1261.67
CUST10344,2023-12-09,295.13
CUST10671,2024-01-15,174.69
CUST10319,2024-06-24,949.34
CUST10177,2024-03-23,619.16
CUST10042,2023-08-23,682.16
CUST10115,2025-04-16,1376.01
CUST10950,2024-02-22,612.38
CUST10736,2023-01-19,574.54
CUST10102,2023-06-17,861.89
CUST10448,2025-04-23,601.44
CUST10124,2025-01-09,118.07
CUST10742,2025-04-06,1190.35
CUST10486,2024-12-13,150.76
CUST10776,2022-11-19,181.85
CUST10718,2025-06-18,169.56
CUST10882,2023-11-25,677.61
CUST10357,2021-05-12,991.88
CUST10282,2025-03-29,324.46
CUST10122,2023-04-01,562.46
CUST10321,2023-04-18,2267.11
CUST10391,2024-11-15,1885.51
CUST10989,2023-03-18,658.02
CUST10124,2024-05-31,496.38
CUST10168,2022-10-11,1503.7
CUST10532,2022-09-12,824.48
CUST10755,2024-02-20,199.1
CUST10546,2025-05-03,495.66
CUST10459,2025-05-16,1479.41
CUST10748,2021-12-02,1584.7
CUST10816,2023-09-24,1920.09
CUST10517,2024-09-21,844.81
CUST10880,2023-01-01,1875.98
CUST10090,2024-11-22,853.88
CUST10510,2023-03-27,416.93
CUST10350,2024-08-31,643.22
CUST10577,2024-11-29,508.76
CUST10127,2022-10-03,1771.83
CUST10329,2025-05-08,972.89
CUST10100,2024-10-04,570.18
CUST10790,2024-11-21,288.04
CUST10101,2021-11-09,94.38
CUST10564,2023-08-16,1310.79
CUST10249,2024-01-22,1222.95
CUST10507,2024-11-07,313.85
CUST10248,2024-08-15,2423.46
CUST10497,2025-01-27,2469.07
CUST10975,2023-11-16,1782.37
CUST10345,2024-10-23,865.82
CUST10045,2024-04-08,1595.64
CUST10170,2024-11-14,119.08
CUST10858,2024-05-19,1420.81
CUST10883,2024-09-01,816.93
CUST10063,2023-01-15,576.64
CUST10015,2023-09-29,934.01
CUST10438,2024-08-20,451.07
CUST10701,2025-06-05,437.22
CUST10339,2023-11-06,222.5
CUST10312,2025-07-09,1357.38
CUST10567,2024-07-28,586.95
CUST10637,2024-06-12,785.1
CUST10974,2024-05-13,2588.11
CUST10753,2024-11-26,662.65
CUST10251,2022-05-13,542.79
CUST10850,2024-06-24,2358.2
CUST10363,2024-12-11,1394.55
CUST10149,2024-04-27,385.05
CUST10702,2024-01-31,2449.06
CUST10944,2025-06-20,742.15
CUST10796,2023-07-18,366.68
CUST10767,2022-12-02,115.93
CUST10882,2023-02-09,488.77
CUST10942,2024-04-02,1368.2
CUST10783,2025-05-12,1630.9
CUST10072,2022-12-15,985.14
CUST10647,2023-05-02,1608.16
CUST10958,2023-08-08,258.32
CUST10192,2024-12-07,826.48
CUST10798,2023-10-15,656.99
CUST10035,2023-07-19,2084.53
CUST10180,2024-03-27,444.17
CUST10847,2022-04-12,439.61
CUST10784,2024-09-25,1016.7
CUST10778,2021-05-23,3687.62
CUST10725,2022-12-28,2231.98
CUST10366,2023-09-28,1145.06
CUST10446,2025-06-23,469.38
CUST10975,2025-02-23,1176.6
CUST10696,2024-07-01,440.77
CUST10993,2022-02-09,2391.75
CUST10269,2021-02-27,603.59
CUST10215,2024-03-29,556.39
CUST10164,2023-05-03,2138.75
CUST10214,2025-04-10,847.1
CUST10415,2023-10-17,949.55
CUST10774,2023-12-31,1724.42
CUST10873,2023-03-29,518.53
CUST10539,2025-03-05,543.46
CUST10189,2024-11-14,416.36
CUST10179,2024-03-24,1756.74
CUST10244,2025-01-19,1085.83
CUST10846,2022-07-14,346.26
CUST10475,2024-10-30,1442.8
CUST10146,2025-02-15,771.24
CUST10629,2025-07-02,2058.07
CUST10635,2024-07-07,2856.3
CUST10946,2022-06-08,1329.38
CUST10782,2025-04-07,425.68
CUST10625,2022-04-06,590.27
CUST10788,2023-08-17,1964.42
CUST10288,2024-02-12,691.57
CUST10577,2021-07-18,803.9
CUST10331,2021-05-04,537.8
CUST10164,2025-01-20,1193.06
CUST10693,2021-10-11,567.75
CUST10976,2024-02-02,569.68
CUST10947,2024-07-22,863.54
CUST10327,2023-12-13,897.99
CUST10955,2022-10-06,863.08
CUST10555,2023-01-23,272.08
CUST10587,2023-03-29,1428.7
CUST10636,2023-04-16,442.47
CUST10288,2025-04-27,791.01
CUST10246,2025-03-30,1353.71
CUST10866,2024-09-21,1089.74
CUST10830,2024-10-15,1237.27
CUST10199,2023-12-20,1203.4
CUST10170,2025-05-31,496.31
CUST10918,2024-02-10,137.76
CUST10890,2021-08-21,1876.04
CUST10288,2025-02-23,299.32
CUST10032,2024-06-28,606.62
CUST10145,2025-02-02,499.07
CUST10133,2023-05-09,323.24
CUST10026,2023-04-19,562.98
CUST10946,2025-05-05,132.75
CUST10446,2024-01-10,2140.05
CUST10053,2024-03-03,560.45
CUST10358,2025-03-15,2113.84
CUST10870,2025-06-28,695.97
CUST10735,2024-11-16,814.7
CUST10459,2022-12-28,1251.91
CUST10882,2024-02-04,315.53
CUST10148,2024-05-12,556.54
CUST10438,2024-11-11,1127.01
CUST10221,2024-08-23,1423.69
CUST10958,2025-06-20,420.43
CUST10160,2023-03-17,2100.34
CUST10557,2025-07-21,1305.56
CUST10366,2022-07-17,149.33
CUST10752,2024-12-12,1470.96
CUST10178,2023-03-31,1968.79
CUST10755,2023-12-23,678.85
CUST10070,2024-04-23,552.27
CUST10735,2024-05-23,129.43
CUST10268,2022-01-02,435.16
CUST10380,2023-11-04,2302.64
CUST10343,2025-03-11,453.53
CUST10049,2022-10-19,508.87
CUST10530,2024-05-15,2910.43
CUST10312,2024-09-25,1717.46
CUST10701,2025-06-04,537.72
CUST10159,2023-06-18,1140.82
CUST10950,2025-03-15,2282.04
CUST10971,2024-06-12,617.93
CUST10739,2025-06-08,604.48
CUST10615,2023-12-30,677.31
CUST10492,2024-12-11,460.52
CUST10661,2024-02-29,859.58
CUST10053,2024-01-17,2075.07
CUST10829,2023-06-28,877.94
CUST10945,2025-06-05,359.26
CUST10476,2025-05-04,1419.38
CUST10646,2021-05-06,443.1
CUST10795,2023-05-15,1343.64
CUST10427,2023-05-28,554.69
CUST10627,2024-07-09,260.94
CUST10835,2025-01-29,1647.89
CUST10089,2024-07-16,888.35
CUST10018,2022-11-11,214.18
CUST10008,2025-05-07,311.33
CUST10996,2025-07-15,543.33
CUST10786,2023-10-02,1052.19
CUST10044,2023-09-06,679.72
CUST10016,2025-07-22,1649.52
CUST10029,2024-09-26,817.32
CUST10791,2021-10-28,1481.31
CUST10220,2021-09-13,1191.02
CUST10378,2025-07-16,723.83
CUST10208,2023-05-26,1015.18
CUST10936,2025-05-21,830.44
CUST10461,2022-05-28,1764.16
CUST10045,2023-11-18,1363.63
CUST10720,2025-07-19,617.23
CUST10050,2024-11-26,883.66
CUST10226,2022-08-01,925.46
CUST10930,2023-08-14,908.35
CUST10305,2024-04-20,1103.36
CUST10205,2025-03-18,478.3
CUST10572,2025-05-20,427.93
CUST10785,2024-10-17,250.03
CUST10183,2022-01-05,1743.39
CUST10197,2023-09-07,932.93
CUST10847,2023-05-05,947.0
CUST10586,2024-02-09,548.71
CUST10848,2025-06-02,905.92
CUST10203,2024-10-06,1653.07
CUST10380,2023-01-10,328.01
CUST10544,2022-01-04,1079.52
CUST10220,2022-04-03,568.75
CUST10745,2023-11-24,507.54
CUST10138,2024-06-06,1135.69
CUST10581,2023-04-01,518.13
CUST10726,2023-10-05,980.88
CUST10882,2021-03-01,2161.74
CUST10102,2024-01-07,1891.68
CUST10321,2025-02-19,446.19
CUST10164,2023-05-04,2116.38
CUST10558,2023-01-30,481.08
CUST10823,2023-12-29,1002.3
CUST10642,2024-08-01,1432.77
CUST10475,2024-04-09,470.97
CUST10944,2025-03-28,968.37
CUST10890,2022-07-18,1218.24
CUST10677,2024-07-31,940.3
CUST10511,2024-05-25,3062.57
CUST10023,2022-11-06,691.99
CUST10555,2023-04-19,1337.22
CUST10489,2025-04-27,849.98
CUST10069,2024-11-09,466.67
CUST10013,2024-10-25,472.36
CUST10465,2025-01-21,2014.54
CUST10327,2023-09-14,88.72
CUST10586,2024-11-09,144.72
CUST10924,2023-12-28,1422.28
CUST10938,2022-09-08,908.11
CUST10367,2021-12-12,635.1
CUST10354,2023-10-16,2073.93
CUST10421,2023-10-16,1105.88
CUST10945,2025-07-06,482.31
CUST10146,2022-11-12,744.98
CUST10720,2024-09-12,2036.6
CUST10127,2024-07-25,1435.13
CUST10111,2024-08-16,2445.46
CUST10473,2024-01-13,517.45
CUST10898,2021-05-29,243.51
CUST10673,2022-03-28,1251.87
CUST10830,2023-07-21,324.62
CUST10898,2021-06-08,713.07
CUST10333,2023-12-30,1815.33
CUST10845,2021-03-26,295.34
CUST10949,2025-03-07,695.4
CUST10864,2022-07-09,703.51
CUST10170,2024-05-31,136.79
CUST10662,2024-08-03,896.23
CUST10071,2024-11-01,341.91
CUST10394,2025-02-24,379.49
CUST10021,2025-01-05,1280.07
CUST10516,2023-06-25,1302.11
CUST10454,2024-07-29,2100.69
CUST10000,2022-04-21,965.11
CUST10681,2024-10-31,1008.08
CUST10773,2024-03-25,1901.13
CUST10621,2025-01-11,1560.98
CUST10138,2025-05-10,1363.55
CUST10303,2025-01-01,2652.38
CUST10810,2021-12-01,1152.9
CUST10287,2024-07-03,130.37
CUST10311,2024-10-19,380.01
CUST10061,2024-03-12,838.64
CUST10487,2024-12-07,1382.94
CUST10486,2025-01-09,314.21
CUST10062,2023-02-19,501.24
CUST10581,2023-10-04,1053.11
CUST10152,2024-10-05,386.41
CUST10820,2023-07-17,828.94
CUST10000,2025-07-17,467.93
CUST10509,2024-11-21,904.23
CUST10610,2024-03-02,152.77
CUST10421,2025-04-23,550.11
CUST10037,2022-04-07,275.68
CUST10249,2025-03-18,525.83
CUST10119,2023-02-03,251.38
CUST10747,2025-05-05,819.46
CUST10397,2024-08-16,894.21
CUST10688,2022-03-27,2264.25
CUST10989,2024-09-18,3270.33
CUST10550,2023-11-14,393.17
CUST10536,2025-02-03,719.07
CUST10028,2024-09-22,846.81
CUST10596,2025-07-15,869.38
CUST10907,2024-11-28,904.09
CUST10315,2024-02-20,802.6
CUST10972,2025-01-08,1398.08
CUST10006,2025-02-19,1138.75
CUST10846,2021-06-06,347.41
CUST10023,2023-12-08,676.96
CUST10246,2024-10-28,1271.33
CUST10543,2025-05-04,250.87
CUST10893,2023-08-01,1149.06
CUST10732,2023-03-29,182.27
CUST10651,2024-07-22,715.78
CUST10394,2024-12-23,417.59
CUST10285,2022-12-03,159.31
CUST10642,2024-09-10,1642.22
CUST10372,2023-11-15,199.59
CUST10742,2024-05-13,873.41
CUST10981,2025-01-27,966.36
CUST10005,2022-09-29,1101.9
CUST10218,2023-06-16,213.77
CUST10630,2024-08-06,820.64
CUST10922,2025-01-09,1214.95
CUST10738,2024-06-21,352.93
CUST10439,2025-03-02,1349.58
CUST10218,2025-05-28,713.36
CUST10739,2025-01-04,373.21
CUST10463,2023-09-12,1097.39
CUST10514,2024-08-10,916.84
CUST10787,2025-07-12,755.33
CUST10050,2024-11-17,2735.21
CUST10900,2025-07-15,2150.58
CUST10132,2025-04-13,1658.06
CUST10886,2025-05-04,1669.82
CUST10828,2023-08-21,1458.27
CUST10554,2023-01-03,849.6
CUST10639,2024-06-20,330.57
CUST10276,2024-03-03,546.88
CUST10659,2024-08-11,1373.11
CUST10034,2020-11-23,162.01
CUST10959,2022-09-01,552.51
CUST10868,2023-10-11,1667.08
CUST10872,2024-05-24,1373.1
CUST10099,2024-06-14,982.3
CUST10405,2024-03-12,3129.96
CUST10097,2023-03-26,581.81
CUST10968,2024-12-02,746.9
CUST10049,2022-01-05,2213.79
CUST10506,2021-12-13,461.88
CUST10959,2021-07-24,1446.83
CUST10613,2025-07-19,1656.03
CUST10501,2025-01-23,1328.36
CUST10153,2023-08-23,77.17
CUST10114,2023-10-15,80.78
CUST10716,2024-10-18,354.74
CUST10500,2022-10-23,213.58
CUST10256,2024-05-20,1114.9
CUST10186,2025-02-02,977.05
CUST10061,2024-03-02,618.62
CUST10110,2023-08-09,562.34
CUST10545,2024-04-11,2527.06
CUST10475,2023-12-06,2060.04
CUST10073,2025-04-26,470.14
CUST10187,2024-05-03,1590.57
CUST10959,2023-03-10,797.07
CUST10345,2024-05-24,648.67
CUST10999,2025-02-02,844.81
CUST10477,2025-05-10,430.39
CUST10769,2023-08-29,455.04
CUST10547,2025-02-26,533.39
CUST10160,2022-09-06,560.92
CUST10727,2024-07-23,663.18
CUST10499,2021-08-17,386.21
CUST10752,2023-05-30,1735.66
CUST10383,2024-08-25,343.02
CUST10263,2025-03-12,315.58
CUST10909,2025-05-21,1126.9
CUST10705,2024-02-27,734.84
CUST10781,2022-12-05,124.28
CUST10910,2023-04-03,985.05
CUST10304,2024-10-30,528.91
CUST10925,2025-07-08,429.23
CUST10878,2024-01-21,533.74
CUST10495,2025-03-13,1548.61
CUST10176,2022-05-06,191.86
CUST10676,2025-04-01,1182.65
CUST10309,2025-07-26,459.82
CUST10535,2025-07-26,811.13
CUST10029,2025-01-10,346.58
CUST10180,2023-02-04,1521.89
CUST10249,2024-04-20,1630.89
CUST10107,2024-09-08,1657.68
CUST10758,2024-02-18,1883.17
CUST10398,2023-12-17,1724.86
CUST10078,2024-07-22,757.38
CUST10124,2023-10-31,2430.58
CUST10302,2023-01-01,2394.56
CUST10811,2024-06-18,687.72
CUST10831,2025-05-09,1956.22
CUST10717,2024-06-21,462.17
CUST10101,2022-03-02,3220.59
CUST10259,2024-07-20,2810.46
CUST10959,2021-10-17,1866.77
CUST10678,2024-11-10,438.68
CUST10226,2022-11-06,101.63
CUST10177,2024-04-23,1133.09
CUST10780,2024-10-17,853.04
CUST10703,2023-02-20,746.61
CUST10370,2025-06-30,232.16
CUST10109,2023-06-01,1091.61
CUST10460,2024-09-01,1185.43
CUST10101,2021-05-11,200.98
CUST10330,2023-06-02,499.89
CUST10532,2023-11-12,1346.81
CUST10559,2025-05-17,1206.7
CUST10067,2024-04-16,1248.12
CUST10457,2024-06-29,258.48
CUST10596,2025-02-01,1452.56
CUST10444,2025-06-01,1844.77
CUST10089,2025-03-26,344.72
CUST10538,2025-03-14,1822.28
CUST10615,2022-03-25,1567.53
CUST10114,2025-01-04,528.96
CUST10479,2022-03-17,1067.69
CUST10613,2024-01-20,757.36
CUST10483,2025-02-10,1993.03
CUST10262,2022-04-23,879.18
CUST10390,2025-02-17,1316.0
CUST10476,2024-10-14,666.79
CUST10484,2024-10-29,1171.72
CUST10388,2024-08-26,2384.79
CUST10392,2023-08-16,2796.12
CUST10099,2024-06-08,799.42
CUST10385,2023-09-15,516.32
CUST10341,2022-04-01,881.32
CUST10802,2024-12-10,793.51
CUST10640,2025-06-27,207.13
CUST10718,2024-10-30,756.75
CUST10010,2022-07-21,989.46
CUST10070,2024-08-11,675.91
CUST10177,2024-08-14,947.5
CUST10836,2025-07-27,651.39
CUST10939,2025-05-20,1220.12
CUST10504,2024-12-05,534.5
CUST10440,2025-06-21,416.11
CUST10890,2022-06-24,803.9
CUST10030,2025-05-19,977.46
CUST10087,2025-06-10,1173.54
CUST10749,2025-07-24,1458.72
CUST10397,2024-04-23,1175.28
CUST10702,2024-02-24,1553.99
CUST10519,2024-05-15,2249.82
CUST10612,2023-04-08,129.49
CUST10338,2024-12-19,933.88
CUST10040,2023-08-22,1723.24
CUST10868,2024-01-22,403.53
CUST10781,2022-03-17,574.09
CUST10027,2024-12-09,839.1
CUST10516,2024-10-24,139.92
CUST10668,2024-11-27,374.3
CUST10000,2025-03-02,1456.19
CUST10461,2025-03-25,316.84
CUST10766,2024-08-11,503.09
CUST10862,2024-08-27,497.28
CUST10878,2024-05-23,2198.5
CUST10542,2023-08-28,1031.38
CUST10179,2025-05-11,168.93
CUST10463,2024-08-05,687.23
CUST10309,2025-03-05,1108.66
CUST10731,2022-12-26,1534.42
CUST10416,2023-07-04,630.25
CUST10079,2022-03-08,290.6
CUST10518,2023-12-13,308.11
CUST10743,2021-07-23,376.32
CUST10630,2024-10-18,509.49
CUST10933,2023-07-29,373.46
CUST10209,2024-08-01,1829.82
CUST10437,2025-04-28,568.93
CUST10325,2024-01-28,821.36
CUST10503,2023-10-28,504.11
CUST10794,2023-08-13,804.71
CUST10439,2024-01-04,1727.22
CUST10661,2025-03-09,1265.45
CUST10400,2020-09-14,559.39
CUST10681,2024-05-07,704.92
CUST10642,2021-06-28,3514.26
CUST10031,2024-10-05,1293.7
CUST10583,2022-09-30,1418.97
CUST10725,2024-12-06,744.89
CUST10740,2022-08-31,1148.52
CUST10541,2024-01-25,536.86
CUST10656,2022-07-02,534.33
CUST10571,2023-10-10,601.66
CUST10104,2025-05-25,1231.63
CUST10175,2025-02-04,1635.06
CUST10784,2022-09-03,201.27
CUST10414,2024-10-27,2193.81
CUST10558,2025-03-19,1505.68
CUST10804,2024-04-03,1571.48
CUST10158,2025-02-19,2195.43
CUST10974,2023-09-20,193.79
CUST10957,2024-07-15,2287.09
CUST10260,2025-06-16,685.73
CUST10220,2022-03-09,412.31
CUST10506,2022-01-03,693.18
CUST10760,2022-12-06,911.22
CUST10140,2025-03-24,1454.13
CUST10351,2024-06-18,1381.63
CUST10741,2025-03-31,1678.92
CUST10744,2021-11-25,856.01
CUST10561,2024-03-13,1436.61
CUST10653,2025-02-23,971.12
CUST10974,2023-08-06,2016.47
CUST10105,2021-01-09,265.25
CUST10161,2023-11-30,524.73
CUST10610,2024-03-21,1322.74
CUST10722,2023-10-07,806.77
CUST10662,2025-07-01,843.23
CUST10826,2025-01-01,2276.74
CUST10504,2023-04-28,217.47
CUST10019,2025-01-09,1400.03
CUST10958,2023-09-11,2237.56
CUST10318,2024-12-08,221.22
CUST10038,2023-11-11,1522.31
CUST10909,2024-06-30,283.17
CUST10676,2023-12-29,1237.63
CUST10559,2023-11-23,1887.0
CUST10099,2024-10-13,209.96
CUST10275,2025-03-31,2987.28
CUST10504,2024-01-10,1301.15
CUST10737,2023-01-15,2427.28
CUST10160,2023-12-01,834.88
CUST10420,2021-08-31,1520.24
CUST10881,2022-10-16,306.13
CUST10257,2023-12-18,2182.93
CUST10360,2024-01-19,1175.41
CUST10301,2023-07-11,1388.86
CUST10331,2021-02-27,1421.1
CUST10259,2025-07-23,1061.32
CUST10190,2023-04-10,596.47
CUST10536,2025-06-13,787.17
CUST10604,2024-09-26,2034.35
CUST10978,2023-12-13,1007.25
CUST10219,2023-04-27,1763.35
CUST10876,2025-02-12,117.44
CUST10638,2025-03-09,1495.89
CUST10634,2024-05-24,1061.98
CUST10552,2023-04-19,1989.93
CUST10963,2023-11-30,2213.28
CUST10111,2024-07-18,915.74
CUST10618,2025-06-09,562.86
CUST10160,2022-06-14,1583.62
CUST10258,2023-11-14,1214.16
CUST10123,2024-06-02,958.59
CUST10207,2024-03-23,409.19
CUST10045,2025-06-08,436.72
CUST10701,2024-10-07,120.01
CUST10703,2024-12-29,315.45
CUST10140,2025-06-17,1053.82
CUST10533,2025-02-01,2897.36
CUST10768,2025-04-15,2027.53
CUST10645,2023-02-15,679.58
CUST10994,2025-02-24,1458.78
CUST10596,2024-07-07,657.97
CUST10929,2025-04-12,1261.99
CUST10846,2023-09-23,322.85
CUST10780,2023-08-03,861.27
CUST10697,2024-05-31,518.08
CUST10646,2023-06-19,776.53
CUST10964,2024-01-21,1564.61
CUST10736,2025-03-18,193.94
CUST10693,2022-10-31,750.27
CUST10464,2022-06-30,1455.21
CUST10754,2023-05-13,667.16
CUST10656,2025-01-28,637.72
CUST10569,2024-09-18,2594.61
CUST10938,2024-08-17,761.4
CUST10117,2025-06-10,133.15
CUST10552,2023-10-03,1529.98
CUST10572,2024-07-29,1172.2
CUST10777,2023-08-21,1613.69
CUST10253,2023-07-12,1200.79
CUST10181,2023-08-04,1305.37
CUST10427,2025-04-25,1056.98
CUST10431,2023-01-04,1916.73
CUST10614,2021-09-05,57.65
CUST10785,2024-02-17,502.28
CUST10169,2023-06-24,2363.28
CUST10040,2023-03-17,620.78
CUST10336,2023-12-30,535.44
CUST10707,2024-09-17,262.59
CUST10816,2024-08-08,941.06
CUST10012,2024-06-03,599.77
CUST10881,2024-03-10,770.51
CUST10328,2025-02-24,1618.41
CUST10773,2024-06-26,563.45
CUST10727,2025-02-03,921.88
CUST10174,2024-04-22,280.13
CUST10151,2023-04-25,390.78
CUST10377,2023-07-24,958.25
CUST10845,2023-05-08,1774.98
CUST10877,2023-04-09,530.58
CUST10252,2021-10-18,1109.31
CUST10875,2023-04-30,839.14
CUST10888,2024-09-15,613.25
CUST10676,2025-05-01,397.93
CUST10596,2024-09-08,707.34
CUST10923,2024-11-19,482.2
CUST10043,2023-06-10,2266.55
CUST10921,2024-09-24,857.97
CUST10730,2024-04-07,924.1
CUST10810,2025-04-01,1323.58
CUST10745,2024-07-16,504.93
CUST10949,2021-11-13,49.85
CUST10850,2021-11-08,755.77
CUST10428,2025-04-07,241.14
CUST10871,2024-08-27,770.23
CUST10900,2024-03-18,984.07
CUST10671,2022-10-07,3044.18
CUST10160,2023-04-21,395.75
CUST10334,2022-02-04,484.88
CUST10600,2021-08-28,1940.21
CUST10219,2023-03-14,669.81
CUST10640,2025-04-22,1170.24
CUST10249,2025-02-28,294.74
CUST10492,2025-02-25,668.19
CUST10288,2025-02-28,311.55
CUST10276,2024-08-18,1582.38
CUST10599,2025-07-08,2205.78
CUST10657,2025-02-28,69.41
CUST10531,2024-11-08,400.46
CUST10517,2024-05-26,1010.79
CUST10732,2022-07-14,732.14
CUST10581,2024-03-10,674.07
CUST10955,2023-11-12,1671.45
CUST10772,2023-06-05,4260.02
CUST10928,2023-12-06,1179.93
CUST10513,2023-11-29,158.07
CUST10925,2024-06-20,2457.68
CUST10493,2021-12-14,1211.38
CUST10229,2022-05-13,855.28
CUST10771,2024-01-02,1352.35
CUST10899,2022-12-11,1062.95
CUST10892,2024-11-25,356.57
CUST10893,2022-12-29,1550.23
CUST10773,2024-09-14,586.76
CUST10997,2024-08-03,149.68
CUST10863,2025-01-10,1444.38
CUST10165,2024-05-03,1261.18
CUST10726,2023-08-08,865.69
CUST10067,2023-04-29,472.22
CUST10579,2024-07-05,435.13
CUST10255,2024-02-28,1443.1
CUST10465,2023-05-16,1518.84
CUST10142,2023-06-04,1218.56
CUST10385,2025-04-22,683.87
CUST10172,2024-06-13,2961.75
CUST10021,2021-11-11,886.14
CUST10713,2025-02-03,464.07
CUST10882,2021-10-12,904.59
CUST10096,2022-01-11,298.3
CUST10755,2023-07-03,625.04
CUST10058,2024-10-04,1148.79
CUST10034,2024-02-16,1009.6
CUST10929,2023-10-18,1929.45
CUST10862,2024-02-14,224.72
CUST10574,2025-06-05,1628.01
CUST10845,2021-07-03,371.44
CUST10056,2022-03-22,639.61
CUST10626,2024-06-15,1903.79
CUST10510,2023-09-27,642.83
CUST10771,2023-07-12,2648.81
CUST10475,2024-07-30,1067.36
CUST10743,2021-02-27,566.48
CUST10024,2024-04-08,141.71
CUST10504,2023-03-15,205.2
CUST10268,2022-05-01,1106.44
CUST10290,2025-07-22,531.64
CUST10282,2023-11-08,1608.35
CUST10748,2024-06-06,313.68
CUST10390,2023-01-22,114.56
CUST10490,2024-12-11,387.66
CUST10121,2025-03-19,327.55
CUST10862,2023-07-17,2468.49
CUST10089,2023-10-10,979.33
CUST10318,2021-09-06,1403.79
CUST10913,2021-02-27,2166.22
CUST10646,2021-07-27,278.69
CUST10386,2024-09-21,1120.87
CUST10873,2024-08-02,781.67
CUST10445,2025-03-03,731.75
CUST10966,2025-03-12,1263.13
CUST10201,2025-07-09,1125.03
CUST10240,2024-11-19,1627.6
CUST10539,2021-08-11,1699.82
CUST10157,2023-06-29,395.13
CUST10070,2024-03-05,645.24
CUST10709,2025-05-16,162.07
CUST10990,2024-04-16,1352.79
CUST10874,2023-11-13,4666.55
CUST10735,2023-08-11,667.04
CUST10743,2023-03-27,1401.77
CUST10296,2021-12-29,1159.25
CUST10211,2024-12-31,77.74
CUST10814,2024-01-09,1461.54
CUST10945,2024-05-22,1141.98
CUST10103,2022-11-20,1878.7
CUST10358,2025-05-22,867.78
CUST10782,2025-02-20,656.93
CUST10275,2023-09-04,2395.27
CUST10140,2024-06-09,1582.67
CUST10226,2024-02-02,633.52
CUST10366,2021-09-30,294.75
CUST10359,2024-12-21,767.83
CUST10163,2025-02-07,1151.54
CUST10760,2024-12-29,323.56
CUST10783,2023-11-01,1601.21
CUST10999,2024-09-17,485.3
CUST10106,2025-03-17,2845.16
CUST10107,2024-10-24,1019.7
CUST10749,2024-08-23,2005.07
CUST10201,2025-02-22,1396.77
CUST10310,2022-04-17,625.7
CUST10241,2022-06-20,788.9
CUST10833,2023-07-21,1586.69
CUST10649,2024-10-09,131.16
CUST10067,2024-04-02,1132.46
CUST10042,2022-12-06,220.11
CUST10963,2022-12-01,408.39
CUST10340,2025-04-27,1563.74
CUST10616,2021-06-14,1025.3
CUST10897,2023-07-06,1847.03
CUST10749,2024-05-19,246.63
CUST10386,2025-04-09,1244.64
CUST10218,2024-01-30,637.25
CUST10373,2023-03-07,1083.38
CUST10897,2025-04-01,666.46
CUST10625,2021-08-14,2636.85
CUST10701,2024-08-31,608.67
CUST10723,2021-06-14,1427.32
CUST10078,2022-09-08,672.59
CUST10774,2024-05-06,257.11
CUST10470,2024-07-02,2599.24
CUST10478,2022-03-19,1581.03
CUST10339,2023-02-03,664.5
CUST10699,2023-11-10,643.46
CUST10299,2023-04-20,1590.03
CUST10340,2025-03-26,922.18
CUST10696,2022-10-10,1904.99
CUST10797,2025-01-24,416.2
CUST10534,2025-03-26,517.69
CUST10019,2025-02-02,2911.04
CUST10905,2024-08-05,961.55
CUST10522,2022-10-18,2154.37
CUST10088,2025-04-26,393.07
CUST10131,2024-11-20,1248.65
CUST10169,2025-01-13,585.61
CUST10020,2024-02-13,560.95
CUST10947,2022-08-25,960.81
CUST10850,2025-02-16,810.24
CUST10027,2025-02-17,2453.23
CUST10253,2024-02-19,788.23
CUST10209,2025-02-15,469.92
CUST10769,2023-02-05,2382.8
CUST10906,2024-12-07,1069.37
CUST10717,2024-08-19,757.2
CUST10699,2024-06-27,674.64
CUST10746,2025-07-15,350.79
CUST10745,2023-03-27,482.54
CUST10442,2024-04-27,204.76
CUST10317,2023-12-11,537.35
CUST10654,2022-11-11,599.52
CUST10189,2020-08-24,982.35
CUST10990,2021-09-22,1240.81
CUST10109,2024-11-12,445.09
CUST10384,2025-07-16,1011.62
CUST10980,2022-11-01,462.3
CUST10919,2025-03-31,329.65
CUST10538,2024-10-14,407.32
CUST10537,2025-06-03,111.79
CUST10009,2023-01-09,740.1
CUST10626,2024-06-26,1096.37
CUST10201,2024-10-01,859.97
CUST10068,2021-03-13,1521.68
CUST10223,2025-02-14,795.07
CUST10163,2025-07-17,1029.21
CUST10320,2023-01-18,609.95
CUST10208,2025-02-13,1116.64
CUST10793,2023-03-20,1068.2
CUST10806,2025-01-29,947.16
CUST10742,2024-04-01,311.65
CUST10324,2021-04-20,593.05
CUST10822,2024-05-23,86.5
CUST10234,2023-12-10,726.51
CUST10268,2025-05-15,2087.51
CUST10355,2024-01-09,350.05
CUST10401,2021-10-13,170.91
CUST10734,2025-03-27,5892.22
CUST10325,2025-07-24,798.63
CUST10050,2025-07-14,1822.37
CUST10847,2025-06-29,463.24
CUST10466,2022-01-22,884.93
CUST10204,2025-07-23,376.16
CUST10772,2025-06-13,955.32
CUST10697,2025-05-21,2594.31
CUST10112,2023-11-19,1521.09
CUST10472,2025-03-06,310.74
CUST10924,2025-03-08,611.61
CUST10159,2022-05-06,143.35
CUST10399,2022-12-29,808.14
CUST10386,2025-03-09,194.16
CUST10212,2024-08-03,425.58
CUST10321,2022-11-10,1144.9
CUST10347,2023-05-15,1253.52
CUST10243,2024-07-10,1321.81
CUST10507,2025-05-23,1201.41
CUST10478,2024-08-05,1712.77
CUST10408,2023-08-12,1268.45
CUST10746,2024-04-22,1245.96
CUST10979,2024-04-26,837.09
CUST10997,2023-12-05,2011.59
CUST10004,2023-05-09,1721.45
CUST10983,2023-06-15,592.03
CUST10477,2022-06-16,2032.25
CUST10360,2024-08-19,888.52
CUST10658,2022-05-29,626.03
CUST10849,2021-04-01,944.95
CUST10648,2025-03-02,1565.86
CUST10918,2024-12-07,836.85
CUST10492,2025-03-08,1555.17
CUST10345,2024-01-15,1236.65
CUST10056,2022-06-07,1172.4
CUST10453,2024-01-06,794.15
CUST10401,2025-06-09,381.22
CUST10692,2024-06-18,798.58
CUST10622,2025-01-20,699.49
CUST10713,2023-01-23,2119.85
CUST10593,2024-07-08,1000.7
CUST10688,2022-07-29,983.35
CUST10487,2024-12-06,516.46
CUST10499,2022-09-16,623.11
CUST10725,2022-04-10,618.21
CUST10703,2024-12-13,2181.73
CUST10294,2022-10-10,1522.47
CUST10061,2025-07-25,194.03
CUST10514,2024-04-02,1211.4
CUST10473,2022-10-11,72.25
CUST10237,2025-02-13,869.2
CUST10095,2023-06-30,847.01
CUST10658,2022-02-06,1413.81
CUST10948,2024-12-13,823.26
CUST10309,2025-01-27,453.43
CUST10975,2022-07-04,646.84
CUST10663,2024-02-24,1165.1
CUST10166,2024-01-18,1865.91
CUST10461,2024-01-29,729.4
CUST10216,2023-02-23,977.86
CUST10273,2024-05-27,848.92
CUST10166,2025-02-18,297.85
CUST10554,2025-07-28,1436.95
CUST10309,2024-10-22,365.29
CUST10742,2025-05-23,716.99
CUST10401,2025-01-07,1457.95
CUST10866,2022-08-26,143.18
CUST10964,2024-08-05,663.78
CUST10006,2022-03-16,673.22
CUST10192,2023-02-19,166.4
CUST10578,2024-09-05,981.47
CUST10612,2024-10-09,565.2
CUST10491,2023-01-14,370.91
CUST10014,2023-12-31,1538.91
CUST10299,2022-04-20,684.47
CUST10650,2023-03-04,71.28
CUST10936,2024-06-22,1033.08
CUST10759,2024-05-05,524.97
CUST10794,2023-02-20,996.09
CUST10271,2022-03-12,1698.82
CUST10816,2024-07-19,902.35
CUST10567,2024-07-23,832.45
CUST10265,2025-06-29,1450.62
CUST10078,2024-11-22,814.75
CUST10930,2023-05-10,1059.7
CUST10925,2023-03-04,1520.12
CUST10772,2022-12-14,688.69
CUST10399,2023-02-02,696.41
CUST10047,2024-09-15,638.56
CUST10583,2024-02-08,1347.0
CUST10565,2024-02-09,453.78
CUST10715,2025-04-10,1712.9
CUST10039,2025-03-03,451.49
CUST10982,2024-05-20,322.2
CUST10200,2022-01-04,170.6
CUST10712,2025-05-03,269.78
CUST10484,2021-10-01,214.46
CUST10941,2023-09-09,1393.59
CUST10999,2023-06-02,254.92
CUST10780,2025-01-17,894.59
CUST10221,2021-07-05,582.72
CUST10404,2023-12-09,1061.17
CUST10331,2023-11-28,1125.45
CUST10306,2021-11-24,1413.97
CUST10498,2025-05-23,2184.14
CUST10638,2023-04-12,2627.09
CUST10524,2023-05-02,964.95
CUST10262,2024-08-13,384.52
CUST10727,2022-06-02,2847.89
CUST10825,2021-04-29,2840.89
CUST10269,2022-12-02,606.93
CUST10617,2022-10-10,1108.97
CUST10164,2025-07-21,1417.95
CUST10405,2023-10-10,923.08
CUST10413,2021-03-13,464.2
CUST10511,2024-05-15,592.55
CUST10891,2024-12-31,704.61
CUST10908,2024-07-05,1562.08
CUST10886,2025-04-29,482.68
CUST10878,2025-02-02,609.75
CUST10831,2021-12-09,225.12
CUST10570,2022-11-15,616.19
CUST10231,2024-10-22,1987.8
CUST10241,2025-07-29,644.52
CUST10416,2022-05-19,511.98
CUST10612,2023-09-20,464.5
CUST10457,2025-04-29,640.95
CUST10076,2024-07-01,1561.36
CUST10732,2024-03-01,237.52
CUST10780,2024-05-17,798.63
CUST10396,2023-10-22,909.38
CUST10057,2023-04-21,1655.16
CUST10001,2024-08-05,1208.13
CUST10706,2023-08-08,661.96
CUST10194,2024-12-08,1321.67
CUST10873,2023-11-08,393.81
CUST10360,2023-12-14,320.69
CUST10201,2025-06-09,1001.75
CUST10108,2024-12-21,624.68
CUST10714,2023-11-29,908.82
CUST10038,2024-05-25,1216.07
CUST10899,2022-11-07,806.98
CUST10483,2023-09-04,2691.19
CUST10842,2024-11-14,1677.78
CUST10195,2024-09-09,814.43
CUST10055,2025-07-25,211.0
CUST10685,2023-08-28,301.13
CUST10182,2025-02-05,3210.94
CUST10323,2023-11-22,305.99
CUST10043,2022-05-13,1581.6
CUST10685,2025-01-15,1402.37
CUST10854,2024-09-19,646.52
CUST10517,2025-01-26,1052.94
CUST10261,2024-08-15,179.23
CUST10211,2025-05-20,1284.93
CUST10195,2024-07-17,928.22
CUST10822,2024-01-15,562.78
CUST10417,2024-03-03,320.11
CUST10921,2024-04-07,1187.97
CUST10986,2023-12-17,1111.66
CUST10539,2025-02-07,1357.98
CUST10066,2023-12-12,487.35
CUST10587,2024-11-10,378.35
CUST10183,2024-10-15,1026.6
CUST10261,2024-01-15,601.97
CUST10046,2025-06-28,2316.52
CUST10975,2022-03-09,1124.8
CUST10844,2024-08-27,955.57
CUST10148,2025-05-15,1210.7
CUST10869,2024-10-23,877.87
CUST10014,2024-04-28,770.92
CUST10735,2023-05-30,2079.47
CUST10775,2024-07-31,568.81
CUST10833,2025-07-23,197.0
CUST10811,2025-03-22,1031.84
CUST10060,2024-05-24,1089.08
CUST10606,2021-05-26,1114.94
CUST10567,2024-01-06,302.7
CUST10220,2021-04-03,608.09
CUST10767,2022-09-04,2677.98
CUST10179,2022-06-04,947.37
CUST10335,2022-05-12,383.8
CUST10143,2021-07-01,871.96
CUST10890,2022-06-17,710.73
CUST10176,2023-01-17,1174.93
CUST10704,2025-01-02,2196.2
CUST10413,2024-04-23,1072.83
CUST10976,2024-12-06,1224.13
CUST10593,2024-04-30,523.7
CUST10792,2022-12-10,1370.05
CUST10001,2025-05-13,793.82
CUST10002,2025-03-09,958.48
CUST10594,2023-02-09,563.71
CUST10986,2021-10-15,332.14
CUST10856,2022-12-04,1158.66
CUST10341,2024-11-13,882.04
CUST10834,2024-06-03,2770.69
CUST10518,2023-07-10,2534.1
CUST10949,2023-07-04,1637.09
CUST10662,2024-10-11,218.03
CUST10779,2025-01-11,2311.32
CUST10027,2024-10-27,351.16
CUST10220,2024-01-30,176.3
CUST10832,2024-10-08,747.37
CUST10081,2024-09-23,1215.8
CUST10789,2023-05-01,1589.01
CUST10756,2025-01-18,591.35
CUST10493,2021-10-10,1239.6
CUST10475,2024-10-13,584.38
CUST10075,2024-05-22,221.08
CUST10919,2025-02-03,525.92
CUST10918,2022-09-19,902.05
CUST10174,2025-04-07,576.63
CUST10276,2024-03-20,2961.47
CUST10955,2022-08-29,93.04
CUST10531,2024-12-17,1523.28
CUST10997,2023-08-23,500.41
CUST10847,2022-11-10,1312.49
CUST10018,2023-09-15,809.64
CUST10811,2023-03-18,710.52
CUST10423,2023-09-02,462.98
CUST10865,2025-07-20,1586.59
CUST10298,2024-11-15,1239.27
CUST10597,2025-03-08,1007.98
CUST10573,2022-11-15,1090.55
CUST10598,2023-09-21,965.26
CUST10205,2023-10-13,3401.46
CUST10185,2024-06-17,1342.88
CUST10327,2024-05-13,474.82
CUST10100,2023-04-20,1328.62
CUST10744,2022-05-17,1796.98
CUST10588,2024-09-28,812.58
CUST10298,2023-12-21,906.7
CUST10836,2021-05-25,2065.57
CUST10978,2022-10-09,1465.06
CUST10724,2025-06-20,2533.04
CUST10310,2023-08-01,678.83
CUST10205,2025-02-22,2252.14
CUST10578,2023-10-08,1149.32
CUST10531,2024-07-03,335.69
CUST10114,2023-02-16,1416.88
CUST10012,2023-06-19,1378.63
CUST10287,2025-06-26,1541.64
CUST10841,2025-01-12,865.53
CUST10212,2022-07-19,326.03
CUST10961,2025-06-19,615.05
CUST10221,2021-10-17,745.19
CUST10777,2024-11-24,410.89
CUST10240,2024-09-03,1191.98
CUST10555,2023-05-31,2100.33
CUST10936,2024-11-29,348.63
CUST10203,2022-01-18,1039.97
CUST10886,2024-12-13,594.76
CUST10510,2024-11-29,1476.96
CUST10325,2025-03-11,1259.33
CUST10408,2024-01-14,394.93
CUST10807,2024-07-27,2845.96
CUST10618,2023-09-04,980.86
CUST10493,2022-06-12,1429.29
CUST10741,2022-12-22,1744.03
CUST10985,2024-07-03,2046.82
CUST10107,2025-04-15,125.78
CUST10380,2023-05-31,404.63
CUST10076,2023-12-26,1853.67
CUST10476,2025-02-28,905.07
CUST10258,2022-10-26,1558.71
CUST10487,2024-02-12,353.85
CUST10750,2023-12-23,1303.35
CUST10061,2024-01-21,1208.55
CUST10020,2024-04-24,308.91
CUST10340,2022-02-13,2403.86
CUST10489,2024-06-20,1099.43
CUST10708,2025-01-19,843.69
CUST10010,2024-06-14,1274.76
CUST10252,2023-07-27,304.24
CUST10563,2023-11-09,2244.84
CUST10128,2024-10-16,94.03
CUST10050,2023-11-04,179.42
CUST10404,2025-04-28,961.46
CUST10098,2024-01-01,1340.56
CUST10237,2025-06-09,2218.26
CUST10054,2023-01-02,974.65
CUST10307,2024-07-20,45.47
CUST10630,2025-05-09,528.45
CUST10378,2023-11-16,1655.15
CUST10105,2023-11-27,337.66
CUST10905,2025-03-20,1314.76
CUST10098,2025-01-22,510.7
CUST10282,2023-08-25,2009.81
CUST10287,2023-06-01,323.07
CUST10737,2022-05-30,1653.69
CUST10900,2025-05-29,1250.72
CUST10156,2022-08-22,1197.69
CUST10241,2023-12-26,1218.07
CUST10551,2025-03-18,2106.53
CUST10761,2024-06-10,143.65
CUST10620,2024-03-18,268.31
CUST10159,2024-06-15,172.3
CUST10488,2022-08-26,768.14
CUST10057,2023-10-12,1675.87
CUST10421,2023-05-06,3281.87
CUST10450,2022-01-05,352.71
CUST10732,2021-10-13,1502.65
CUST10030,2023-01-04,753.92
CUST10012,2023-09-02,3421.79
CUST10339,2023-08-21,768.98
CUST10640,2025-03-02,264.77
CUST10444,2023-05-16,610.42
CUST10305,2025-06-05,693.63
CUST10499,2024-01-14,316.49
CUST10052,2023-07-06,1109.37
CUST10738,2023-12-06,123.41
CUST10451,2025-01-07,2375.54
CUST10325,2024-06-26,667.28
CUST10435,2023-04-14,715.34
CUST10644,2025-07-18,544.97
CUST10026,2022-09-13,138.82
CUST10172,2025-04-08,2088.41
CUST10287,2024-03-24,659.03
CUST10371,2025-01-20,274.24
CUST10246,2024-09-28,1515.11
CUST10069,2023-07-19,589.32
CUST10148,2024-01-06,2374.67
CUST10626,2025-01-13,686.89
CUST10714,2025-06-24,496.5
CUST10327,2024-04-06,434.67
CUST10404,2024-08-06,314.58
CUST10554,2022-10-03,748.74
CUST10554,2024-12-17,257.59
CUST10598,2024-07-16,1075.24
CUST10720,2024-07-13,697.68
CUST10316,2024-08-19,216.35
CUST10773,2024-09-03,740.94
CUST10543,2025-04-02,395.3
CUST10783,2023-03-03,490.53
CUST10330,2023-07-12,1774.16
CUST10375,2024-05-11,773.83
CUST10821,2023-03-31,621.03
CUST10499,2022-10-08,446.19
CUST10144,2025-07-08,294.37
CUST10630,2024-12-30,760.05
CUST10214,2025-05-08,170.73
CUST10426,2025-06-17,1871.12
CUST10220,2024-11-28,776.19
CUST10106,2024-04-18,472.23
CUST10770,2024-02-09,209.54
CUST10083,2022-12-12,1202.34
CUST10946,2022-03-13,1601.46
CUST10175,2024-06-08,881.76
CUST10925,2023-01-24,2041.55
CUST10015,2022-03-07,446.38
CUST10650,2022-05-21,2471.73
CUST10973,2025-01-03,460.89
CUST10021,2022-04-19,518.6
CUST10084,2024-06-11,1277.99
CUST10465,2023-10-25,1018.14
CUST10540,2022-02-13,1442.65
CUST10846,2022-11-28,644.07
CUST10583,2024-11-30,1032.52
CUST10075,2023-05-27,166.98
CUST10190,2023-07-28,386.85
CUST10367,2024-02-23,518.81
CUST10539,2023-07-30,585.49
CUST10810,2022-06-25,401.82
CUST10569,2025-07-18,256.58
CUST10646,2021-04-23,363.77
CUST10927,2025-06-10,363.11
CUST10177,2024-08-27,1193.22
CUST10187,2025-01-03,1399.23
CUST10754,2024-09-20,2077.44
CUST10426,2023-06-24,438.51
CUST10077,2023-05-17,884.78
CUST10473,2024-01-13,2687.86
CUST10111,2024-02-11,1641.03
CUST10970,2024-08-24,2049.11
CUST10002,2025-05-03,1117.41
CUST10493,2022-12-29,344.11
CUST10789,2024-04-04,981.17
CUST10662,2025-07-07,882.74
CUST10373,2024-02-23,1855.41
CUST10413,2022-04-20,1324.45
CUST10750,2023-04-02,154.52
CUST10147,2023-06-17,243.29
CUST10597,2023-07-26,911.01
CUST10372,2021-10-25,344.31
CUST10142,2023-07-27,1786.22
CUST10612,2024-11-11,341.88
CUST10242,2022-01-10,489.64
CUST10398,2025-04-19,835.05
CUST10334,2025-07-06,509.3
CUST10193,2025-02-16,2480.74
CUST10982,2024-06-04,600.23
CUST10810,2022-03-22,928.62
CUST10922,2025-07-20,396.29
CUST10935,2025-02-23,842.6
CUST10543,2024-11-28,516.25
CUST10798,2023-06-13,2094.79
CUST10649,2022-03-23,362.7
CUST10988,2024-03-30,1781.93
CUST10546,2024-04-21,712.51
CUST10102,2025-03-13,947.79
CUST10964,2022-03-21,79.21
CUST10316,2024-07-12,1833.65
CUST10450,2025-01-10,591.64
CUST10211,2025-03-15,793.7
CUST10593,2025-03-31,319.25
CUST10702,2025-03-13,1070.91
CUST10941,2024-02-09,644.36
CUST10464,2025-03-02,1416.3
CUST10155,2024-12-05,1174.23
CUST10262,2024-06-20,363.07
CUST10054,2024-03-29,535.84
CUST10986,2023-05-15,638.14
CUST10952,2024-02-06,452.9
CUST10167,2025-07-05,890.23
CUST10201,2024-09-21,1423.87
CUST10712,2023-12-01,781.76
CUST10502,2020-12-31,2443.94
CUST10909,2024-07-08,923.14
CUST10964,2021-09-05,1441.8
CUST10552,2021-12-02,835.37
CUST10201,2025-04-27,803.89
CUST10043,2024-02-14,439.3
CUST10409,2024-05-02,157.52
CUST10644,2022-07-16,296.59
CUST10352,2025-04-25,820.66
CUST10489,2024-06-03,1149.95
CUST10519,2024-09-19,1012.44
CUST10897,2022-10-08,752.53
CUST10901,2023-02-10,905.72
CUST10842,2024-08-26,1532.31
CUST10872,2024-11-04,1150.02
CUST10425,2023-03-07,2133.74
CUST10226,2024-10-11,850.67
CUST10883,2024-08-13,1709.34
CUST10199,2024-12-25,1046.0
CUST10799,2024-06-13,1336.82
CUST10640,2024-12-21,1258.47
CUST10082,2025-06-07,247.4
CUST10015,2022-12-16,2254.56
CUST10858,2025-06-18,183.21
CUST10159,2024-10-29,448.28
CUST10814,2022-02-22,706.83
CUST10506,2024-07-23,2736.17
CUST10617,2024-02-25,1901.84
CUST10735,2024-02-26,800.17
CUST10220,2025-03-02,1314.99
CUST10508,2025-03-09,1167.74
CUST10966,2024-02-10,777.1
CUST10275,2024-02-04,1171.94
CUST10403,2022-05-13,345.72
CUST10126,2021-01-28,703.23
CUST10517,2024-11-10,424.99
CUST10071,2022-06-03,203.39
CUST10100,2025-04-04,854.46
CUST10355,2024-08-27,412.85
CUST10172,2024-07-14,1695.61
CUST10203,2023-09-26,750.29
CUST10701,2024-12-24,925.4
CUST10437,2023-03-16,514.11
CUST10317,2024-02-07,910.33
CUST10419,2022-06-02,373.73
CUST10944,2023-04-18,2041.8
CUST10263,2023-10-07,1421.16
CUST10790,2023-03-30,1908.82
CUST10532,2020-12-22,420.59
CUST10648,2022-11-02,833.9
CUST10943,2025-07-01,1092.65
CUST10251,2022-04-23,576.83
CUST10386,2024-11-23,103.84
CUST10417,2023-08-02,1176.8
CUST10034,2023-02-10,314.71
CUST10040,2024-01-07,215.45
CUST10767,2022-12-02,1019.35
CUST10742,2023-10-11,1885.38
CUST10197,2025-05-18,613.46
CUST10381,2024-03-02,901.9
CUST10415,2022-04-16,803.03
CUST10329,2022-12-11,1240.48
CUST10782,2022-10-08,525.57
CUST10419,2024-09-06,1357.83
CUST10283,2024-08-15,411.08
CUST10462,2024-01-28,443.83
CUST10725,2021-05-01,370.5
CUST10401,2024-02-23,1551.6
CUST10179,2023-03-18,1880.22
CUST10131,2024-01-15,1160.19
CUST10712,2025-02-07,905.76
CUST10440,2023-06-06,329.28
CUST10357,2021-06-23,558.42
CUST10720,2025-05-06,773.97
CUST10694,2024-06-13,263.76
CUST10374,2024-08-01,1263.79
CUST10876,2024-06-18,983.63
CUST10592,2025-02-22,149.12
CUST10787,2023-12-13,1003.55
CUST10382,2022-07-09,1095.25
CUST10512,2025-05-10,1065.6
CUST10445,2024-12-27,348.27
CUST10035,2024-09-15,1266.31
CUST10376,2022-03-23,1264.94
CUST10776,2023-01-18,1476.67
CUST10126,2024-11-13,1517.57
CUST10342,2022-10-30,1871.85
CUST10054,2022-03-01,528.0
CUST10217,2024-01-23,2528.92
CUST10762,2024-09-13,405.96
CUST10627,2025-07-12,2140.7
CUST10954,2024-11-22,650.58
CUST10366,2022-05-02,219.92
CUST10183,2023-07-27,601.52
CUST10569,2025-02-19,364.01
CUST10779,2024-04-30,971.64
CUST10597,2024-05-04,282.2
CUST10744,2022-07-02,331.18
CUST10956,2025-06-03,530.9
CUST10858,2024-12-14,1990.87
CUST10293,2025-07-18,943.5
CUST10511,2024-08-11,1282.44
CUST10573,2025-07-12,1829.61
CUST10178,2022-06-10,578.56
CUST10433,2025-06-16,264.04
CUST10377,2024-05-30,1362.91
CUST10894,2024-01-19,415.53
CUST10838,2025-05-20,2010.61
CUST10380,2023-09-28,1598.58
CUST10982,2023-08-19,511.22
CUST10896,2025-07-21,756.49
CUST10031,2024-03-14,592.69
CUST10170,2025-03-11,328.24
CUST10839,2024-10-22,1133.64
CUST10187,2024-11-03,1813.59
CUST10627,2025-05-02,302.23
CUST10367,2025-01-25,654.18
CUST10811,2022-09-03,553.32
CUST10705,2025-04-07,948.23
CUST10718,2024-10-17,1970.69
CUST10481,2025-04-03,344.63
CUST10999,2023-07-30,2539.21
CUST10641,2024-02-17,229.63
CUST10456,2023-04-14,380.15
CUST10700,2025-04-19,1080.27
CUST10553,2022-08-10,1411.19
CUST10196,2025-06-12,831.31
CUST10125,2025-05-01,1150.35
CUST10328,2024-11-17,235.84
CUST10671,2022-11-11,1896.11
CUST10864,2025-01-03,760.92
CUST10934,2023-06-19,290.71
CUST10761,2025-01-29,2758.75
CUST10016,2023-09-06,930.44
CUST10438,2024-08-01,233.1
CUST10227,2024-12-15,205.14
CUST10919,2024-12-01,250.77
CUST10958,2024-02-25,3945.1
CUST10449,2025-01-23,510.87
CUST10316,2024-06-28,384.48
CUST10430,2024-07-27,1448.4
CUST10282,2024-05-14,1583.25
CUST10081,2024-03-17,1136.29
CUST10569,2024-10-26,749.47
CUST10203,2024-07-14,383.46
CUST10463,2025-03-19,684.28
CUST10114,2023-11-19,495.16
CUST10653,2022-11-15,2410.13
CUST10039,2024-09-13,175.64
CUST10798,2022-10-02,371.5
CUST10880,2025-03-17,378.49
CUST10710,2025-04-04,376.79
CUST10004,2024-06-30,3307.04
CUST10545,2024-12-12,1612.07
CUST10796,2023-06-30,1266.26
CUST10586,2024-10-11,330.37
CUST10923,2024-12-23,1709.13
CUST10229,2023-04-28,2368.59
CUST10245,2025-01-20,168.56
CUST10032,2023-11-06,759.66
CUST10619,2025-03-30,172.54
CUST10510,2025-06-01,787.96
CUST10685,2023-05-29,807.36
CUST10339,2024-05-08,299.55
CUST10209,2024-06-11,1416.53
CUST10195,2024-10-03,1418.86
CUST10851,2024-11-02,715.18
CUST10113,2022-11-14,490.12
CUST10029,2024-07-25,2911.04
CUST10710,2024-05-26,2295.99
CUST10780,2023-12-01,167.32
CUST10306,2021-02-17,421.2
CUST10640,2025-03-26,2950.8
CUST10287,2024-12-21,238.43
CUST10718,2025-02-11,1383.23
CUST10096,2025-01-25,295.97
CUST10136,2021-01-07,450.38
CUST10379,2025-03-08,562.49
CUST10460,2024-09-02,609.58
CUST10433,2024-12-23,645.15
CUST10998,2023-03-23,1365.85
CUST10868,2024-10-28,561.13
CUST10337,2023-04-05,1065.39
CUST10851,2024-09-18,380.84
CUST10819,2023-10-27,1382.27
CUST10769,2024-04-27,3203.86
CUST10840,2022-12-24,498.82
CUST10733,2024-08-08,2124.13
CUST10063,2021-10-07,1615.82
CUST10520,2024-08-13,549.54
CUST10311,2025-02-04,309.75
CUST10085,2024-04-17,2042.31
CUST10474,2024-06-12,2255.31
CUST10227,2024-10-06,824.69
CUST10163,2025-03-15,825.27
CUST10579,2025-04-26,860.33
CUST10592,2025-03-06,1732.03
CUST10600,2025-05-15,745.87
CUST10214,2025-06-22,1274.44
CUST10536,2024-11-28,1446.24
CUST10299,2024-04-26,352.52
CUST10772,2023-05-09,473.13
CUST10602,2024-02-08,452.77
CUST10671,2022-04-21,2705.44
CUST10587,2025-07-28,440.02
CUST10481,2023-12-13,732.47
CUST10293,2024-07-11,768.72
CUST10696,2024-01-22,610.56
CUST10287,2023-05-28,687.38
CUST10101,2021-11-05,887.41
CUST10564,2024-12-07,199.79
CUST10666,2024-04-27,389.45
CUST10974,2023-06-06,602.8
CUST10259,2025-04-09,1592.52
CUST10911,2023-12-31,1302.78
CUST10165,2022-11-26,284.64
CUST10181,2022-09-29,771.06
CUST10538,2022-06-30,588.17
CUST10767,2022-09-16,1572.11
CUST10608,2024-06-23,1219.4
CUST10170,2023-06-22,1352.34
CUST10978,2023-03-28,1835.62
CUST10439,2024-06-11,1943.25
CUST10708,2024-01-27,1631.08
CUST10309,2023-07-25,885.38
CUST10955,2025-01-24,776.29
CUST10406,2022-07-06,191.91
CUST10407,2024-11-06,1392.2
CUST10237,2025-03-18,1040.56
CUST10931,2024-11-03,1301.42
CUST10171,2022-03-05,901.7
CUST10421,2023-01-26,1300.9
CUST10175,2023-03-20,2913.95
CUST10575,2024-06-16,993.79
CUST10832,2025-05-30,369.03
CUST10555,2025-03-31,2466.01
CUST10338,2025-03-06,135.44
CUST10249,2024-11-08,2100.51
CUST10948,2025-05-05,908.63
CUST10222,2024-12-14,749.07
CUST10796,2024-02-14,129.39
CUST10152,2024-08-03,1397.33
CUST10294,2023-10-16,2584.29
CUST10720,2025-04-21,277.22
CUST10686,2024-01-31,1328.5
CUST10076,2024-04-16,554.53
CUST10649,2023-12-18,2204.32
CUST10838,2024-11-24,588.64
CUST10077,2024-09-07,409.3
CUST10707,2022-04-03,876.85
CUST10245,2024-07-29,859.63
CUST10118,2024-01-25,852.28
CUST10664,2025-06-18,1071.62
CUST10312,2025-01-30,541.65
CUST10769,2022-11-16,2781.28
CUST10010,2024-11-15,366.52
CUST10135,2025-02-20,919.31
CUST10415,2022-08-23,861.46
CUST10405,2024-03-19,1004.98
CUST10998,2025-01-07,605.6
CUST10992,2024-05-25,1531.74
CUST10876,2024-10-26,1441.9
CUST10648,2021-06-23,1569.31
CUST10057,2025-03-21,727.03
CUST10127,2025-03-10,698.7
CUST10617,2022-07-10,2739.47
CUST10053,2025-01-11,1955.65
CUST10134,2025-04-03,1356.2
CUST10476,2024-11-20,1087.92
CUST10404,2025-03-13,2873.97
CUST10925,2022-06-11,430.57
CUST10895,2025-03-26,1037.5
CUST10299,2025-04-30,1248.91
CUST10244,2024-01-01,542.01
CUST10162,2024-06-24,1963.31
CUST10481,2023-02-18,528.25
CUST10239,2025-02-02,868.28
CUST10652,2024-01-14,365.88
CUST10598,2023-02-03,1336.96
CUST10230,2023-11-10,2397.3
CUST10620,2024-09-18,2643.63
CUST10998,2023-12-21,2936.28
CUST10257,2023-08-20,268.5
CUST10536,2024-05-04,816.48
CUST10782,2025-05-29,1478.42
CUST10427,2022-02-16,377.31
CUST10826,2024-11-19,1217.78
CUST10471,2023-12-30,679.99
CUST10593,2024-05-22,1651.31
CUST10576,2025-04-17,963.4
CUST10719,2025-02-06,1392.53
CUST10288,2024-06-19,705.41
CUST10135,2024-02-11,433.67
CUST10651,2024-02-01,676.96
CUST10674,2021-07-22,1427.14
CUST10525,2023-09-24,884.46
CUST10884,2024-12-17,2053.34
CUST10828,2025-07-09,76.34
CUST10132,2025-05-19,244.35
CUST10922,2024-08-21,1870.77
CUST10033,2025-07-19,426.1
CUST10133,2025-06-08,252.82
CUST10649,2021-12-27,1068.14
CUST10545,2023-09-20,1504.97
CUST10157,2023-10-07,1742.84
CUST10598,2021-11-14,254.33
CUST10009,2024-08-14,971.44
CUST10530,2024-10-19,446.49
CUST10258,2025-01-07,2146.87
CUST10559,2021-06-30,151.25
CUST10561,2024-07-11,2228.04
CUST10178,2024-04-12,1102.08
CUST10735,2025-04-30,560.98
CUST10035,2025-07-01,386.4
CUST10355,2025-05-14,2834.32
CUST10894,2024-12-02,1794.32
CUST10492,2024-12-24,1046.05
CUST10558,2025-01-31,1832.44
CUST10828,2023-07-15,730.8
CUST10626,2025-02-11,769.05
CUST10190,2025-03-19,1115.85
CUST10237,2024-02-22,168.18
CUST10333,2022-06-02,268.0
CUST10665,2022-05-01,871.78
CUST10908,2024-06-24,588.1
CUST10774,2023-09-28,675.87
CUST10649,2023-07-16,1307.88
CUST10188,2024-06-08,427.22
CUST10723,2024-04-12,998.82
CUST10216,2023-06-16,1777.21
CUST10691,2022-12-15,1942.8
CUST10176,2025-05-28,1131.77
CUST10894,2024-10-14,1047.5
CUST10822,2022-01-01,1963.09
CUST10579,2024-08-14,573.98
CUST10504,2022-10-25,865.24
CUST10679,2025-04-11,1095.65
CUST10755,2025-03-02,1202.18
CUST10253,2025-05-16,423.96
CUST10128,2022-08-28,1723.55
CUST10213,2024-11-22,499.3
CUST10047,2024-10-24,1280.38
CUST10526,2023-01-17,221.25
CUST10342,2022-06-05,91.45
CUST10828,2024-03-28,2718.88
CUST10252,2022-06-16,326.93
CUST10414,2025-01-25,660.13
CUST10468,2025-07-17,321.1
CUST10735,2025-05-20,171.79
CUST10271,2023-12-03,1014.19
CUST10874,2025-05-16,559.42
CUST10729,2024-03-29,1061.76
CUST10186,2024-09-17,1439.14
CUST10119,2025-07-03,1180.66
CUST10045,2024-01-26,1459.38
CUST10089,2024-05-13,612.27
CUST10037,2024-06-17,70.49
CUST10293,2025-07-19,549.47
CUST10510,2022-11-11,485.83
CUST10051,2025-02-24,833.85
CUST10123,2024-09-03,789.77
CUST10645,2024-08-21,235.79
CUST10319,2021-09-21,192.88
CUST10829,2022-08-13,783.82
CUST10878,2025-02-03,776.68
CUST10616,2022-08-07,2246.44
CUST10379,2023-05-04,908.64
CUST10817,2022-12-03,259.54
CUST10956,2025-02-20,692.97
CUST10354,2023-05-08,482.01
CUST10244,2023-02-10,759.21
CUST10216,2025-03-30,463.91
CUST10262,2024-06-06,1035.38
CUST10932,2024-08-04,1637.83
CUST10194,2025-03-05,281.03
CUST10166,2024-03-03,735.34
CUST10347,2024-08-18,1452.9
CUST10285,2022-06-04,1710.45
CUST10883,2025-03-03,509.18
CUST10887,2021-12-06,139.93
CUST10675,2024-06-18,2219.04
CUST10755,2023-03-17,702.72
CUST10330,2024-01-02,1022.05
CUST10371,2024-06-06,396.18
CUST10939,2024-09-02,1464.57
CUST10037,2023-12-10,2332.06
CUST10079,2024-08-11,875.0
CUST10218,2023-08-23,736.11
CUST10865,2024-08-21,3160.77
CUST10177,2024-02-28,1087.38
CUST10403,2023-09-18,992.31
CUST10661,2022-11-23,785.74
CUST10468,2022-12-09,687.87
CUST10214,2024-10-23,476.56
CUST10635,2022-03-27,840.23
CUST10012,2023-06-19,506.4
CUST10474,2024-09-24,664.29
CUST10406,2023-09-25,203.24
CUST10387,2024-02-09,1938.11
CUST10977,2025-07-08,2057.92
CUST10356,2024-01-14,85.71
CUST10703,2022-11-17,51.7
CUST10379,2022-12-24,825.79
CUST10908,2024-05-03,1210.47
CUST10504,2022-12-09,1576.58
CUST10859,2022-04-01,4086.78
CUST10614,2021-10-15,584.74
CUST10616,2025-04-02,2685.44
CUST10008,2024-12-23,1333.44
CUST10663,2024-10-25,1873.78
CUST10258,2023-06-19,1215.6
CUST10767,2024-11-09,526.65
CUST10079,2025-01-19,335.02
CUST10830,2023-05-30,269.68
CUST10678,2025-05-07,483.0
CUST10869,2023-06-24,2934.1
CUST10059,2025-06-13,505.94
CUST10938,2022-07-18,1691.12
CUST10414,2024-12-08,1007.28
CUST10416,2020-10-18,1869.19
CUST10965,2023-02-09,1387.41
CUST10382,2024-11-20,811.68
CUST10816,2024-02-01,272.74
CUST10722,2023-09-20,297.19
CUST10410,2023-05-26,979.51
CUST10189,2023-09-03,1108.79
CUST10311,2025-01-31,1129.47
CUST10653,2025-02-01,420.2
CUST10200,2023-10-19,661.12
CUST10786,2023-09-01,960.84
CUST10628,2024-06-27,3300.98
CUST10091,2025-04-20,1482.39
CUST10871,2022-08-20,768.84
CUST10311,2025-04-10,2764.47
CUST10030,2024-08-14,266.39
CUST10434,2023-03-30,601.79
CUST10039,2024-07-29,804.94
CUST10842,2025-01-20,531.04
CUST10468,2022-10-22,875.1
CUST10005,2021-07-15,789.53
CUST10413,2023-12-30,1007.88
CUST10207,2023-01-17,610.89
CUST10558,2022-09-28,184.04
CUST10628,2022-07-16,737.53
CUST10853,2025-05-05,939.72
CUST10487,2025-03-01,735.63
CUST10806,2024-11-30,853.08
CUST10262,2023-06-30,73.33
CUST10848,2025-04-05,374.05
CUST10024,2025-07-22,748.33
CUST10612,2023-09-03,3429.84
CUST10711,2025-02-07,607.58
CUST10763,2024-07-30,539.37
CUST10214,2025-04-11,746.06
CUST10938,2022-04-23,368.62
CUST10228,2023-05-03,321.16
CUST10700,2024-04-11,615.6
CUST10668,2025-03-16,3316.95
CUST10142,2025-04-11,1422.24
CUST10975,2021-07-28,1576.55
CUST10782,2022-10-21,514.44
CUST10612,2023-12-20,451.95
CUST10718,2025-05-28,1025.49
CUST10339,2023-02-28,1178.08
CUST10803,2023-06-01,1791.21
CUST10245,2024-08-02,1204.46
CUST10644,2023-01-29,208.07
CUST10269,2024-10-02,2435.59
CUST10339,2021-10-05,1047.75
CUST10036,2025-06-21,308.05
CUST10394,2025-06-17,669.92
CUST10296,2023-05-29,2225.25
CUST10017,2025-02-26,158.4
CUST10646,2021-12-20,558.54
CUST10479,2024-04-24,490.73
CUST10026,2023-09-20,565.91
CUST10985,2025-01-22,841.94
CUST10435,2023-09-25,427.86
CUST10016,2024-06-10,423.44
CUST10111,2024-09-09,850.21
CUST10854,2025-06-23,1775.47
CUST10177,2025-06-24,2099.36
CUST10958,2025-05-02,494.52
CUST10678,2024-07-07,1660.85
CUST10254,2024-12-04,505.17
CUST10019,2024-03-22,797.38
CUST10414,2022-07-27,530.78
CUST10941,2024-02-26,156.02
CUST10856,2024-07-06,537.24
CUST10621,2024-09-21,1669.29
CUST10455,2022-06-06,990.71
CUST10157,2022-09-04,473.96
CUST10796,2023-01-29,589.53
CUST10078,2024-05-20,344.62
CUST10219,2022-07-03,1830.64
CUST10195,2024-06-08,790.26
CUST10778,2022-08-05,1296.95
CUST10849,2021-03-29,190.8
CUST10426,2024-08-09,670.47
CUST10576,2024-10-16,627.7
CUST10951,2025-04-07,806.96
CUST10952,2023-11-19,978.39
CUST10589,2025-01-20,838.73
CUST10711,2025-05-14,965.46
CUST10366,2022-09-28,205.02
CUST10870,2024-02-04,839.83
CUST10910,2024-10-27,525.98
CUST10376,2022-03-31,1306.84
CUST10064,2024-01-15,1171.98
CUST10738,2023-10-23,3536.89
CUST10802,2024-06-01,1224.84
CUST10225,2022-10-22,727.63
CUST10201,2024-09-01,1356.5
CUST10096,2025-01-06,498.87
CUST10130,2024-10-20,1559.39
CUST10617,2023-08-22,895.33
CUST10952,2025-01-14,2215.55
CUST10875,2025-02-07,509.05
CUST10283,2024-05-25,416.26
CUST10355,2022-11-08,668.06
CUST10723,2023-03-29,190.51
CUST10947,2023-01-24,459.68
CUST10766,2025-02-27,2350.54
CUST10335,2022-02-01,1114.32
CUST10434,2021-12-25,286.87
CUST10270,2022-12-09,374.61
CUST10422,2022-11-20,1520.13
CUST10363,2024-08-17,317.35
CUST10676,2024-04-05,904.47
CUST10233,2022-04-15,866.16
CUST10076,2024-07-08,1545.06
CUST10465,2023-01-05,683.9
CUST10828,2024-03-17,1551.06
CUST10224,2024-11-17,901.42
CUST10645,2023-03-28,2164.98
CUST10283,2024-06-19,1577.31
CUST10648,2025-01-18,1331.25
CUST10010,2024-11-05,526.79
CUST10890,2023-09-08,2040.48
CUST10521,2024-07-21,842.47
CUST10613,2024-12-13,660.82
CUST10881,2025-01-25,1560.26
CUST10326,2024-10-02,2788.88
CUST10956,2025-07-23,927.83
CUST10193,2024-05-21,2101.04
CUST10966,2025-03-02,1429.69
CUST10986,2024-03-15,299.49
CUST10945,2024-07-27,255.53
CUST10367,2024-10-05,2907.28
CUST10587,2022-06-20,1539.55
CUST10692,2023-09-09,911.56
CUST10311,2024-07-30,1046.5
CUST10383,2023-09-19,854.71
CUST10717,2025-07-19,629.3
CUST10201,2025-04-28,1408.44
CUST10677,2025-04-05,385.85
CUST10999,2024-06-30,56.85
CUST10359,2025-02-08,503.04
CUST10330,2023-09-25,905.1
CUST10915,2022-12-10,1278.82
CUST10566,2025-01-20,173.21
CUST10561,2025-07-11,1857.81
CUST10937,2023-12-11,376.46
CUST10274,2023-11-26,1013.98
CUST10971,2025-06-30,893.53
CUST10416,2024-02-14,1399.35
CUST10091,2022-06-15,1755.52
CUST10386,2025-06-06,2469.69
CUST10195,2024-03-04,2245.28
CUST10754,2024-08-03,692.52
CUST10459,2023-02-26,709.15
CUST10745,2025-01-04,925.61
CUST10591,2024-05-09,274.89
CUST10835,2023-09-12,2908.88
CUST10201,2025-07-21,923.52
CUST10221,2023-09-21,80.95
CUST10333,2022-07-21,922.79
CUST10490,2025-06-02,256.83
CUST10449,2022-09-02,266.47
CUST10005,2024-12-16,1995.73
CUST10848,2024-04-01,420.65
CUST10049,2024-06-30,1954.2
CUST10306,2021-06-04,1209.93
CUST10129,2025-05-23,466.98
CUST10522,2022-08-24,1268.71
CUST10398,2025-07-26,924.42
CUST10072,2023-10-02,692.31
CUST10300,2023-10-10,655.74
CUST10567,2024-02-27,987.39
CUST10595,2024-04-03,1987.57
CUST10131,2025-06-01,796.83
CUST10330,2023-09-05,572.41
CUST10329,2023-03-01,674.14
CUST10897,2024-01-03,667.35
CUST10395,2024-03-16,168.84
CUST10487,2024-10-15,2241.6
CUST10930,2025-03-30,1285.94
CUST10645,2025-04-28,574.03
CUST10685,2024-01-14,295.29
CUST10577,2022-07-31,702.37
CUST10149,2024-02-17,449.64
CUST10836,2022-06-02,640.49
CUST10263,2021-12-08,2192.22
CUST10225,2023-12-18,925.61
CUST10252,2023-12-11,107.38
CUST10386,2024-07-12,954.04
CUST10728,2023-11-05,2895.57
CUST10583,2024-07-17,817.63
CUST10377,2023-06-25,345.33
CUST10629,2024-07-20,119.88
CUST10632,2024-04-07,1526.29
CUST10548,2023-05-25,1435.58
CUST10765,2024-06-04,1095.88
CUST10051,2024-03-22,1308.62
CUST10308,2024-05-03,1243.23
CUST10474,2024-11-21,1136.3
CUST10517,2025-05-04,1045.39
CUST10947,2025-07-08,982.48
CUST10865,2025-07-20,395.69
CUST10715,2024-12-19,864.31
CUST10352,2023-05-01,952.81
CUST10660,2024-04-11,992.3
CUST10005,2022-03-02,929.94
CUST10152,2025-07-07,689.07
CUST10487,2025-03-14,690.16
CUST10510,2023-10-17,1775.0
CUST10777,2025-06-28,1029.15
CUST10837,2022-02-18,248.66
CUST10019,2023-03-07,1328.54
CUST10033,2025-06-10,1069.47
CUST10400,2022-09-21,384.73
CUST10670,2021-09-25,1693.39
CUST10709,2022-04-03,606.43
CUST10947,2023-11-11,1095.8
CUST10446,2025-05-21,1834.5
CUST10752,2023-10-31,1138.42
CUST10907,2023-10-21,562.83
CUST10856,2022-07-03,450.07
CUST10110,2023-10-24,1213.15
CUST10209,2024-06-08,981.66
CUST10868,2024-12-12,1083.65
CUST10701,2024-10-09,756.62
CUST10435,2025-06-11,340.96
CUST10736,2021-06-10,739.3
CUST10849,2024-09-10,904.59
CUST10380,2023-09-11,1577.37
CUST10441,2021-08-10,1920.01
CUST10461,2023-06-01,462.85
CUST10393,2024-05-19,563.7
CUST10435,2024-11-05,771.66
CUST10064,2023-10-09,554.03
CUST10511,2025-05-01,472.28
CUST10186,2024-12-18,2638.79
CUST10525,2025-02-25,759.23
CUST10703,2022-11-08,1421.32
CUST10960,2021-11-23,438.3
CUST10219,2023-01-21,1558.68
CUST10992,2024-12-30,909.49
CUST10190,2025-02-06,602.58
CUST10102,2024-07-25,1397.59
CUST10749,2024-07-14,1436.11
CUST10434,2024-05-02,1867.33
CUST10804,2024-09-28,299.11
CUST10369,2023-05-30,257.31
CUST10225,2024-06-10,1232.44
CUST10184,2024-06-08,1263.32
CUST10394,2024-04-30,2542.21
CUST10986,2021-09-25,582.84
CUST10711,2024-12-24,1102.61
CUST10597,2022-11-14,1372.12
CUST10363,2024-10-03,766.27
CUST10728,2025-01-06,1180.95
CUST10612,2023-06-19,748.07
CUST10378,2024-03-21,417.08
CUST10144,2024-10-18,306.07
CUST10550,2022-12-16,1044.05
CUST10681,2023-10-11,1239.39
CUST10163,2025-05-27,974.58
CUST10965,2024-06-07,781.25
CUST10817,2024-12-20,932.62
CUST10821,2023-03-18,883.1
CUST10239,2024-10-25,1369.0
CUST10262,2023-06-01,1441.47
CUST10563,2025-05-05,793.41
CUST10253,2024-03-16,1383.93
CUST10665,2021-08-10,569.49
CUST10816,2022-10-05,328.45
CUST10884,2024-01-01,1853.61
CUST10884,2024-05-17,1080.26
CUST10839,2025-02-24,918.63
CUST10073,2024-06-07,618.91
CUST10823,2024-05-09,3211.49
CUST10081,2023-09-22,1252.8
CUST10207,2024-03-12,2287.17
CUST10576,2024-10-02,357.66
CUST10447,2021-05-22,250.52
CUST10503,2025-05-24,1349.13
CUST10780,2025-06-24,381.59
CUST10951,2024-04-26,1875.66
CUST10881,2025-04-16,704.81
CUST10039,2024-04-11,686.18
CUST10329,2022-08-28,586.37
CUST10225,2022-03-12,709.18
CUST10965,2023-08-05,765.68
CUST10076,2024-08-28,830.19
CUST10439,2024-03-29,934.59
CUST10086,2024-05-12,2315.5
CUST10326,2021-08-04,443.42
CUST10186,2024-08-29,1235.97
CUST10829,2021-06-07,584.31
CUST10983,2022-09-23,1172.14
CUST10489,2024-06-02,1109.15
CUST10241,2021-09-28,408.59
CUST10993,2022-03-28,1140.8
CUST10362,2024-01-27,467.59
CUST10759,2025-03-30,1413.28
CUST10843,2022-12-02,1690.64
CUST10605,2024-11-20,611.18
CUST10586,2025-06-19,409.62
CUST10984,2022-03-07,1085.06
CUST10203,2023-11-01,2093.3
CUST10830,2024-05-16,274.03
CUST10290,2023-11-22,1503.36
CUST10171,2025-05-21,108.8
CUST10463,2024-02-26,741.28
CUST10948,2024-05-04,38.61
CUST10791,2023-08-10,520.91
CUST10739,2024-05-01,1009.34
CUST10769,2025-07-29,1517.28
CUST10115,2021-03-28,888.09
CUST10697,2021-07-07,816.24
CUST10028,2023-04-12,754.33
CUST10104,2024-05-14,129.56
CUST10259,2025-06-02,407.85
CUST10546,2025-02-08,1821.86
CUST10312,2025-06-01,1935.52
CUST10803,2025-06-07,463.79
CUST10105,2021-04-07,1501.87
CUST10736,2021-03-12,1896.82
CUST10918,2025-06-04,585.61
CUST10290,2023-06-17,279.76
CUST10207,2021-01-30,296.79
CUST10926,2022-08-07,385.09
CUST10473,2025-05-10,1802.55
CUST10745,2024-10-28,679.88
CUST10230,2023-10-23,751.27
CUST10758,2021-12-11,1352.41
CUST10029,2024-09-05,717.75
CUST10425,2024-05-12,2155.08
CUST10797,2024-10-19,884.76
CUST10075,2023-05-05,345.02
CUST10857,2025-06-10,518.36
CUST10348,2025-01-29,741.56
CUST10476,2024-07-02,670.01
CUST10462,2024-07-24,1496.38
CUST10462,2022-06-11,901.1
CUST10572,2024-10-29,696.51
CUST10655,2024-11-09,593.02
CUST10228,2025-01-23,1029.51
CUST10442,2023-01-11,524.82
CUST10282,2023-03-08,799.68
CUST10388,2024-06-15,1819.42
CUST10613,2025-03-09,707.22
CUST10973,2024-05-16,155.17
CUST10851,2025-01-02,639.8
CUST10089,2024-09-16,76.75
CUST10588,2022-06-01,303.93
CUST10901,2023-10-11,1658.96
CUST10408,2023-05-09,2396.27
CUST10677,2024-12-17,272.96
CUST10936,2024-07-29,816.41
CUST10406,2025-04-21,837.37
CUST10102,2023-02-27,843.12
CUST10106,2024-03-29,477.87
CUST10373,2023-04-28,245.01
CUST10865,2025-05-25,1151.08
CUST10841,2024-12-20,1941.91
CUST10785,2024-06-06,1290.5
CUST10906,2022-09-05,741.52
CUST10361,2022-08-04,789.82
CUST10359,2024-11-02,1573.97
CUST10405,2024-06-18,270.89
CUST10488,2024-11-10,648.15
CUST10498,2025-04-19,280.21
CUST10940,2022-03-27,462.65
CUST10954,2024-09-28,896.86
CUST10210,2022-07-07,439.51
CUST10658,2025-04-18,546.29
CUST10220,2022-04-10,417.25
CUST10842,2024-11-08,316.19
CUST10817,2024-09-10,379.29
CUST10144,2025-07-27,110.19
CUST10826,2023-05-10,150.52
CUST10211,2025-04-05,1405.28
CUST10118,2024-02-04,100.32
CUST10753,2023-02-26,1092.21
CUST10842,2024-09-21,676.86
CUST10014,2025-03-09,1461.65
CUST10587,2023-05-27,632.93
CUST10867,2024-12-21,1236.71
CUST10735,2024-02-13,51.64
CUST10879,2023-12-01,629.74
CUST10936,2025-06-01,106.84
CUST10188,2025-05-15,1116.42
CUST10498,2025-04-23,506.22
CUST10924,2024-07-02,1141.05
CUST10351,2024-09-27,1386.54
CUST10257,2023-04-06,1132.39
CUST10899,2025-07-07,471.89
CUST10318,2024-01-10,1479.02
CUST10091,2022-08-15,199.08
CUST10842,2024-06-24,400.05
CUST10215,2025-02-25,60.36
CUST10795,2024-08-26,408.62
CUST10713,2021-06-05,588.76
CUST10985,2024-12-07,967.99
CUST10638,2023-03-12,1243.68
CUST10785,2023-11-16,1232.63
CUST10561,2023-11-10,1303.83
CUST10144,2025-01-31,541.04
CUST10830,2025-03-29,431.75
CUST10675,2024-02-04,794.47
CUST10258,2022-08-28,1315.01
CUST10992,2022-11-11,203.55
CUST10728,2025-07-14,149.7
CUST10244,2022-08-31,2049.48
CUST10098,2024-03-10,1397.69
CUST10582,2023-12-09,710.94
CUST10799,2024-04-28,507.93
CUST10306,2021-06-15,447.71
CUST10984,2022-04-02,1635.66
CUST10535,2024-05-30,1616.33
CUST10426,2023-09-24,1190.85
CUST10329,2025-04-18,548.74
CUST10866,2022-04-09,788.43
CUST10592,2025-01-05,990.33
CUST10568,2023-08-01,701.86
CUST10365,2024-10-25,190.13
CUST10158,2024-03-25,1270.71
CUST10536,2025-04-01,601.2
CUST10470,2025-05-11,238.19
CUST10517,2024-09-15,1642.33
CUST10233,2022-11-18,212.75
CUST10656,2021-10-03,139.15
CUST10320,2024-03-19,652.71
CUST10212,2024-03-21,960.91
CUST10567,2024-09-23,1619.9
CUST10889,2022-03-27,684.73
CUST10761,2021-03-19,1765.9
CUST10336,2022-12-25,599.79
CUST10131,2024-03-01,1376.66
CUST10927,2024-06-06,1322.69
CUST10556,2022-01-24,616.34
CUST10140,2024-07-04,391.24
CUST10404,2025-02-15,466.42
CUST10996,2022-08-26,1245.42
CUST10735,2024-11-06,4396.78
CUST10855,2025-03-02,794.15
CUST10841,2024-06-03,1814.61
CUST10833,2023-12-20,965.69
CUST10872,2024-12-19,1991.79
CUST10288,2024-07-25,744.82
CUST10037,2022-01-22,489.06
CUST10030,2023-09-11,690.15
CUST10728,2023-09-28,1598.07
CUST10851,2024-11-09,267.81
CUST10035,2023-06-22,1202.55
CUST10416,2024-11-04,327.76
CUST10970,2024-03-01,470.66
CUST10864,2022-05-24,1332.53
CUST10375,2025-03-04,661.74
CUST10871,2025-07-15,2077.73
CUST10043,2021-05-20,704.63
CUST10513,2024-11-05,902.02
CUST10472,2025-02-15,594.41
CUST10592,2025-05-08,205.08
CUST10742,2024-11-10,444.13
CUST10701,2025-06-03,159.07
CUST10466,2023-04-16,836.35
CUST10651,2022-07-27,504.58
CUST10516,2021-08-06,897.11
CUST10303,2025-02-26,653.93
CUST10556,2024-07-24,1239.34
CUST10408,2024-12-06,428.05
CUST10413,2025-01-11,155.73
CUST10693,2024-07-16,561.66
CUST10768,2025-04-17,1093.89
CUST10338,2025-07-10,693.4
CUST10259,2024-11-13,730.3
CUST10498,2024-04-05,174.6
CUST10081,2022-06-09,367.22
CUST10020,2024-02-02,1218.89
CUST10963,2025-05-13,302.54
CUST10997,2023-04-22,608.28
CUST10801,2024-12-25,1237.18
CUST10153,2023-12-05,714.46
CUST10323,2022-10-03,412.68
CUST10066,2025-01-08,1724.97
CUST10671,2025-02-23,362.22
CUST10368,2021-11-19,904.72
CUST10055,2024-05-21,855.67
CUST10062,2024-07-19,355.64
CUST10652,2024-02-04,879.81
CUST10392,2024-08-22,973.12
CUST10329,2025-05-16,552.8
CUST10891,2025-04-23,360.79
CUST10221,2022-02-25,73.1
CUST10142,2024-08-20,185.4
CUST10438,2024-10-21,198.88
CUST10930,2023-10-09,681.48
CUST10239,2024-09-24,1311.75
CUST10891,2025-04-15,1755.17
CUST10290,2025-06-06,475.98
CUST10348,2025-03-31,99.37
CUST10004,2024-05-25,144.49
CUST10230,2024-12-06,167.43
CUST10217,2021-08-27,392.55
CUST10271,2024-12-08,405.53
CUST10414,2025-04-02,906.87
CUST10972,2024-03-03,1108.05
CUST10307,2022-09-24,748.75
CUST10481,2024-12-24,1971.57
CUST10415,2022-09-11,1559.78
CUST10967,2024-06-02,675.53
CUST10499,2023-08-05,827.05
CUST10797,2023-06-23,293.81
CUST10608,2023-09-24,1047.16
CUST10477,2022-07-24,445.24
CUST10792,2025-03-18,2959.23
CUST10270,2021-11-06,142.85
CUST10017,2024-03-03,645.49
CUST10477,2023-09-14,545.21
CUST10459,2025-03-31,303.51
CUST10465,2024-07-25,1475.9
CUST10948,2024-09-26,131.37
CUST10540,2025-02-24,806.11
CUST10436,2025-04-05,187.3
CUST10767,2023-07-06,1113.93
CUST10814,2022-09-14,589.98
CUST10637,2025-06-11,621.67
CUST10223,2024-08-27,560.74
CUST10610,2024-07-18,857.11
CUST10374,2023-08-04,2359.06
CUST10651,2023-04-16,739.41
CUST10447,2024-04-19,200.76
CUST10174,2024-08-31,373.87
CUST10972,2025-07-09,98.22
CUST10178,2022-12-25,1091.21
CUST10672,2024-11-17,130.03
CUST10579,2025-07-17,594.4
CUST10828,2023-07-31,426.03
CUST10468,2025-05-06,1117.99
CUST10565,2025-05-31,2085.05
CUST10362,2024-07-09,1202.53
CUST10637,2024-10-02,2851.87
CUST10532,2022-04-24,2423.23
CUST10023,2021-07-14,442.25
CUST10902,2023-09-18,2600.46
CUST10220,2021-06-30,782.24
CUST10765,2025-04-24,1388.99
CUST10113,2022-06-08,847.92
CUST10382,2023-08-12,854.37
CUST10744,2022-12-05,493.24
CUST10041,2024-12-08,897.48
CUST10666,2022-11-09,1180.99
CUST10724,2020-11-05,1056.61
CUST10459,2025-03-10,1843.61
CUST10066,2025-01-19,12.1
CUST10333,2024-08-30,562.25
CUST10643,2023-08-03,238.84
CUST10099,2024-07-12,615.91
CUST10093,2023-09-06,974.9
CUST10531,2024-08-03,913.16
CUST10945,2025-07-10,570.35
CUST10374,2023-09-03,1000.55
CUST10234,2021-06-28,1010.58
CUST10718,2024-05-14,759.65
CUST10092,2023-07-20,342.09
CUST10340,2023-06-09,1421.02
CUST10132,2024-02-20,532.17
CUST10249,2024-05-21,1052.45
CUST10359,2025-05-25,652.32
CUST10240,2024-07-08,222.26
CUST10273,2023-01-26,3363.97
CUST10251,2022-07-17,1136.17
CUST10521,2025-01-30,360.86
CUST10400,2022-03-13,1367.66
CUST10594,2022-03-30,133.23
CUST10037,2022-07-28,109.68
CUST10014,2024-01-07,159.55
CUST10266,2025-07-15,2328.64
CUST10781,2024-04-28,601.56
CUST10742,2025-05-18,1867.45
CUST10286,2024-09-10,730.52
CUST10510,2023-09-28,239.11
CUST10119,2025-06-21,2435.41
CUST10498,2024-12-29,709.0
CUST10687,2023-09-02,873.77
CUST10421,2024-07-14,415.14
CUST10286,2024-10-13,1321.73
CUST10099,2023-11-17,251.13
CUST10858,2024-09-25,393.77
CUST10063,2021-06-10,852.67
CUST10935,2024-02-25,484.15
CUST10352,2022-06-11,698.49
CUST10499,2023-08-21,185.82
CUST10376,2024-05-29,860.96
CUST10549,2023-06-17,1494.09
CUST10615,2024-08-13,1002.06
CUST10270,2022-04-14,1734.89
CUST10205,2025-01-22,1036.09
CUST10438,2024-11-27,517.96
CUST10742,2024-08-24,384.78
CUST10391,2025-03-18,1163.29
CUST10173,2025-02-06,1218.25
CUST10580,2022-10-20,1128.75
CUST10769,2023-05-17,175.52
CUST10665,2023-06-08,644.6
CUST10968,2025-07-27,1009.77
CUST10377,2024-07-25,1238.78
CUST10071,2022-05-15,1727.37
CUST10575,2022-10-10,702.49
CUST10858,2025-05-08,159.14
CUST10455,2021-11-20,585.61
CUST10288,2024-08-10,865.73
CUST10481,2025-01-05,591.61
CUST10913,2021-09-26,657.32
CUST10761,2024-01-14,257.04
CUST10951,2024-10-21,451.64
CUST10377,2023-12-24,872.25
CUST10206,2025-03-22,972.79
CUST10337,2024-04-18,918.18
CUST10393,2023-03-02,804.57
CUST10847,2024-06-18,1339.23
CUST10791,2023-07-18,1624.65
CUST10857,2025-02-08,1571.0
CUST10377,2024-07-02,263.57
CUST10174,2024-10-15,450.26
CUST10905,2024-10-09,112.17
CUST10455,2024-02-10,850.23
CUST10370,2025-02-22,166.72
CUST10256,2023-09-09,357.86
CUST10558,2022-12-01,1308.12
CUST10738,2024-02-14,1470.03
CUST10130,2023-10-12,799.56
CUST10226,2024-02-24,895.42
CUST10761,2024-04-12,1109.5
CUST10884,2025-04-29,790.85
CUST10163,2024-01-17,603.05
CUST10340,2024-10-29,1051.4
CUST10680,2023-07-19,35.56
CUST10732,2024-06-09,508.8
CUST10002,2024-11-01,1667.84
CUST10127,2023-02-09,1809.9
CUST10142,2024-07-03,42.41
CUST10896,2024-11-26,1896.59
CUST10205,2024-10-24,574.62
CUST10134,2023-11-05,1400.02
CUST10572,2024-10-08,619.12
CUST10518,2021-01-31,336.48
CUST10051,2024-06-26,1043.75
CUST10391,2024-12-25,177.01
CUST10775,2023-10-31,174.84
CUST10143,2025-06-27,1173.54
CUST10132,2024-08-13,550.4
CUST10347,2024-12-05,789.74
CUST10483,2024-11-23,238.33
CUST10475,2023-09-03,1717.47
CUST10098,2024-12-09,331.57
CUST10016,2024-02-12,487.66
CUST10398,2024-02-22,2136.75
CUST10149,2024-12-07,500.05
CUST10388,2025-02-25,718.75
CUST10088,2023-09-21,1009.86
CUST10764,2025-06-04,274.78
CUST10915,2024-04-10,1122.47
CUST10618,2024-08-15,409.53
CUST10911,2025-07-19,1054.96
CUST10136,2025-04-01,246.41
CUST10087,2025-04-17,1197.02
CUST10521,2023-12-19,1950.31
CUST10266,2022-01-14,4710.62
CUST10303,2024-11-09,1360.85
CUST10154,2023-05-09,343.89
CUST10588,2023-10-19,756.27
CUST10841,2024-09-16,865.92
CUST10747,2023-01-10,276.31
CUST10758,2023-09-20,1154.16
CUST10341,2023-07-15,284.74
CUST10997,2024-05-04,1160.19
CUST10909,2024-05-07,2162.08
CUST10702,2023-04-11,325.14
CUST10728,2024-08-16,805.04
CUST10102,2025-07-08,788.97
CUST10592,2024-12-06,125.85
CUST10453,2023-05-03,1322.85
CUST10087,2024-07-03,1140.21
CUST10521,2023-12-11,1027.12
CUST10784,2024-04-02,164.02
CUST10966,2023-09-13,1714.58
CUST10666,2024-09-21,1223.82
CUST10012,2023-03-25,674.81
CUST10934,2024-07-24,461.97
CUST10969,2023-10-26,1564.73
CUST10197,2024-10-02,775.64
CUST10537,2025-04-14,2260.48
CUST10790,2023-05-30,999.39
CUST10368,2025-06-05,266.2
CUST10960,2022-01-05,954.67
CUST10708,2024-05-14,344.22
CUST10449,2023-01-15,594.29
CUST10117,2024-06-18,181.5
CUST10994,2025-02-09,721.57
CUST10193,2024-12-23,2400.44
CUST10017,2023-10-26,442.52
CUST10600,2024-03-11,848.49
CUST10830,2024-12-07,1033.35
CUST10025,2025-01-28,1402.14
CUST10808,2025-02-01,1319.05
CUST10700,2024-07-01,1893.46
CUST10950,2024-01-05,1478.02
CUST10569,2025-07-17,1450.08
CUST10851,2025-03-29,942.0
CUST10883,2025-01-19,561.63
CUST10106,2024-01-21,743.89
CUST10312,2025-02-07,1025.1
CUST10646,2022-05-20,1375.57
CUST10694,2023-09-25,261.84
CUST10021,2022-10-12,391.25
CUST10426,2022-02-27,1180.02
CUST10944,2022-09-01,1388.22
CUST10668,2025-06-10,217.7
CUST10563,2024-07-11,361.85
CUST10176,2022-08-02,1268.7
CUST10836,2023-07-02,727.1
CUST10553,2023-12-06,1705.71
CUST10612,2023-04-12,247.61
CUST10611,2024-06-25,1144.82
CUST10267,2024-07-19,270.43
CUST10736,2021-03-18,493.36
CUST10937,2024-11-15,149.2
CUST10180,2024-05-12,1055.47
CUST10839,2024-05-29,634.2
CUST10047,2023-01-05,1038.18
CUST10023,2023-05-10,1493.93
CUST10577,2025-07-11,1131.2
CUST10193,2025-02-20,830.35
CUST10192,2022-10-21,97.95
CUST10177,2024-08-09,764.11
CUST10747,2025-01-16,1287.49
CUST10940,2025-07-29,1049.74
CUST10731,2021-11-03,1972.2
CUST10123,2021-12-01,835.39
CUST10651,2025-02-13,1107.7
CUST10368,2024-06-19,2007.31
CUST10049,2025-01-10,2285.73
CUST10678,2023-09-02,400.88
CUST10727,2024-05-25,417.72
CUST10676,2024-11-25,705.91
CUST10678,2025-04-02,532.08
CUST10316,2024-11-28,642.58
CUST10113,2023-06-16,1214.57
CUST10611,2024-01-06,592.8
CUST10171,2021-09-16,303.03
CUST10221,2024-07-05,1147.09
CUST10000,2024-02-04,1299.42
CUST10051,2025-04-21,1034.62
CUST10931,2022-03-26,899.64
CUST10239,2025-03-15,1092.64
CUST10175,2022-10-17,346.46
CUST10431,2023-09-12,2866.07
CUST10584,2023-11-10,402.11
CUST10239,2024-04-07,1793.37
CUST10997,2025-06-15,48.51
CUST10144,2024-07-22,547.42
CUST10960,2022-04-19,2848.12
CUST10005,2024-12-13,712.01
CUST10523,2022-07-23,463.65
CUST10478,2024-10-16,529.03
CUST10503,2023-02-13,1570.71
CUST10032,2024-01-06,2141.35
CUST10971,2024-08-18,917.68
CUST10841,2024-08-24,2143.22
CUST10151,2024-09-19,710.39
CUST10510,2024-09-29,286.26
CUST10909,2024-11-30,1117.47
CUST10261,2025-02-09,3175.49
CUST10475,2024-08-18,1296.44
CUST10574,2023-08-22,720.2
CUST10797,2024-06-12,693.35
CUST10711,2023-03-16,905.62
CUST10364,2025-05-16,58.19
CUST10601,2025-02-18,768.61
CUST10346,2021-08-01,903.77
CUST10621,2023-04-27,219.39
CUST10864,2025-01-31,530.9
CUST10679,2025-03-31,2796.66
CUST10474,2024-12-31,358.11
CUST10426,2024-04-28,966.4
CUST10241,2024-12-09,1806.75
CUST10849,2022-10-31,316.13
CUST10983,2023-07-22,364.12
CUST10927,2025-05-27,955.08
CUST10861,2023-07-04,1757.23
CUST10763,2024-04-27,1021.52
CUST10887,2021-10-10,722.17
CUST10382,2023-06-27,1551.91
CUST10477,2023-10-29,509.9
CUST10490,2025-01-14,1574.75
CUST10506,2023-11-09,768.25
CUST10006,2023-12-24,612.06
CUST10192,2023-07-15,877.94
CUST10340,2025-02-28,799.1
CUST10196,2024-06-24,887.53
CUST10102,2022-07-21,1331.68
CUST10868,2024-05-16,227.51
CUST10342,2023-09-13,1415.67
CUST10477,2024-11-01,1465.62
CUST10046,2024-09-29,669.97
CUST10782,2023-12-17,1798.85
CUST10872,2023-04-01,1046.56
CUST10708,2024-03-21,1449.13
CUST10915,2024-01-24,408.09
CUST10897,2024-11-28,572.66
CUST10191,2023-09-18,1376.11
CUST10267,2025-03-26,1230.31
CUST10696,2023-11-13,2482.08
CUST10560,2025-05-09,1456.44
CUST10248,2023-12-17,583.07
CUST10458,2023-02-02,498.3
CUST10735,2024-01-17,862.06
CUST10442,2024-05-13,1979.55
CUST10131,2024-05-11,1343.62
CUST10795,2024-07-12,673.54
CUST10176,2024-07-31,1402.27
CUST10605,2021-02-12,2064.37
CUST10829,2022-02-20,165.97
CUST10040,2023-10-26,406.72
CUST10522,2024-11-04,175.04
CUST10583,2025-06-27,227.12
CUST10838,2024-05-25,371.7
CUST10320,2023-10-24,381.72
CUST10833,2022-08-03,238.32
CUST10494,2024-07-21,2572.7
CUST10758,2022-10-12,1622.72
CUST10687,2023-10-27,1647.35
CUST10939,2023-04-21,1990.89
CUST10719,2025-02-01,101.04
CUST10930,2025-03-20,687.32
CUST10305,2024-06-11,342.94
CUST10565,2022-05-09,1844.53
CUST10260,2023-10-17,546.79
CUST10926,2025-03-23,777.07
CUST10284,2025-03-11,921.96
CUST10541,2022-11-15,1141.92
CUST10512,2025-04-27,934.73
CUST10385,2022-02-13,480.9
CUST10976,2023-09-02,2274.07
CUST10250,2025-06-05,1636.65
CUST10534,2023-05-18,1208.15
CUST10862,2025-01-10,592.02
CUST10229,2021-12-23,184.9
CUST10351,2024-11-07,48.79
CUST10875,2024-07-18,615.15
CUST10315,2023-07-23,1103.29
CUST10283,2024-10-31,820.96
CUST10584,2024-10-21,612.51
CUST10326,2022-03-24,2367.67
CUST10590,2025-07-28,1799.26
CUST10389,2022-11-27,1028.17
CUST10267,2024-06-11,457.98
CUST10248,2023-08-28,182.18
CUST10613,2023-08-25,231.05
CUST10629,2025-05-03,270.48
CUST10085,2021-12-11,475.25
CUST10671,2022-07-12,1216.46
CUST10507,2025-05-21,632.22
CUST10169,2024-07-15,626.47
CUST10967,2024-02-25,800.29
CUST10842,2025-07-28,299.56
CUST10992,2024-03-13,911.89
CUST10829,2025-02-01,2137.43
CUST10785,2024-10-17,2196.82
CUST10780,2025-05-12,139.66
CUST10381,2023-10-28,1214.04
CUST10563,2025-01-22,608.79
CUST10687,2025-06-10,1843.59
CUST10589,2025-03-31,2401.68
CUST10163,2023-07-05,590.33
CUST10553,2025-06-03,1448.9
CUST10895,2022-03-19,509.17
CUST10612,2025-07-01,543.79
CUST10083,2023-08-23,951.69
CUST10956,2025-07-06,420.06
CUST10452,2021-02-08,581.17
CUST10488,2022-12-17,260.93
CUST10702,2025-01-29,937.84
CUST10949,2023-03-12,2305.89
CUST10372,2023-02-23,2414.97
CUST10325,2024-10-16,1964.93
CUST10076,2021-08-11,403.51
CUST10839,2024-07-28,644.49
CUST10549,2024-08-01,698.57
CUST10530,2025-05-15,1029.89
CUST10221,2023-11-30,1884.51
CUST10227,2025-04-24,66.08
CUST10681,2023-04-24,2456.14
CUST10933,2024-11-18,1702.13
CUST10708,2024-11-22,2208.9
CUST10937,2022-07-11,737.81
CUST10149,2024-03-01,745.94
CUST10363,2024-10-04,563.05
CUST10351,2024-12-05,84.69
CUST10553,2022-05-09,867.04
CUST10528,2024-12-27,897.49
CUST10524,2022-11-24,1633.95
CUST10558,2023-05-14,1342.91
CUST10175,2024-06-13,1036.75
CUST10920,2024-03-06,2182.05
CUST10914,2021-11-16,1531.35
CUST10169,2021-11-18,295.42
CUST10650,2023-11-07,638.69
CUST10898,2020-11-27,588.09
CUST10779,2023-07-23,650.84
CUST10196,2025-02-09,949.97
CUST10600,2023-10-30,649.77
CUST10209,2024-08-13,374.9
CUST10211,2025-06-05,1308.21
CUST10553,2024-08-10,550.73
CUST10032,2024-04-10,1048.03
CUST10581,2025-06-23,971.02
CUST10651,2024-01-19,1918.86
CUST10424,2023-11-25,987.9
CUST10192,2024-08-10,1619.92
CUST10993,2025-04-15,1148.53
CUST10470,2024-01-02,588.19
CUST10420,2023-11-19,1144.15
CUST10338,2024-08-13,1507.23
CUST10696,2022-09-26,536.26
CUST10862,2023-09-19,2277.3
CUST10029,2024-12-08,376.04
CUST10323,2023-12-26,2085.57
CUST10839,2024-04-21,343.43
CUST10183,2021-11-14,1234.73
CUST10129,2024-10-28,369.2
CUST10236,2024-06-13,1875.25
CUST10916,2025-05-30,593.75
CUST10428,2023-05-01,471.04
CUST10567,2025-04-27,287.46
CUST10498,2023-06-03,2145.26
CUST10177,2024-12-11,162.43
CUST10521,2024-10-12,26.91
CUST10121,2024-07-10,112.5
CUST10127,2024-09-18,774.28
CUST10843,2023-02-08,333.76
CUST10597,2022-09-10,346.98
CUST10100,2023-08-21,624.39
CUST10016,2025-02-24,2137.47
CUST10634,2024-05-21,2101.34
CUST10477,2022-07-20,2502.2
CUST10182,2024-05-05,793.58
CUST10898,2024-01-07,1365.89
CUST10085,2022-12-19,922.84
CUST10558,2022-06-23,618.35
CUST10090,2023-12-11,387.37
CUST10143,2024-12-29,592.33
CUST10715,2024-08-08,682.11
CUST10013,2023-02-01,236.67
CUST10417,2023-12-29,2379.2
CUST10824,2024-12-10,313.79
CUST10832,2025-03-19,493.65
CUST10871,2022-01-13,1340.92
CUST10284,2021-09-17,411.36
CUST10195,2024-12-16,2386.91
CUST10353,2023-09-18,1146.71
CUST10861,2023-02-20,2186.78
CUST10919,2024-02-04,2362.52
CUST10668,2023-03-27,849.21
CUST10449,2024-11-06,3123.59
CUST10923,2025-03-15,1700.91
CUST10651,2022-11-16,1299.36
CUST10789,2024-06-16,1256.93
CUST10500,2024-02-14,569.38
CUST10804,2025-02-28,540.3
CUST10474,2024-11-27,644.49
CUST10615,2025-05-22,2201.7
CUST10505,2022-12-20,388.56
CUST10478,2021-10-12,377.59
CUST10646,2023-10-16,923.48
CUST10863,2024-03-14,132.3
CUST10586,2024-12-17,255.9
CUST10267,2024-02-10,141.36
CUST10104,2024-08-25,1865.85
CUST10344,2025-06-12,1944.87
CUST10348,2024-11-06,720.29
CUST10065,2025-04-17,1002.04
CUST10467,2025-03-30,378.67
CUST10580,2023-01-05,1023.7
CUST10699,2023-11-09,183.31
CUST10897,2022-08-02,418.63
CUST10397,2024-10-05,1400.25
CUST10287,2022-08-01,577.9
CUST10403,2024-01-02,575.43
CUST10339,2023-10-11,483.32
CUST10069,2025-02-24,392.37
CUST10309,2024-12-25,1260.01
CUST10140,2024-07-31,1413.01
CUST10265,2024-01-15,343.67
CUST10666,2023-04-16,3335.11
CUST10684,2025-03-31,512.97
CUST10020,2024-02-29,343.73
CUST10150,2023-12-23,524.06
CUST10184,2024-07-25,2118.54
CUST10191,2022-12-03,813.58
CUST10633,2024-11-09,1153.98
CUST10391,2024-08-07,897.69
CUST10881,2023-09-17,4082.69
CUST10127,2025-07-03,1153.37
CUST10945,2024-03-30,1081.14
CUST10253,2022-08-07,84.47
CUST10413,2022-05-28,800.94
CUST10174,2024-05-02,270.43
CUST10731,2023-09-15,1002.84
CUST10298,2023-07-21,795.01
CUST10354,2025-05-02,953.61
CUST10635,2022-05-14,1833.59
CUST10541,2022-06-05,2512.11
CUST10131,2024-04-06,2055.71
CUST10407,2024-03-10,442.86
CUST10930,2023-12-06,519.24
CUST10117,2024-02-29,859.67
CUST10949,2025-07-18,824.23
CUST10630,2025-07-12,129.12
CUST10389,2023-03-15,1288.56
CUST10371,2024-08-26,1258.46
CUST10233,2022-02-02,126.2
CUST10013,2025-05-05,760.91
CUST10104,2024-09-02,1200.12
CUST10217,2023-01-22,197.32
CUST10704,2024-08-03,1091.79
CUST10775,2023-09-02,831.09
CUST10390,2023-01-17,1302.61
CUST10080,2023-08-22,2336.31
CUST10029,2024-02-25,2374.94
CUST10583,2022-12-02,1660.68
CUST10375,2022-10-22,991.86
CUST10362,2025-03-31,2168.66
CUST10395,2023-10-05,877.87
CUST10119,2023-07-13,1300.8
CUST10141,2023-07-07,1349.64
CUST10628,2022-11-29,303.33
CUST10768,2025-06-19,164.4
CUST10169,2024-11-20,243.21
CUST10222,2024-03-10,1364.16
CUST10214,2025-04-19,976.42
CUST10476,2025-07-20,805.89
CUST10965,2022-04-29,245.8
CUST10225,2023-01-02,1423.35
CUST10542,2024-03-12,313.99
CUST10185,2025-07-21,997.24
CUST10472,2025-04-09,1577.32
CUST10263,2023-08-01,1415.8
CUST10495,2022-08-11,1305.26
CUST10230,2023-04-28,1474.02
CUST10400,2023-06-27,429.0
CUST10948,2024-08-04,389.37
CUST10019,2023-06-15,267.83
CUST10012,2025-05-27,710.59
CUST10126,2024-11-01,999.58
CUST10177,2025-04-29,3366.47
CUST10051,2025-06-08,396.73
CUST10239,2024-06-16,349.03
CUST10326,2021-06-18,541.82
CUST10323,2025-01-19,1233.0
CUST10971,2025-05-13,932.5
CUST10927,2024-07-08,1622.19
CUST10873,2024-11-02,1123.3
CUST10109,2024-03-09,1068.47
CUST10427,2024-07-18,1001.05
CUST10483,2024-08-07,894.56
CUST10142,2022-06-26,2184.53
CUST10836,2023-07-31,509.38
CUST10652,2022-04-10,1156.19
CUST10040,2021-10-04,431.6
CUST10279,2024-01-15,1106.82
CUST10591,2024-09-14,591.42
CUST10365,2024-10-27,1498.48
CUST10710,2024-12-20,1320.35
CUST10214,2025-04-13,1142.74
CUST10553,2024-12-05,792.26
CUST10351,2025-02-02,933.26
CUST10507,2025-02-02,392.75
CUST10140,2025-04-08,345.63
CUST10289,2025-02-03,771.62
CUST10736,2024-09-17,820.25
CUST10297,2023-09-14,960.51
CUST10976,2025-02-21,351.79
CUST10022,2025-02-13,436.27
CUST10372,2024-04-22,1077.41
CUST10882,2020-12-15,807.22
CUST10506,2023-01-02,1012.47
CUST10029,2024-03-13,2153.23
CUST10778,2024-12-06,510.39
CUST10615,2025-01-25,407.96
CUST10806,2025-02-14,1502.54
CUST10237,2024-09-20,388.94
CUST10237,2024-08-12,1165.48
CUST10051,2025-07-07,352.59
CUST10572,2024-10-10,1067.87
CUST10676,2023-10-18,1327.06
CUST10559,2022-08-13,925.53
CUST10301,2025-06-18,2086.78
CUST10184,2024-08-28,622.4
CUST10834,2021-06-14,1124.38
CUST10496,2024-09-23,1109.18
CUST10301,2024-08-27,2609.8
CUST10562,2022-06-28,1258.7
CUST10070,2024-11-17,1996.01
CUST10196,2025-06-11,818.85
CUST10126,2025-03-18,1227.75
CUST10189,2024-03-12,247.92
CUST10909,2024-05-03,956.25
CUST10581,2024-07-24,1837.56
CUST10005,2022-05-02,1863.69
CUST10328,2025-05-28,804.35
CUST10135,2025-02-01,288.9
CUST10517,2024-09-18,1464.31
CUST10918,2023-02-24,1542.99
CUST10761,2022-01-10,1008.94
CUST10151,2024-07-04,1351.76
CUST10762,2024-07-07,696.93
CUST10052,2023-07-08,526.94
CUST10200,2025-03-12,256.22
CUST10172,2024-03-28,45.29
CUST10861,2022-12-30,506.32
CUST10229,2021-11-22,377.36
CUST10843,2025-06-14,628.74
CUST10154,2024-02-15,979.16
CUST10893,2022-12-05,543.43
CUST10673,2023-01-06,1188.79
CUST10229,2024-08-17,433.72
CUST10546,2023-02-21,1481.33
CUST10661,2023-08-20,812.72
CUST10929,2023-07-10,443.74
CUST10248,2024-12-07,950.77
CUST10255,2024-10-31,531.26
CUST10735,2025-04-21,359.55
CUST10759,2024-09-03,816.57
CUST10585,2025-05-27,936.11
CUST10293,2024-09-30,1472.47
CUST10931,2022-12-01,361.86
CUST10529,2024-03-26,1261.44
CUST10630,2025-06-03,142.84
CUST10961,2024-09-12,2091.49
CUST10433,2025-02-22,478.12
CUST10239,2025-04-30,453.68
CUST10862,2024-08-26,80.17
CUST10737,2025-02-19,900.25
CUST10579,2024-08-05,791.97
CUST10152,2024-08-03,2765.05
CUST10387,2024-04-02,802.1
CUST10600,2022-11-08,334.0
CUST10680,2024-05-16,1598.72
CUST10693,2022-05-10,1114.45
CUST10737,2023-03-28,957.99
CUST10599,2025-06-13,1900.45
CUST10778,2025-05-03,944.27
CUST10128,2022-10-11,4607.55
CUST10945,2024-07-06,1022.63
CUST10677,2025-05-09,412.06
CUST10179,2025-01-06,895.63
CUST10395,2024-12-04,3033.28
CUST10393,2024-04-23,430.43
CUST10515,2022-04-02,690.62
CUST10159,2023-07-16,1273.47
CUST10990,2022-09-30,1288.36
CUST10942,2025-03-14,479.16
CUST10675,2024-12-16,601.03
CUST10118,2025-03-16,1095.16
CUST10582,2023-08-04,325.83
CUST10541,2023-10-18,685.61
CUST10130,2024-09-27,452.73
CUST10554,2023-10-07,186.71
CUST10197,2024-03-12,1130.88
CUST10679,2025-03-20,800.14
CUST10905,2024-07-30,1042.4
CUST10170,2025-02-18,286.44
CUST10495,2024-06-07,1722.44
CUST10236,2025-01-05,856.94
CUST10480,2023-05-29,760.76
CUST10067,2024-01-13,329.3
CUST10986,2025-03-28,2317.7
CUST10331,2023-03-20,281.18
CUST10919,2024-07-29,719.14
CUST10060,2021-12-11,4374.3
CUST10508,2024-05-05,464.32
CUST10128,2024-10-06,507.54
CUST10456,2023-04-06,1061.7
CUST10147,2024-05-07,764.93
CUST10517,2024-06-16,383.36
CUST10875,2024-11-30,345.09
CUST10866,2024-11-16,608.41
CUST10787,2024-12-04,386.27
CUST10548,2025-01-10,837.82
CUST10406,2025-04-24,2938.85
CUST10855,2024-07-03,811.63
CUST10401,2024-07-09,474.16
CUST10114,2023-07-20,638.41
CUST10954,2024-06-07,462.88
CUST10814,2023-11-06,456.3
CUST10993,2024-11-28,161.46
CUST10905,2024-12-11,312.5
CUST10031,2024-04-03,850.85
CUST10168,2024-02-28,742.58
CUST10902,2024-10-30,1061.69
CUST10199,2024-08-12,1131.64
CUST10626,2024-07-18,625.87
CUST10578,2024-11-23,996.53
CUST10254,2025-07-21,772.38
CUST10273,2024-10-21,118.45
CUST10639,2023-05-26,858.33
CUST10389,2022-12-14,63.32
CUST10285,2024-10-02,582.52
CUST10043,2024-11-22,422.23
CUST10037,2022-03-21,108.24
CUST10492,2025-06-17,514.32
CUST10456,2025-06-18,1874.83
CUST10990,2022-07-29,1336.75
CUST10656,2024-07-26,764.09
CUST10082,2025-06-15,211.66
CUST10794,2021-06-06,875.5
CUST10776,2025-07-26,2728.51
CUST10442,2025-03-04,640.72
CUST10906,2025-01-27,405.97
CUST10135,2024-04-16,366.74
CUST10885,2024-05-30,1081.37
CUST10445,2025-06-20,181.67
CUST10217,2021-08-08,309.12
CUST10865,2024-12-10,171.74
CUST10635,2023-12-11,1696.96
CUST10018,2022-02-17,902.74
CUST10001,2025-06-10,1138.35
CUST10274,2025-04-02,1247.11
CUST10766,2025-05-30,559.14
CUST10023,2022-08-30,533.89
CUST10242,2023-12-19,699.81
CUST10155,2025-05-28,405.23
CUST10734,2025-05-01,543.62
CUST10877,2023-05-07,1665.13
CUST10209,2025-06-30,203.33
CUST10689,2022-03-08,1647.3
CUST10483,2024-02-22,825.9
CUST10586,2023-11-27,550.84
CUST10272,2024-02-02,1354.34
CUST10659,2024-06-07,860.25
CUST10163,2024-07-22,364.56
CUST10513,2024-09-26,1287.16
CUST10759,2024-12-03,333.69
CUST10196,2025-05-26,1261.99
CUST10282,2024-01-07,1406.86
CUST10381,2024-03-14,138.1
CUST10398,2023-04-06,558.27
CUST10635,2023-12-22,3660.46
CUST10016,2024-10-08,458.9
CUST10825,2025-01-07,1126.69
CUST10798,2024-01-09,1147.82
CUST10384,2023-06-19,1234.44
CUST10784,2024-10-06,1480.93
CUST10073,2024-10-13,430.08
CUST10896,2024-04-22,2094.45
CUST10556,2023-11-18,426.73
CUST10754,2025-06-14,576.7
CUST10444,2025-06-24,573.99
CUST10302,2022-10-15,347.61
CUST10001,2024-02-05,1059.61
CUST10306,2021-06-19,333.6
CUST10121,2025-01-05,451.89
CUST10994,2025-05-12,1584.94
CUST10200,2022-11-27,2329.27
CUST10484,2023-05-08,649.83
CUST10126,2022-03-16,1916.96
CUST10367,2025-01-29,1036.5
CUST10665,2024-01-24,157.0
CUST10227,2023-01-30,1008.14
CUST10673,2024-02-02,750.67
CUST10913,2022-01-16,599.39
CUST10631,2024-09-02,1370.96
CUST10886,2023-10-06,1348.99
CUST10168,2024-10-17,1402.2
CUST10625,2022-01-21,270.09
CUST10008,2024-03-09,259.57
CUST10987,2024-04-29,1206.67
CUST10657,2025-07-12,1789.21
CUST10394,2024-02-08,605.33
CUST10385,2022-08-14,248.15
CUST10591,2023-12-21,446.01
CUST10046,2024-08-04,742.53
CUST10162,2022-11-20,447.27
CUST10650,2025-05-26,665.76
CUST10894,2024-04-08,1029.5
CUST10553,2025-06-08,560.4
CUST10926,2024-07-19,1761.82
CUST10157,2021-04-25,454.9
CUST10647,2025-05-03,257.23
CUST10259,2024-08-30,445.79
CUST10491,2022-07-05,931.67
CUST10619,2025-06-25,525.69
CUST10977,2024-10-07,1464.14
CUST10993,2021-06-08,2956.38
CUST10739,2024-07-11,595.22
CUST10403,2022-01-22,1786.79
CUST10139,2024-06-15,1736.47
CUST10101,2021-10-15,1100.82
CUST10368,2023-11-04,602.24
CUST10766,2023-05-03,720.04
CUST10457,2025-01-04,586.76
CUST10626,2024-02-24,440.78
CUST10251,2024-01-01,477.51
CUST10287,2025-03-10,759.37
CUST10619,2024-09-14,715.12
CUST10190,2024-10-14,1225.89
CUST10171,2024-01-14,1918.55
CUST10459,2023-05-06,107.3
CUST10957,2025-02-27,891.22
CUST10661,2024-09-20,310.93
CUST10455,2021-12-27,281.7
CUST10199,2025-03-06,1082.67
CUST10997,2025-04-03,1148.85
CUST10404,2024-10-08,1073.54
CUST10655,2025-07-26,2090.59
CUST10071,2023-11-14,806.11
CUST10196,2025-07-24,1954.21
CUST10719,2025-05-27,767.09
CUST10903,2025-03-03,191.04
CUST10827,2024-06-14,882.94
CUST10439,2024-07-14,853.88
CUST10190,2023-06-03,1355.74
CUST10448,2023-09-03,1676.43
CUST10052,2023-07-11,595.57
CUST10076,2022-03-12,1552.91
CUST10049,2022-09-24,3536.38
CUST10677,2024-05-04,1713.79
CUST10891,2023-12-10,291.39
CUST10157,2023-12-18,815.27
CUST10917,2024-09-09,724.36
CUST10857,2025-07-10,1559.92
CUST10146,2022-12-22,1599.16
CUST10443,2025-05-18,848.65
CUST10194,2024-10-02,147.98
CUST10618,2022-06-16,43.68
CUST10400,2021-07-24,773.12
CUST10539,2021-02-08,1400.12
CUST10101,2022-05-23,948.05
CUST10328,2025-06-04,188.77
CUST10446,2023-11-09,304.29
CUST10937,2024-10-24,709.7
CUST10801,2023-09-24,102.83
CUST10678,2024-10-06,285.84
CUST10842,2024-10-15,1228.14
CUST10803,2025-05-02,1816.56
CUST10994,2025-04-24,425.77
CUST10828,2023-12-08,1843.19
CUST10775,2024-09-28,554.75
CUST10918,2023-08-17,432.73
CUST10592,2025-05-28,725.88
CUST10393,2025-04-08,936.79
CUST10290,2023-04-13,1697.91
CUST10704,2024-05-27,1084.05
CUST10194,2025-05-26,943.49
CUST10430,2024-08-08,1380.26
CUST10044,2024-05-08,3433.09
CUST10033,2025-02-16,657.08
CUST10774,2024-12-02,361.21
CUST10334,2023-07-05,2660.09
CUST10257,2023-05-22,190.53
CUST10386,2025-06-06,941.74
CUST10508,2023-03-09,1510.63
CUST10300,2023-06-01,1233.55
CUST10088,2024-01-11,1204.89
CUST10332,2022-05-07,685.56
CUST10841,2025-06-17,113.41
CUST10794,2024-10-28,1123.8
CUST10808,2024-04-27,1084.28
CUST10579,2025-07-28,1155.99
CUST10144,2024-09-10,451.67
CUST10054,2023-06-10,253.08
CUST10085,2025-02-24,1118.77
CUST10058,2022-11-12,497.25
CUST10187,2024-05-21,1424.44
CUST10840,2025-01-24,800.44
CUST10503,2025-04-26,378.5
CUST10346,2025-01-16,1779.91
CUST10433,2024-09-18,754.75
CUST10753,2025-05-07,120.84
CUST10042,2023-09-19,3327.34
CUST10455,2025-04-06,1735.53
CUST10911,2024-03-21,764.48
CUST10124,2023-03-31,565.01
CUST10920,2023-08-10,1555.26
CUST10749,2023-06-06,476.4
CUST10498,2024-02-03,650.47
CUST10260,2023-02-01,999.54
CUST10207,2023-10-02,1316.78
CUST10386,2025-01-18,1065.84
CUST10171,2021-09-26,803.33
CUST10440,2025-04-07,324.75
CUST10228,2025-04-15,593.55
CUST10756,2024-10-26,797.02
CUST10880,2025-05-27,683.93
CUST10375,2021-07-10,1664.2
CUST10397,2024-07-13,357.52
CUST10776,2024-11-26,1090.83
CUST10716,2024-07-31,1447.73
CUST10100,2023-02-07,1242.64
CUST10715,2024-11-23,876.45
CUST10481,2024-01-05,1086.92
CUST10627,2025-05-19,1009.21
CUST10909,2024-10-18,1407.06
CUST10410,2023-11-06,1109.47
CUST10334,2022-09-21,1420.83
CUST10809,2024-04-03,644.5
CUST10669,2023-11-03,415.14
CUST10737,2022-06-26,885.76
CUST10983,2024-10-11,1149.73
CUST10880,2023-08-22,434.96
CUST10767,2024-07-02,654.43
CUST10930,2022-07-17,1224.17
CUST10652,2023-02-25,1834.29
CUST10696,2023-12-27,1943.65
CUST10234,2021-07-21,392.15
CUST10056,2024-09-01,549.28
CUST10079,2024-05-03,681.85
CUST10271,2024-04-08,525.45
CUST10755,2024-05-13,1640.36
CUST10058,2023-02-14,758.08
CUST10586,2025-03-02,851.53
CUST10218,2024-05-13,1405.48
CUST10443,2025-06-21,853.43
CUST10219,2022-11-30,1128.08
CUST10561,2023-05-14,1632.81
CUST10639,2022-05-10,2847.36
CUST10748,2025-06-26,1146.99
CUST10200,2023-06-08,758.81
CUST10987,2022-10-26,843.17
CUST10037,2023-12-14,496.08
CUST10067,2024-04-25,700.48
CUST10315,2024-05-11,1304.6
CUST10657,2024-08-29,3469.7
CUST10773,2024-05-21,846.9
CUST10069,2022-09-25,2318.36
CUST10637,2024-09-20,893.01
CUST10003,2024-09-19,938.7
CUST10543,2025-04-09,981.9
CUST10683,2023-07-25,2205.18
CUST10998,2023-02-17,572.49
CUST10831,2024-09-20,508.37
CUST10026,2023-05-20,230.1
CUST10770,2024-09-28,461.26
CUST10693,2025-01-08,1154.96
CUST10827,2025-06-22,675.63
CUST10148,2023-12-09,2187.23
CUST10461,2025-06-29,669.83
CUST10161,2023-07-19,1616.07
CUST10050,2025-01-12,1099.18
CUST10654,2023-09-26,878.67
CUST10895,2024-05-22,591.57
CUST10047,2025-06-30,1061.46
CUST10668,2024-08-14,1115.84
CUST10879,2025-05-02,1789.34
CUST10786,2023-05-06,937.5
CUST10245,2024-10-09,576.11
CUST10229,2022-04-02,1049.71
CUST10201,2024-12-21,2324.03
CUST10560,2025-03-16,1355.31
CUST10031,2025-06-11,786.75
CUST10463,2024-11-10,779.66
CUST10249,2024-03-08,1201.9
CUST10434,2022-11-07,692.64
CUST10234,2025-03-20,1424.46
CUST10663,2025-03-17,201.15
CUST10148,2024-05-29,834.37
CUST10375,2024-08-01,758.34
CUST10058,2022-08-05,478.48
CUST10536,2025-02-21,920.83
CUST10562,2025-07-24,516.88
CUST10364,2024-05-26,811.96
CUST10445,2024-08-14,2332.41
CUST10992,2022-03-20,407.67
CUST10035,2024-02-18,2744.9
CUST10829,2024-06-05,859.68
CUST10931,2025-07-26,874.86
CUST10367,2024-02-12,1274.94
CUST10764,2022-10-23,537.93
CUST10008,2024-04-26,1059.93
CUST10225,2025-05-06,309.36
CUST10490,2024-02-08,1529.57
CUST10584,2025-05-02,332.61
CUST10412,2022-08-18,187.63
CUST10996,2024-12-09,1315.57
CUST10220,2025-06-05,275.44
CUST10707,2025-05-25,546.01
CUST10481,2022-05-14,421.58
CUST10287,2024-04-20,209.1
CUST10173,2023-02-15,1983.38
CUST10950,2023-09-29,667.38
CUST10872,2025-07-17,1696.66
CUST10377,2024-02-15,576.69
CUST10666,2024-01-20,383.81
CUST10298,2025-07-21,191.43
CUST10916,2025-02-21,686.15
CUST10109,2025-04-10,718.9
CUST10006,2024-01-12,1195.59
CUST10810,2022-11-25,1392.62
CUST10596,2025-02-10,756.83
CUST10536,2024-09-03,535.12
CUST10556,2025-03-25,870.55
CUST10410,2024-06-19,550.85
CUST10570,2024-05-28,302.8
CUST10402,2021-11-25,266.17
CUST10608,2022-02-26,290.7
CUST10580,2023-12-27,662.71
CUST10880,2021-05-28,2179.29
CUST10600,2023-12-26,702.74
CUST10642,2022-11-25,258.2
CUST10891,2025-07-07,109.82
CUST10113,2022-06-20,827.29
CUST10133,2024-06-27,1266.13
CUST10737,2022-04-04,565.89
CUST10167,2023-07-28,279.08
CUST10284,2025-04-02,518.91
CUST10650,2022-10-19,1146.18
CUST10984,2023-05-15,778.98
CUST10368,2022-04-12,1260.76
CUST10046,2025-05-29,2788.55
CUST10793,2025-04-19,1878.14
CUST10823,2024-06-07,431.98
CUST10290,2022-12-08,1532.71
CUST10198,2025-04-08,432.71
CUST10393,2023-01-18,2055.75
CUST10651,2024-10-29,565.96
CUST10876,2025-07-23,4195.12
CUST10644,2023-02-15,348.86
CUST10924,2023-06-11,377.56
CUST10845,2024-02-05,1500.61
CUST10076,2022-04-05,338.55
CUST10989,2022-12-19,1538.65
CUST10470,2024-06-07,816.31
CUST10874,2025-07-29,1572.19
CUST10977,2024-01-10,2141.94
CUST10049,2025-01-02,554.76
CUST10157,2025-03-27,303.29
CUST10699,2024-11-28,847.23
CUST10051,2025-04-03,2188.33
CUST10993,2024-04-29,704.19
CUST10159,2022-08-31,2085.2
CUST10945,2023-05-30,2373.44
CUST10143,2024-03-26,810.29
CUST10464,2025-05-07,1054.89
CUST10963,2023-05-24,915.87
CUST10176,2023-12-03,1562.4
CUST10928,2025-07-21,354.39
CUST10885,2024-01-06,1039.69
CUST10152,2025-07-23,1493.55
CUST10975,2022-08-31,163.78
CUST10883,2024-09-22,3058.2
CUST10176,2025-05-06,1587.82
CUST10580,2022-06-24,237.6
CUST10143,2024-12-01,346.95
CUST10321,2024-10-22,1317.2
CUST10589,2025-02-05,211.86
CUST10241,2025-02-06,67.78
CUST10623,2023-09-08,1312.82
CUST10127,2025-01-08,482.88
CUST10370,2024-10-24,500.48
CUST10258,2024-06-12,765.02
CUST10113,2022-01-11,2278.19
CUST10049,2022-01-07,611.2
CUST10180,2023-10-26,1250.9
CUST10122,2024-07-13,1946.77
CUST10055,2024-07-20,1358.19
CUST10634,2023-11-15,980.99
CUST10913,2021-02-19,318.45
CUST10778,2022-09-10,1136.8
CUST10715,2024-10-19,839.91
CUST10244,2023-01-18,2574.6
CUST10048,2025-05-20,765.67
CUST10307,2024-04-08,242.9
CUST10144,2025-05-27,700.43
CUST10559,2023-10-03,2010.73
CUST10006,2023-01-19,444.3
CUST10704,2024-05-04,2324.68
CUST10678,2024-11-19,673.39
CUST10178,2024-09-09,587.05
CUST10955,2023-01-01,1550.16
CUST10468,2025-04-06,689.26
CUST10032,2024-08-02,1518.3
CUST10441,2024-09-21,2192.01
CUST10013,2023-02-28,494.26
CUST10125,2024-11-09,1606.83
CUST10184,2025-01-03,878.26
CUST10081,2022-01-21,445.66
CUST10040,2024-08-25,1639.51
CUST10804,2025-01-30,1221.82
CUST10046,2024-10-27,278.76
CUST10344,2023-11-26,920.37
CUST10489,2025-06-24,404.86
CUST10851,2025-07-04,1996.18
CUST10972,2025-01-17,148.2
CUST10621,2024-02-15,1232.28
CUST10460,2025-02-15,1323.18
CUST10801,2023-02-17,1965.02
CUST10277,2022-08-23,1434.95
CUST10762,2025-04-11,1817.79
CUST10493,2021-10-14,474.17
CUST10568,2022-02-23,1272.52
CUST10864,2021-12-18,68.0
CUST10103,2022-02-13,2864.5
CUST10923,2025-05-02,1520.66
CUST10520,2021-12-31,528.11
CUST10810,2024-04-18,1342.62
CUST10699,2023-01-13,799.38
CUST10575,2025-02-03,1267.61
CUST10814,2022-10-22,380.85
CUST10627,2023-12-02,656.99
CUST10254,2024-11-08,380.27
CUST10228,2024-06-12,363.32
CUST10318,2025-04-25,777.74
CUST10781,2024-12-06,573.6
CUST10564,2023-05-15,2359.52
CUST10423,2025-05-07,3018.05
CUST10491,2022-08-25,272.66
CUST10023,2023-10-12,504.26
CUST10303,2023-06-25,421.42
CUST10794,2022-04-06,3147.59
CUST10591,2024-05-09,1106.05
CUST10732,2024-10-05,1909.37
CUST10493,2021-07-12,1257.77
CUST10448,2025-03-01,1124.89
CUST10206,2025-03-15,3185.07
CUST10741,2025-05-20,2558.24
CUST10682,2025-07-22,1977.52
CUST10402,2024-03-19,852.01
CUST10838,2024-09-17,1759.58
CUST10151,2024-04-24,262.07
CUST10929,2022-04-05,1102.23
CUST10181,2024-03-05,389.49
CUST10827,2023-10-30,1468.89
CUST10179,2023-11-18,883.9
CUST10067,2024-01-06,2295.51
CUST10325,2023-10-18,243.56
CUST10847,2025-06-02,716.19
CUST10223,2025-04-08,208.84
CUST10511,2025-06-03,1769.73
CUST10710,2025-05-28,1376.42
CUST10004,2024-02-22,1450.17
CUST10100,2022-11-29,504.98
CUST10351,2025-05-04,1215.51
CUST10757,2024-06-19,2068.67
CUST10834,2022-02-16,463.23
CUST10936,2025-03-24,2024.33
CUST10828,2025-03-31,948.74
CUST10030,2023-04-09,1487.94
CUST10905,2024-09-07,1498.41
CUST10940,2025-05-03,675.93
CUST10527,2024-09-02,559.83
CUST10324,2023-08-12,1444.57
CUST10639,2025-03-03,1265.2
CUST10683,2025-01-27,964.75
CUST10255,2024-09-28,255.09
CUST10811,2025-05-14,2735.63
CUST10987,2024-09-14,1588.67
CUST10132,2024-06-30,42.73
CUST10205,2024-08-12,1208.29
CUST10631,2025-03-22,1391.93
CUST10538,2023-06-23,1050.42
CUST10356,2022-01-21,769.0
CUST10215,2023-08-04,1342.16
CUST10748,2025-04-08,1026.18
CUST10883,2024-04-29,994.87
CUST10873,2025-01-29,499.24
CUST10342,2025-06-30,1344.39
CUST10163,2025-01-02,1653.79
CUST10777,2022-09-24,673.85
CUST10424,2024-03-23,390.84
CUST10856,2023-03-26,3558.09
CUST10452,2022-07-21,1060.4
CUST10711,2023-01-25,1339.63
CUST10173,2024-03-28,1388.32
CUST10402,2024-05-25,1806.91
CUST10370,2024-12-19,847.39
CUST10382,2023-04-19,1255.55
CUST10792,2024-01-31,610.79
CUST10311,2025-01-09,1137.82
CUST10271,2022-10-12,1708.61
CUST10199,2024-09-07,1219.84
CUST10990,2023-10-02,882.88
CUST10931,2024-04-15,601.16
CUST10987,2024-04-08,2527.71
CUST10813,2023-04-03,791.52
CUST10362,2023-12-18,915.48
CUST10119,2024-07-06,143.97
CUST10363,2025-03-08,599.2
CUST10628,2024-04-13,238.38
CUST10675,2023-09-26,2075.73
CUST10713,2023-12-17,1667.5
CUST10169,2025-03-12,1259.32
CUST10752,2021-12-29,748.93
CUST10590,2024-11-17,855.14
CUST10151,2023-11-17,538.45
CUST10282,2025-07-20,988.52
CUST10835,2023-12-25,656.97
CUST10179,2023-06-29,1274.81
CUST10964,2021-10-13,1238.71
CUST10540,2024-08-19,428.63
CUST10538,2022-04-28,853.73
CUST10268,2022-11-03,614.61
CUST10580,2025-05-19,1283.14
CUST10250,2025-04-27,376.07
CUST10229,2023-04-25,599.99
CUST10647,2024-05-22,2217.47
CUST10476,2025-04-16,563.26
CUST10211,2024-11-04,643.12
CUST10669,2022-03-13,1756.85
CUST10690,2024-07-21,337.79
CUST10256,2023-10-15,368.61
CUST10695,2023-07-24,711.72
CUST10277,2023-02-26,98.67
CUST10669,2023-05-09,1058.46
CUST10684,2024-06-20,253.43
CUST10503,2025-05-18,1498.13
CUST10322,2024-03-29,733.33
CUST10949,2025-04-16,1222.16
CUST10175,2024-01-01,326.77
CUST10377,2023-11-16,1124.96
CUST10317,2024-12-17,1202.73
CUST10004,2025-07-20,1188.55
CUST10670,2022-04-08,471.58
CUST10012,2024-10-03,1720.93
CUST10543,2025-06-25,844.53
CUST10613,2023-06-20,666.34
CUST10390,2023-05-10,141.74
CUST10773,2024-12-28,1545.11
CUST10418,2024-04-09,1662.94
CUST10290,2025-03-23,228.88
CUST10716,2025-02-13,190.46
CUST10962,2024-05-17,2653.66
CUST10966,2022-07-03,2240.04
CUST10363,2024-10-11,1954.97
CUST10148,2025-03-10,285.31
CUST10927,2024-01-08,1540.54
CUST10131,2025-05-13,278.69
CUST10697,2022-02-07,856.47
CUST10584,2022-04-23,671.95
CUST10119,2022-10-18,907.01
CUST10086,2025-03-01,1620.23
CUST10588,2022-03-01,1486.47
CUST10588,2024-11-21,578.16
CUST10636,2025-04-18,618.69
CUST10090,2024-10-07,280.5
CUST10781,2025-02-26,278.36
CUST10106,2024-05-04,1262.66
CUST10835,2025-03-30,380.35
CUST10184,2023-01-01,707.1
CUST10229,2023-11-09,919.68
CUST10369,2025-05-20,636.41
CUST10860,2025-04-04,910.08
CUST10905,2024-11-13,564.31
CUST10056,2023-11-18,379.3
CUST10225,2025-06-12,801.51
CUST10984,2024-11-19,1325.0
CUST10378,2023-11-28,220.43
CUST10421,2025-04-22,160.65
CUST10425,2022-10-09,2684.59
CUST10799,2024-05-17,1369.32
CUST10560,2024-08-06,1934.37
CUST10259,2024-11-23,1866.46
CUST10448,2024-07-12,789.3
CUST10399,2023-05-22,813.01
CUST10862,2023-04-11,366.24
CUST10669,2023-06-19,719.62
CUST10828,2023-11-06,608.8
CUST10013,2023-02-14,871.39
CUST10937,2023-12-09,334.94
CUST10743,2022-02-25,619.76
CUST10545,2023-09-07,625.2
CUST10947,2023-10-09,526.76
CUST10684,2024-09-09,797.71
CUST10721,2023-05-21,1551.49
CUST10353,2024-04-19,1217.79
CUST10771,2023-10-16,1000.45
CUST10776,2022-07-18,833.22
CUST10470,2025-07-15,1462.88
CUST10724,2024-08-13,1201.71
CUST10587,2025-06-02,1244.59
CUST10395,2022-06-29,750.51
CUST10073,2025-05-30,1021.08
CUST10366,2024-11-26,621.47
CUST10594,2024-06-29,726.11
CUST10916,2023-11-02,695.35
CUST10649,2023-10-19,374.36
CUST10108,2022-05-23,424.35
CUST10358,2025-05-06,651.41
CUST10457,2025-04-08,1335.37
CUST10289,2023-07-05,1117.31
CUST10118,2024-07-10,1227.18
CUST10432,2024-04-16,1748.74
CUST10795,2023-10-14,2755.16
CUST10295,2024-04-13,634.79
CUST10805,2024-07-26,1270.97
CUST10693,2022-05-22,1114.95
CUST10492,2025-03-05,265.4
CUST10443,2023-03-30,386.07
CUST10470,2024-08-04,318.28
CUST10147,2024-06-16,686.48
CUST10193,2024-11-28,906.08
CUST10809,2025-02-17,1564.23
CUST10843,2024-06-19,1240.02
CUST10383,2024-12-30,1613.46
CUST10610,2025-04-30,827.09
CUST10764,2025-07-16,1874.36
CUST10193,2025-04-17,1019.87
CUST10409,2023-10-10,3553.97
CUST10143,2024-01-28,40.01
CUST10530,2023-11-04,2053.81
CUST10326,2021-12-08,1294.77
CUST10032,2024-12-22,1487.82
CUST10172,2024-12-26,1889.91
CUST10538,2023-09-27,3481.11
CUST10108,2021-11-18,1337.2
CUST10078,2023-04-05,4815.57
CUST10649,2022-07-06,669.74
CUST10637,2024-09-17,1861.54
CUST10717,2025-07-26,1316.11
CUST10937,2025-06-01,402.42
CUST10214,2025-06-07,1879.93
CUST10014,2024-07-21,20.07
CUST10640,2024-07-06,457.03
CUST10496,2025-02-24,1033.39
CUST10806,2024-05-28,196.59
CUST10320,2024-08-30,1748.95
CUST10481,2024-07-28,803.55
CUST10845,2024-05-29,810.25
CUST10875,2024-02-22,1019.85
CUST10883,2024-10-13,1367.35
CUST10431,2023-01-31,596.61
CUST10176,2022-07-23,935.91
CUST10614,2022-05-29,203.97
CUST10338,2025-01-06,2071.21
CUST10743,2023-03-15,1032.97
CUST10249,2024-08-27,455.27
CUST10863,2024-01-28,998.81
CUST10032,2022-12-02,690.29
CUST10793,2025-04-30,2063.87
CUST10301,2022-09-07,1173.79
CUST10861,2021-07-13,995.02
CUST10956,2024-06-03,281.32
CUST10086,2023-02-19,845.42
CUST10025,2024-10-30,795.62
CUST10035,2024-03-13,635.22
CUST10005,2025-05-31,280.5
CUST10689,2024-12-02,659.11
CUST10761,2022-06-02,551.41
CUST10457,2024-09-02,361.16
CUST10225,2022-02-23,985.52
CUST10638,2024-07-13,1037.92
CUST10326,2020-12-16,295.49
CUST10322,2024-06-11,1517.25
CUST10619,2024-07-20,1751.01
CUST10329,2025-06-06,1576.2
CUST10098,2024-08-04,3293.08
CUST10134,2024-01-28,88.06
CUST10295,2024-12-15,2086.64
CUST10825,2022-02-22,1021.23
CUST10271,2022-09-02,1210.71
CUST10976,2025-03-01,1837.0
CUST10651,2023-10-15,476.79
CUST10792,2024-02-09,370.24
CUST10806,2025-01-24,669.3
CUST10571,2022-07-04,546.02
CUST10079,2022-06-28,1522.81
CUST10627,2024-06-01,1038.76
CUST10411,2024-12-21,798.81
CUST10888,2025-06-18,741.75
CUST10324,2023-05-09,1233.31
CUST10481,2021-12-21,742.15
CUST10659,2024-10-15,1234.35
CUST10329,2022-06-22,1596.94
CUST10179,2024-04-05,3055.78
CUST10580,2025-05-27,1002.61
CUST10318,2024-10-25,624.59
CUST10042,2024-12-06,21.06
CUST10288,2024-07-31,420.45
CUST10823,2025-01-22,684.06
CUST10433,2024-11-18,630.05
CUST10017,2024-02-23,445.02
CUST10553,2022-01-01,366.65
CUST10567,2023-07-25,245.07
CUST10612,2025-03-31,451.37
CUST10216,2023-11-18,544.59
CUST10141,2025-03-22,1139.92
CUST10797,2024-08-31,899.74
CUST10679,2023-11-11,1802.85
CUST10098,2024-03-19,909.62
CUST10743,2023-05-22,1076.41
CUST10548,2022-02-04,4054.18
CUST10595,2025-01-11,387.65
CUST10464,2023-11-21,1855.56
CUST10779,2024-04-10,2134.35
CUST10269,2023-10-06,957.06
CUST10951,2024-06-21,742.2
CUST10342,2024-04-09,340.02
CUST10101,2022-06-06,1403.88
CUST10106,2024-11-19,457.79
CUST10365,2024-12-28,1103.04
CUST10430,2024-03-08,510.17
CUST10746,2025-01-07,676.25
CUST10653,2025-06-19,909.4
CUST10454,2021-03-10,264.92
CUST10443,2023-06-19,1361.56
CUST10394,2025-01-02,2275.21
CUST10037,2025-04-14,1205.42
CUST10632,2024-05-07,1433.21
CUST10991,2024-12-20,2705.51
CUST10997,2024-06-25,1295.57
CUST10874,2024-05-03,543.25
CUST10895,2022-12-11,572.27
CUST10553,2024-01-27,989.67
CUST10347,2024-11-28,1061.11
CUST10007,2024-05-14,2259.43
CUST10979,2025-01-24,943.88
CUST10117,2024-12-23,644.56
CUST10194,2025-04-08,379.27
CUST10397,2025-04-11,639.67
CUST10241,2023-12-09,759.64
CUST10721,2023-07-24,908.36
CUST10987,2022-10-19,1834.51
CUST10300,2021-07-27,1714.09
CUST10489,2024-07-28,88.23
CUST10444,2021-10-08,456.93
CUST10697,2021-06-23,541.17
CUST10368,2022-09-23,169.92
CUST10404,2024-12-01,159.29
CUST10451,2025-04-05,1047.06
CUST10466,2023-12-17,1401.71
CUST10446,2024-08-30,274.7
CUST10991,2025-03-06,816.58
CUST10087,2025-06-30,356.17
CUST10809,2025-07-08,380.63
CUST10603,2022-06-08,1047.57
CUST10903,2024-06-15,1695.69
CUST10303,2024-08-28,143.82
CUST10492,2025-04-01,789.78
CUST10298,2023-09-24,747.45
CUST10497,2025-04-05,977.82
CUST10067,2024-03-09,1173.93
CUST10158,2025-05-18,2217.33
CUST10689,2022-06-23,379.52
CUST10095,2024-02-28,1052.68
CUST10104,2024-05-27,780.05
CUST10998,2024-03-13,110.97
CUST10695,2021-06-14,351.85
CUST10669,2023-06-01,1147.72
CUST10743,2025-03-27,253.89
CUST10864,2022-09-05,775.31
CUST10543,2025-01-10,787.73
CUST10407,2022-08-10,143.85
CUST10780,2025-01-31,909.34
CUST10182,2023-06-01,446.96
CUST10792,2025-02-04,2012.18
CUST10380,2023-07-13,1162.66
CUST10794,2023-01-17,2454.59
CUST10962,2023-12-21,927.41
CUST10187,2024-11-08,884.84
CUST10070,2025-03-26,1019.65
CUST10876,2024-06-13,1056.26
CUST10955,2023-06-18,1275.91
CUST10972,2025-01-11,141.49
CUST10438,2024-11-01,1041.33
CUST10534,2023-08-27,65.47
CUST10941,2024-05-16,1248.89
CUST10017,2022-10-20,402.78
CUST10232,2025-02-18,1182.87
CUST10808,2022-10-06,437.68
CUST10789,2024-11-12,383.23
CUST10445,2024-05-27,1686.54
CUST10581,2024-05-15,1996.94
CUST10186,2024-04-08,873.97
CUST10532,2025-02-11,505.16
CUST10832,2024-12-03,794.55
CUST10093,2023-08-18,960.11
CUST10840,2023-04-30,2075.16
CUST10469,2025-07-11,34.85
CUST10050,2024-03-21,721.87
CUST10220,2024-04-20,1063.56
CUST10879,2022-05-13,237.42
CUST10376,2023-10-17,1542.0
CUST10336,2024-04-05,915.88
CUST10113,2024-04-16,549.8
CUST10145,2025-05-21,795.57
CUST10238,2022-11-14,273.85
CUST10647,2022-06-26,536.47
CUST10955,2023-10-17,1327.38
CUST10010,2023-04-25,1210.97
CUST10495,2023-05-22,1818.06
CUST10169,2023-06-04,288.74
CUST10503,2025-05-14,1268.84
CUST10991,2024-09-07,338.85
CUST10289,2025-06-26,264.69
CUST10207,2023-03-04,2810.36
CUST10583,2023-07-12,679.43
CUST10267,2024-02-09,478.4
CUST10941,2024-09-27,1221.75
CUST10948,2024-12-15,1063.04
CUST10810,2021-10-10,813.52
CUST10625,2024-08-11,158.68
CUST10577,2025-05-25,53.18
CUST10265,2024-11-17,1919.62
CUST10464,2025-01-29,659.99
CUST10047,2025-05-28,347.14
CUST10307,2024-03-18,1611.06
CUST10335,2022-06-06,1451.47
CUST10076,2024-02-22,2212.08
CUST10493,2022-12-02,444.92
CUST10897,2023-09-16,2430.33
CUST10455,2021-09-29,1348.92
CUST10495,2023-01-18,1011.9
CUST10049,2023-09-12,981.37
CUST10373,2023-02-27,262.84
CUST10476,2024-10-13,1350.3
CUST10499,2022-02-04,880.34
CUST10370,2024-08-30,563.01
CUST10018,2022-01-10,2265.34
CUST10352,2022-10-17,1211.21
CUST10939,2024-08-11,663.63
CUST10201,2024-09-27,3823.81
CUST10707,2022-12-31,2307.54
CUST10832,2025-02-25,585.68
CUST10822,2022-06-12,384.54
CUST10156,2025-01-15,2477.73
CUST10073,2025-04-08,1620.78
CUST10930,2022-11-10,545.6
CUST10078,2024-05-02,735.39
CUST10888,2024-05-18,903.65
CUST10319,2024-09-29,1279.21
CUST10871,2022-01-09,995.04
CUST10416,2024-08-05,170.76
CUST10420,2021-09-16,1589.91
CUST10321,2023-04-15,725.45
CUST10270,2023-08-11,2260.2
CUST10701,2025-02-20,925.09
CUST10694,2025-01-09,780.59
CUST10528,2023-04-21,961.67
CUST10682,2022-10-21,872.53
CUST10276,2024-01-15,779.32
CUST10126,2022-09-02,1665.36
CUST10395,2022-11-24,926.1
CUST10230,2024-06-09,431.16
CUST10911,2024-05-08,1175.56
CUST10755,2023-09-11,2408.4
CUST10085,2021-09-25,541.59
CUST10485,2023-09-21,1793.6
CUST10807,2024-10-14,1347.2
CUST10141,2024-03-08,645.9
CUST10183,2024-06-28,731.1
CUST10574,2023-05-29,985.64
CUST10895,2024-09-08,1663.7
CUST10527,2024-02-08,348.83
CUST10554,2022-04-05,832.24
CUST10361,2024-09-18,470.77
CUST10244,2023-08-31,1303.77
CUST10289,2024-05-12,1428.49
CUST10094,2024-12-15,318.58
CUST10773,2024-06-02,1088.13
CUST10777,2022-08-21,812.75
CUST10165,2025-03-25,466.16
CUST10451,2024-07-26,524.41
CUST10376,2023-04-27,1087.36
CUST10777,2023-05-09,986.4
CUST10820,2024-08-03,1735.87
CUST10452,2022-04-28,3465.05
CUST10221,2023-12-30,727.86
CUST10405,2023-02-11,1199.12
CUST10048,2025-02-21,732.23
CUST10296,2021-12-06,165.97
CUST10265,2022-11-08,1514.76
CUST10002,2023-09-19,224.44
CUST10341,2023-01-04,658.51
CUST10671,2024-05-26,94.82
CUST10188,2023-10-10,287.55
CUST10769,2023-10-15,797.47
CUST10290,2023-04-28,721.82
CUST10799,2023-12-23,1611.57
CUST10622,2024-06-27,454.48
CUST10944,2025-02-09,406.05
CUST10388,2024-07-14,479.25
CUST10296,2023-08-01,1364.51
CUST10208,2023-07-27,663.83
CUST10305,2024-09-04,1158.06
CUST10717,2025-05-10,173.9
CUST10776,2024-07-05,2702.29
CUST10365,2024-07-06,325.78
CUST10969,2024-09-05,336.35
CUST10709,2023-05-16,524.87
CUST10887,2023-06-23,253.87
CUST10503,2024-07-11,200.71
CUST10923,2025-05-28,173.07
CUST10290,2024-05-03,3157.55
CUST10904,2022-07-15,413.4
CUST10682,2024-08-31,1134.49
CUST10263,2024-10-28,751.0
CUST10748,2022-12-01,1243.09
CUST10454,2021-08-01,457.54
CUST10974,2024-08-28,1270.27
CUST10667,2023-10-30,184.45
CUST10220,2022-08-23,655.9
CUST10793,2024-08-18,2113.96
CUST10217,2022-01-22,1084.4
CUST10209,2025-01-21,1236.48
CUST10306,2022-03-13,362.27
CUST10391,2025-04-03,299.08
CUST10038,2023-05-31,1094.96
CUST10817,2023-10-26,2746.58
CUST10003,2024-02-28,506.73
CUST10570,2025-01-25,2035.04
CUST10655,2025-05-12,407.43
CUST10114,2025-01-10,676.9
CUST10383,2025-06-12,1178.85
CUST10396,2025-01-18,1700.88
CUST10354,2023-06-29,395.98
CUST10786,2025-04-12,1034.85
CUST10906,2022-06-24,571.61
CUST10230,2024-03-12,421.46
CUST10687,2025-01-14,760.32
CUST10068,2022-11-30,618.6
CUST10753,2025-06-19,1676.67
CUST10035,2021-03-29,1050.04
CUST10234,2022-11-30,1450.28
CUST10648,2023-03-30,3467.93
CUST10537,2024-01-27,317.03
CUST10655,2024-06-27,686.59
CUST10568,2022-01-30,651.94
CUST10744,2025-02-08,962.42
CUST10382,2025-04-09,1415.56
CUST10800,2024-01-31,2215.03
CUST10423,2024-12-12,410.31
CUST10717,2024-05-27,1421.44
CUST10327,2024-05-11,2583.47
CUST10998,2022-12-22,498.01
CUST10338,2024-09-18,1058.59
CUST10849,2024-11-01,1545.07
CUST10558,2023-05-25,216.97
CUST10304,2024-12-02,1144.48
CUST10059,2023-03-15,95.65
CUST10776,2023-04-06,497.31
CUST10284,2023-08-07,505.54
CUST10262,2024-02-22,1302.25
CUST10464,2022-12-17,1732.67
CUST10671,2024-11-20,1116.43
CUST10385,2022-12-21,334.42
CUST10609,2024-09-17,649.6
CUST10578,2025-04-01,2928.93
CUST10398,2023-12-26,757.2
CUST10790,2023-09-13,1355.54
CUST10035,2025-04-22,766.87
CUST10571,2024-04-05,315.29
CUST10885,2024-07-17,239.14
CUST10625,2023-07-04,1840.15
CUST10995,2020-11-01,992.61
CUST10806,2025-05-31,624.06
CUST10837,2021-02-18,775.8
CUST10690,2023-11-17,1871.97
CUST10284,2025-04-27,609.22
CUST10902,2025-03-12,1089.36
CUST10039,2025-04-09,968.49
CUST10539,2023-11-22,277.7
CUST10794,2022-09-29,236.12
CUST10699,2024-06-28,1755.18
CUST10241,2021-11-27,632.23
CUST10261,2023-03-17,983.85
CUST10898,2022-07-19,1045.95
CUST10060,2023-02-14,2120.62
CUST10746,2024-12-21,682.49
CUST10389,2023-07-16,619.0
CUST10696,2022-07-14,1692.7
CUST10222,2025-04-02,1672.01
CUST10347,2023-02-08,1069.87
CUST10862,2023-01-30,149.9
CUST10464,2023-11-25,528.12
CUST10285,2022-08-26,1591.37
CUST10984,2022-12-29,700.37
CUST10770,2024-12-25,231.75
CUST10829,2022-10-09,27.98
CUST10390,2023-03-27,1116.95
CUST10305,2024-04-07,672.66
CUST10098,2024-10-10,423.53
CUST10944,2024-09-29,2414.71
CUST10557,2024-12-25,1264.61
CUST10965,2025-01-17,346.15
CUST10532,2024-12-06,1188.84
CUST10698,2025-02-03,1985.06
CUST10775,2023-11-16,343.86
CUST10777,2022-04-04,394.87
CUST10192,2022-10-12,1844.69
CUST10808,2024-11-12,810.49
CUST10168,2024-01-18,573.3
CUST10958,2024-09-08,791.37
CUST10887,2022-09-09,372.43
CUST10939,2022-05-04,1073.82
CUST10530,2022-07-30,1197.52
CUST10454,2021-06-11,684.55
CUST10266,2021-08-09,447.82
CUST10016,2024-02-18,742.35
CUST10774,2024-07-17,1622.5
CUST10435,2024-11-12,1222.19
CUST10572,2024-11-07,380.51
CUST10032,2022-07-13,2650.68
CUST10343,2025-02-18,163.17
CUST10989,2025-03-08,1828.38
CUST10166,2025-04-01,2443.67
CUST10326,2021-12-21,897.91
CUST10054,2022-01-04,1534.33
CUST10192,2024-07-08,1996.23
CUST10825,2022-04-08,1434.07
CUST10961,2024-09-03,1057.54
CUST10782,2023-04-13,1916.78
CUST10426,2025-02-25,417.91
CUST10485,2023-03-27,764.43
CUST10234,2021-11-20,601.58
CUST10488,2023-01-08,1498.11
CUST10573,2024-05-07,1222.27
CUST10674,2024-05-31,299.22
CUST10908,2025-04-29,926.2
CUST10668,2023-03-19,2340.49
CUST10084,2025-05-21,2665.64
CUST10792,2025-02-22,754.53
CUST10357,2023-10-03,288.4
CUST10730,2024-08-08,457.71
CUST10442,2022-10-12,389.14
CUST10173,2023-07-13,602.37
CUST10733,2025-03-06,881.12
CUST10602,2023-09-08,865.6
CUST10555,2025-06-10,894.17
CUST10690,2024-04-14,1404.85
CUST10907,2024-08-13,660.89
CUST10358,2024-04-03,409.08
CUST10110,2025-06-18,1544.2
CUST10877,2024-10-08,927.68
CUST10338,2024-07-21,1341.97
CUST10070,2025-02-17,1602.13
CUST10216,2024-09-23,317.63
CUST10051,2024-07-11,621.68
CUST10124,2025-03-18,1189.85
CUST10136,2025-06-12,429.7
CUST10120,2025-01-03,351.81
CUST10209,2025-03-20,1037.11
CUST10570,2023-12-27,763.41
CUST10336,2024-02-09,740.71
CUST10635,2024-04-17,275.73
CUST10817,2025-03-02,2410.15
CUST10143,2023-06-13,506.21
CUST10477,2024-02-25,966.15
CUST10387,2025-01-02,1026.81
CUST10318,2022-01-22,825.92
CUST10869,2023-10-09,477.22
CUST10011,2022-03-30,771.3
CUST10799,2024-02-29,569.34
CUST10790,2022-11-25,1163.88
CUST10467,2024-07-21,2519.01
CUST10149,2021-11-20,1269.31
CUST10381,2025-07-25,373.53
CUST10487,2024-12-31,372.48
CUST10560,2025-03-06,551.99
CUST10479,2024-07-18,213.88
CUST10641,2022-10-22,533.23
CUST10489,2025-04-03,679.67
CUST10686,2025-04-02,395.93
CUST10925,2024-02-16,826.13
CUST10759,2025-02-16,928.31
CUST10454,2021-12-10,802.72
CUST10978,2024-01-23,819.78
CUST10857,2024-11-25,2636.44
CUST10412,2022-11-22,802.91
CUST10919,2025-02-20,350.43
CUST10970,2024-03-08,1298.11
CUST10736,2022-07-09,1619.22
CUST10082,2025-01-18,237.55
CUST10039,2024-04-08,1476.13
CUST10571,2024-05-17,1404.06
CUST10562,2022-10-05,707.42
CUST10362,2024-12-23,943.3
CUST10663,2025-03-16,318.0
CUST10133,2022-04-08,740.24
CUST10334,2024-04-03,2746.53
CUST10498,2024-10-07,389.97
CUST10851,2024-10-10,1405.2
CUST10422,2022-10-09,2387.38
CUST10002,2024-11-01,787.91
CUST10357,2021-09-21,3740.97
CUST10125,2025-01-05,206.73
CUST10062,2024-05-20,889.92
CUST10977,2023-12-17,1919.6
CUST10359,2025-01-07,468.7
CUST10255,2025-05-24,1125.34
CUST10209,2024-12-12,187.33
CUST10698,2025-03-31,2810.53
CUST10052,2024-09-17,781.84
CUST10757,2024-11-19,737.02
CUST10657,2025-02-05,435.72
CUST10391,2024-07-31,522.23
CUST10298,2024-07-15,1767.9
CUST10753,2025-01-07,485.14
CUST10539,2023-10-28,1309.07
CUST10755,2023-09-08,77.72
CUST10413,2020-12-15,787.47
CUST10667,2024-10-29,1184.26
CUST10971,2025-06-11,1935.59
CUST10699,2023-07-15,602.55
CUST10043,2023-11-02,870.53
CUST10138,2024-12-05,1475.01
CUST10047,2024-11-02,2067.22
CUST10890,2024-07-04,288.09
CUST10856,2022-09-26,1020.06
CUST10783,2024-11-12,672.49
CUST10215,2024-10-22,322.34
CUST10875,2025-03-20,551.59
CUST10934,2023-01-07,810.11
CUST10732,2024-09-24,239.65
CUST10230,2023-04-28,503.19
CUST10607,2023-02-02,1128.68
CUST10910,2021-11-30,90.18
CUST10395,2025-03-16,825.05
CUST10759,2024-09-20,696.25
CUST10633,2024-06-19,2108.29
CUST10329,2025-07-10,344.43
CUST10355,2021-03-13,719.82
CUST10996,2024-06-27,358.12
CUST10460,2024-11-30,588.15
CUST10618,2024-04-30,902.64
CUST10376,2022-04-01,1350.92
CUST10038,2024-09-18,734.91
CUST10828,2025-01-05,1296.91
CUST10041,2024-04-11,1448.88
CUST10125,2023-03-01,1501.91
CUST10085,2021-02-08,626.56
CUST10889,2023-07-28,1118.22
CUST10762,2024-10-24,360.52
CUST10830,2023-11-02,1084.98
CUST10607,2024-10-12,1186.72
CUST10070,2025-06-10,627.14
CUST10154,2024-07-25,1100.77
CUST10055,2025-06-26,2587.2
CUST10982,2022-12-19,1391.2
CUST10027,2024-03-21,33.56
CUST10808,2025-07-04,1280.08
CUST10100,2024-03-04,1079.38
CUST10010,2024-09-03,278.56
CUST10983,2025-01-05,389.99
CUST10835,2025-01-02,2030.43
CUST10418,2024-06-08,1196.04
CUST10789,2023-02-20,195.74
CUST10913,2022-07-03,797.78
CUST10324,2022-08-21,439.88
CUST10600,2024-07-20,680.66
CUST10683,2024-11-16,1060.99
CUST10249,2024-10-13,304.15
CUST10561,2023-08-30,181.83
CUST10537,2024-12-19,473.88
CUST10935,2025-07-16,1084.93
CUST10240,2025-05-13,2920.51
CUST10202,2023-12-20,1125.97
CUST10474,2025-04-23,2140.88
CUST10462,2022-12-14,113.48
CUST10635,2022-05-30,1372.47
CUST10449,2025-07-10,1003.28
CUST10408,2023-11-06,803.84
CUST10013,2024-10-20,480.76
CUST10055,2022-05-30,174.25
CUST10789,2024-07-18,363.0
CUST10916,2024-12-20,505.34
CUST10803,2024-05-14,1976.58
CUST10307,2025-01-27,861.64
CUST10209,2024-09-24,973.5
CUST10295,2025-06-28,1499.42
CUST10706,2025-05-08,3088.91
CUST10250,2024-12-22,1499.35
CUST10882,2023-01-26,1095.96
CUST10279,2023-01-24,820.31
CUST10326,2021-12-06,150.5
CUST10887,2024-12-07,2108.07
CUST10259,2025-07-18,1418.64
CUST10598,2024-03-17,876.63
CUST10870,2024-04-26,1911.41
CUST10576,2024-04-20,1892.98
CUST10678,2024-10-02,2012.42
CUST10823,2023-09-22,338.5
CUST10776,2023-05-06,525.36
CUST10723,2025-01-10,378.48
CUST10355,2023-01-23,1910.27
CUST10074,2022-11-11,879.04
CUST10269,2025-07-01,916.52
CUST10551,2024-12-30,394.47
CUST10205,2025-02-04,587.29
CUST10833,2025-01-03,848.57
CUST10424,2023-08-20,639.45
CUST10162,2024-08-11,1568.37
CUST10595,2022-12-22,1565.47
CUST10440,2023-08-02,2097.42
CUST10149,2024-08-06,1139.97
CUST10578,2023-09-14,1849.69
CUST10227,2024-02-03,1511.19
CUST10398,2024-01-15,2527.91
CUST10011,2020-09-12,261.82
CUST10332,2023-04-11,1056.89
CUST10388,2025-06-27,3217.55
CUST10069,2024-12-15,349.06
CUST10704,2024-01-22,3211.27
CUST10445,2025-02-25,355.61
CUST10912,2024-01-06,3452.4
CUST10663,2023-10-02,1120.88
CUST10593,2023-12-21,230.09
CUST10121,2024-05-15,1038.54
CUST10524,2025-01-28,431.09
CUST10508,2023-03-19,181.08
CUST10242,2024-06-22,455.44
CUST10491,2021-08-06,691.87
CUST10067,2025-02-02,2093.2
CUST10923,2024-06-18,443.38
CUST10772,2024-10-27,1276.49
CUST10178,2024-07-20,172.46
CUST10318,2024-02-01,4125.98
CUST10580,2022-04-28,1440.81
CUST10680,2021-08-17,1296.38
CUST10884,2023-11-05,801.79
CUST10720,2025-01-06,203.5
CUST10269,2024-06-27,597.39
CUST10583,2024-07-08,1224.65
CUST10320,2025-01-02,445.77
CUST10352,2024-02-04,920.83
CUST10930,2024-05-19,796.9
CUST10734,2024-01-21,667.83
CUST10699,2023-12-13,856.34
CUST10911,2023-12-16,1003.89
CUST10232,2025-02-20,1343.13
CUST10570,2022-01-21,843.3
CUST10985,2023-09-11,899.17
CUST10783,2023-06-20,1725.08
CUST10612,2023-10-17,487.34
CUST10393,2023-06-28,565.64
CUST10964,2025-05-03,1140.18
CUST10114,2023-03-10,1359.99
CUST10289,2024-05-28,1894.39
CUST10233,2020-12-11,2085.64
CUST10712,2023-04-16,1906.73
CUST10262,2022-06-11,1170.76
CUST10411,2025-05-16,754.68
CUST10876,2024-12-21,156.67
CUST10558,2022-07-30,901.94
CUST10580,2022-03-09,626.03
CUST10477,2022-09-30,820.01
CUST10827,2024-08-04,412.87
CUST10842,2024-06-17,920.62
CUST10284,2024-08-04,1705.1
CUST10568,2025-04-27,200.3
CUST10196,2023-11-21,301.92
CUST10211,2024-07-26,679.5
CUST10891,2025-01-02,1027.55
CUST10753,2023-10-26,1547.77
CUST10984,2023-07-10,1766.57
CUST10180,2025-07-20,1605.35
CUST10847,2021-08-29,1326.98
CUST10552,2023-10-04,803.73
CUST10199,2024-06-17,929.62
CUST10241,2024-04-01,847.18
CUST10316,2025-07-22,966.27
CUST10641,2022-10-04,153.4
CUST10805,2024-05-21,511.53
CUST10956,2024-07-14,1008.1
CUST10076,2022-05-28,2445.74
CUST10866,2023-03-16,1070.19
CUST10066,2025-06-05,286.82
CUST10766,2024-11-21,2165.69
CUST10268,2022-09-05,307.54
CUST10236,2023-06-14,622.8
CUST10215,2023-01-28,386.07
CUST10594,2021-01-01,1311.36
CUST10374,2025-07-07,491.09
CUST10202,2022-02-07,511.41
CUST10869,2024-03-19,951.35
CUST10154,2024-10-31,1185.33
CUST10665,2023-01-09,619.53
CUST10156,2023-11-26,1187.17
CUST10989,2023-09-04,687.12
CUST10399,2023-06-23,709.46
CUST10467,2024-10-01,636.72
CUST10905,2025-04-29,2288.09
CUST10064,2024-08-28,1286.52
CUST10538,2022-12-12,1168.98
CUST10605,2022-12-17,42.42
CUST10157,2022-10-28,868.43
CUST10215,2023-07-14,1724.61
CUST10199,2024-01-07,1372.14
CUST10486,2025-06-16,818.65
CUST10470,2023-10-13,2236.77
CUST10145,2024-10-20,2100.11
CUST10349,2023-08-11,715.48
CUST10927,2025-04-26,1177.45
CUST10056,2025-03-19,1311.18
CUST10040,2024-01-12,956.94
CUST10826,2023-04-06,1000.11
CUST10687,2024-05-24,1589.22
CUST10212,2024-04-24,1907.52
CUST10518,2024-12-12,1441.79
CUST10878,2024-12-10,323.43
CUST10727,2020-09-28,1314.08
CUST10868,2024-08-17,439.73
CUST10153,2024-05-12,988.58
CUST10213,2024-11-01,373.34
CUST10826,2023-05-05,683.41
CUST10672,2024-04-21,1474.7
CUST10606,2024-06-23,664.54
CUST10777,2022-05-13,105.94
CUST10907,2024-07-16,269.25
CUST10134,2024-05-10,654.02
CUST10621,2025-02-13,1193.05
CUST10808,2022-06-06,1840.08
CUST10790,2024-03-04,798.12
CUST10469,2023-06-10,1026.71
CUST10835,2024-12-12,672.14
CUST10851,2025-02-26,1277.52
CUST10045,2024-07-16,391.95
CUST10598,2025-06-17,268.15
CUST10322,2023-03-30,907.39
CUST10466,2022-08-09,1220.38
CUST10236,2021-11-03,1342.44
CUST10204,2024-08-11,769.41
CUST10089,2022-10-04,621.06
CUST10398,2024-03-28,233.81
CUST10280,2023-08-27,794.75
CUST10092,2021-01-14,307.3
CUST10023,2022-06-02,1692.1
CUST10363,2024-12-23,1667.05
CUST10531,2025-04-25,392.95
CUST10720,2024-08-04,753.18
CUST10165,2025-07-19,890.13
CUST10335,2021-10-05,632.39
CUST10315,2025-03-24,106.86
CUST10485,2024-11-07,519.38
CUST10481,2023-09-29,459.97
CUST10265,2023-09-20,582.16
CUST10107,2025-02-25,435.44
CUST10472,2024-09-17,361.94
CUST10913,2023-06-08,681.02
CUST10901,2024-11-24,1046.49
CUST10305,2024-07-09,70.09
CUST10368,2021-11-28,1604.08
CUST10541,2022-10-15,971.28
CUST10221,2023-05-03,895.95
CUST10425,2025-05-31,1473.07
CUST10095,2021-09-24,1230.62
CUST10737,2023-08-08,992.75
CUST10880,2022-06-01,940.89
CUST10772,2023-06-06,585.43
CUST10928,2024-01-08,2514.48
CUST10861,2021-03-03,587.23
CUST10872,2025-04-06,470.62
CUST10297,2021-03-23,733.03
CUST10784,2022-06-16,298.09
CUST10232,2022-08-12,467.6
CUST10772,2023-04-24,1068.01
CUST10752,2021-08-26,1170.17
CUST10419,2025-05-11,2054.48
CUST10779,2025-01-01,2306.15
CUST10286,2025-05-19,656.94
CUST10988,2023-12-17,593.37
CUST10942,2025-07-29,1275.77
CUST10112,2023-08-26,1481.91
CUST10221,2021-11-02,216.44
CUST10870,2024-03-06,652.95
CUST10580,2024-07-22,1884.29
CUST10211,2023-10-14,2305.58
CUST10283,2025-05-13,454.21
CUST10438,2025-01-31,1983.13
CUST10359,2024-08-13,760.27
CUST10971,2024-04-15,175.12
CUST10009,2022-12-06,1183.44
CUST10003,2022-12-14,889.36
CUST10657,2024-07-15,2852.24
CUST10488,2023-10-26,469.7
CUST10326,2025-04-05,1992.79
CUST10124,2023-04-08,641.11
CUST10946,2022-06-11,557.0
CUST10381,2024-03-17,163.93
CUST10728,2024-06-13,111.39
CUST10241,2024-05-12,453.46
CUST10566,2023-09-10,1887.59
CUST10735,2025-07-29,199.67
CUST10076,2024-07-12,713.88
CUST10098,2024-07-05,1001.44
CUST10111,2024-12-23,1316.92
CUST10034,2021-08-28,3120.88
CUST10422,2025-03-29,992.88
CUST10928,2024-03-29,3028.35
CUST10966,2022-03-29,548.38
CUST10834,2023-02-10,540.94
CUST10995,2021-06-08,573.93
CUST10315,2025-07-26,1066.16
CUST10052,2022-03-20,1200.54
CUST10867,2024-11-01,923.92
CUST10856,2023-03-23,1615.88
CUST10581,2023-11-06,130.5
CUST10953,2023-04-29,692.33
CUST10633,2023-12-03,520.19
CUST10053,2024-09-26,1757.85
CUST10362,2024-06-05,1583.95
CUST10938,2024-06-12,746.66
CUST10187,2024-06-30,111.36
CUST10341,2024-07-29,2659.91
CUST10885,2023-09-29,3261.24
CUST10456,2025-06-07,838.39
CUST10333,2025-06-12,712.75
CUST10008,2025-04-21,1370.91
CUST10659,2025-06-05,924.13
CUST10467,2024-10-16,1157.73
CUST10037,2023-12-22,1482.12
CUST10716,2024-06-29,240.9
CUST10533,2024-12-31,10.71
CUST10519,2021-11-12,1071.92
CUST10667,2023-09-05,230.73
CUST10659,2024-08-23,965.94
CUST10655,2025-05-11,535.46
CUST10774,2023-08-14,911.83
CUST10056,2024-03-06,1414.58
CUST10413,2021-11-07,372.46
CUST10111,2025-04-08,1944.17
CUST10817,2022-11-25,893.62
CUST10432,2024-05-31,1179.28
CUST10668,2024-04-09,1153.16
CUST10966,2024-09-22,1118.87
CUST10702,2024-04-27,828.89
CUST10940,2023-04-19,103.12
CUST10526,2023-12-20,253.19
CUST10816,2023-10-27,691.16
CUST10967,2025-03-27,648.75
CUST10101,2023-07-20,435.68
CUST10677,2024-06-22,449.61
CUST10822,2023-03-26,527.72
CUST10357,2021-05-24,226.88
CUST10392,2023-08-06,227.22
CUST10440,2025-01-14,1275.55
CUST10885,2024-01-22,337.79
CUST10104,2024-11-12,206.91
CUST10148,2024-02-16,702.78
CUST10307,2023-04-18,605.91
CUST10392,2023-12-24,615.26
CUST10229,2022-01-15,989.8
CUST10876,2024-08-28,510.24
CUST10388,2024-03-27,1937.45
CUST10462,2025-04-11,178.1
CUST10631,2024-12-12,699.92
CUST10658,2021-03-27,509.32
CUST10686,2022-11-05,634.08
CUST10745,2024-04-17,1515.12
CUST10602,2023-02-14,1588.1
CUST10923,2024-09-10,792.24
CUST10669,2024-07-12,393.1
CUST10389,2024-10-15,1887.82
CUST10755,2024-09-15,3883.34
CUST10559,2025-02-26,417.56
CUST10486,2025-04-13,822.28
CUST10423,2025-06-16,457.88
CUST10942,2025-02-07,1038.94
CUST10871,2022-02-04,495.44
CUST10169,2024-03-18,807.84
CUST10126,2022-01-22,427.82
CUST10644,2025-02-07,325.19
CUST10760,2023-08-13,187.82
CUST10696,2023-08-28,2319.05
CUST10053,2023-10-21,1019.24
CUST10224,2024-01-17,909.71
CUST10124,2021-10-08,503.75
CUST10062,2025-04-13,681.24
CUST10489,2024-07-20,930.31
CUST10376,2023-11-20,1257.26
CUST10172,2024-10-24,2717.16
CUST10751,2021-04-10,946.01
CUST10232,2024-09-17,296.81
CUST10602,2024-01-07,2305.01
CUST10671,2025-03-08,882.68
CUST10664,2024-05-01,464.06
CUST10497,2024-10-01,2223.89
CUST10988,2025-06-07,1542.98
CUST10912,2024-10-07,819.71
CUST10607,2024-06-02,1159.61
CUST10709,2023-07-24,1690.23
CUST10057,2023-09-30,1334.43
CUST10776,2023-04-26,777.33
CUST10426,2022-09-11,169.85
CUST10802,2025-03-13,2928.64
CUST10479,2023-07-17,550.63
CUST10380,2025-04-04,1008.02
CUST10808,2025-06-02,798.66
CUST10593,2024-08-19,743.26
CUST10738,2024-03-04,529.33
CUST10581,2023-05-06,1393.84
CUST10921,2025-04-10,1531.63
CUST10836,2023-06-21,3926.68
CUST10284,2024-12-12,2339.05
CUST10727,2024-10-10,177.28
CUST10178,2022-10-09,358.79
CUST10215,2025-07-01,640.65
CUST10623,2024-09-13,392.88
CUST10509,2021-12-29,542.31
CUST10931,2025-02-24,1417.37
CUST10227,2023-11-10,1731.81
CUST10474,2024-08-10,387.07
CUST10351,2024-10-01,1018.85
CUST10878,2024-05-02,2162.99
CUST10216,2025-03-12,948.05
CUST10127,2023-06-24,1238.26
CUST10789,2023-06-08,34.31
CUST10183,2023-05-28,688.87
CUST10901,2025-03-19,256.57
CUST10762,2025-06-26,1595.33
CUST10997,2024-07-21,991.48
CUST10179,2022-12-22,2992.77
CUST10054,2024-11-15,1642.02
CUST10864,2022-11-12,1363.8
CUST10831,2025-05-07,46.06
CUST10959,2022-11-22,463.91
CUST10096,2024-06-04,622.69
CUST10735,2025-04-23,1326.81
CUST10447,2022-11-26,181.37
CUST10527,2024-12-01,63.03
CUST10108,2022-10-09,590.39
CUST10679,2024-08-05,651.93
CUST10194,2024-07-22,1218.56
CUST10790,2025-05-06,143.72
CUST10628,2022-04-07,1398.46
CUST10828,2025-02-28,600.39
CUST10611,2022-11-08,198.28
CUST10413,2024-05-18,1159.8
CUST10226,2021-11-15,1428.9
CUST10989,2022-07-02,903.29
CUST10414,2023-08-02,1756.67
CUST10079,2023-05-15,1774.58
CUST10446,2024-03-23,323.04
CUST10381,2025-04-25,1976.31
CUST10449,2024-10-16,954.52
CUST10457,2025-04-23,942.91
CUST10697,2024-04-04,532.64
CUST10560,2025-04-14,1599.86
CUST10928,2024-12-07,45.72
CUST10430,2025-04-08,1774.74
CUST10620,2024-10-13,1275.25
CUST10106,2025-02-20,2231.1
CUST10821,2022-06-03,1539.78
CUST10902,2024-07-19,1507.7
CUST10711,2024-10-13,839.35
CUST10452,2023-11-02,1021.6
CUST10011,2022-11-02,523.34
CUST10939,2022-10-03,703.75
CUST10728,2025-03-06,238.4
CUST10953,2023-03-10,798.29
CUST10556,2023-03-04,2563.96
CUST10672,2024-11-06,425.56
CUST10443,2024-04-16,432.84
CUST10037,2024-09-11,3604.25
CUST10802,2024-09-06,1393.41
CUST10060,2021-11-24,2820.49
CUST10412,2022-05-24,1091.24
CUST10694,2024-02-27,879.73
CUST10057,2024-07-07,734.54
CUST10869,2024-07-17,439.46
CUST10664,2024-03-22,1056.29
CUST10463,2023-10-14,1140.03
CUST10433,2024-12-20,656.16
CUST10348,2024-08-23,71.08
CUST10059,2023-11-07,1279.73
CUST10604,2025-02-01,907.0
CUST10639,2023-01-02,382.34
CUST10455,2021-03-21,508.61
CUST10511,2024-04-21,161.7
CUST10269,2022-07-07,63.07
CUST10940,2024-03-15,1251.03
CUST10703,2023-04-15,1434.89
CUST10439,2024-07-07,1209.88
CUST10672,2024-12-20,684.38
CUST10746,2024-10-02,1508.31
CUST10498,2024-10-25,550.39
CUST10713,2022-10-07,1103.72
CUST10813,2024-06-04,491.66
CUST10172,2024-08-30,1666.6
CUST10981,2025-05-08,1024.5
CUST10585,2024-06-17,1576.39
CUST10599,2023-01-18,1159.04
CUST10093,2023-10-01,855.57
CUST10130,2025-01-06,1011.2
CUST10943,2024-06-21,1112.05
CUST10328,2025-06-09,144.75
CUST10959,2021-11-12,392.78
CUST10692,2025-02-15,736.27
CUST10082,2025-06-09,171.61
CUST10961,2025-07-20,403.32
CUST10407,2023-12-07,345.06
CUST10245,2022-08-03,429.3
CUST10915,2023-02-18,797.26
CUST10050,2024-01-14,358.51
CUST10254,2025-05-13,1134.9
CUST10348,2025-05-18,1155.37
CUST10631,2024-05-31,454.6
CUST10308,2021-11-14,160.39
CUST10676,2024-06-12,1387.11
CUST10217,2023-04-01,251.02
CUST10903,2023-06-29,448.08
CUST10379,2024-04-09,864.67
CUST10452,2024-09-11,1272.64
CUST10745,2023-12-29,209.71
CUST10693,2023-08-16,2557.11
CUST10980,2022-09-27,480.82
CUST10194,2024-03-15,1901.79
CUST10516,2023-12-16,3061.88
CUST10213,2025-04-13,847.83
CUST10126,2023-03-23,1648.95
CUST10113,2023-06-05,1632.42
CUST10279,2024-02-16,597.38
CUST10432,2023-10-24,980.82
CUST10641,2024-06-18,561.68
CUST10873,2023-07-10,1232.3
CUST10429,2022-12-21,221.32
CUST10646,2023-02-02,742.62
CUST10686,2025-05-29,543.37
CUST10311,2024-10-01,953.13
CUST10946,2025-03-18,692.05
CUST10992,2021-09-20,1751.96
CUST10254,2025-06-11,1722.17
CUST10128,2024-01-11,2039.14
CUST10826,2024-07-14,160.85
CUST10286,2025-06-26,552.03
CUST10274,2024-03-18,602.02
CUST10909,2024-06-07,1715.98
CUST10241,2021-05-30,611.41
CUST10934,2023-11-23,2171.47
CUST10989,2024-05-19,2742.56
CUST10015,2023-06-17,3344.86
CUST10120,2024-12-11,2292.43
CUST10700,2025-07-25,424.44
CUST10823,2025-04-15,931.13
CUST10046,2024-11-26,569.97
CUST10794,2023-02-12,234.02
CUST10931,2024-03-21,1383.39
CUST10884,2023-12-08,1075.31
CUST10683,2024-08-11,810.19
CUST10342,2024-03-25,652.67
CUST10532,2022-05-21,1033.87
CUST10138,2025-05-29,416.97
CUST10097,2021-06-17,873.1
CUST10636,2022-04-06,1142.64
CUST10915,2023-12-23,1420.49
CUST10683,2025-05-21,1533.92
CUST10738,2023-05-13,1541.15
CUST10912,2025-03-20,952.59
CUST10466,2024-04-23,1820.53
CUST10609,2025-05-26,1259.28
CUST10329,2025-02-16,380.39
CUST10594,2021-09-13,770.08
CUST10264,2024-03-10,885.19
CUST10064,2024-05-01,134.8
CUST10610,2024-12-11,1145.96
CUST10896,2025-03-21,2367.58
CUST10231,2024-09-27,252.63
CUST10893,2023-02-26,1861.98
CUST10958,2024-03-20,1093.61
CUST10304,2025-05-31,2314.57
CUST10674,2023-10-06,2652.14
CUST10418,2024-02-16,1213.45
CUST10878,2023-10-26,320.29
CUST10308,2021-09-11,4449.88
CUST10170,2025-05-21,262.61
CUST10858,2024-01-02,1198.3
CUST10838,2024-07-03,1303.94
CUST10191,2024-01-11,1380.26
CUST10871,2024-11-17,898.99
CUST10667,2024-05-05,498.26
CUST10297,2025-03-22,961.92
CUST10255,2024-09-11,839.72
CUST10176,2023-01-29,1688.54
CUST10145,2024-09-17,638.84
CUST10978,2023-05-09,2351.53
CUST10229,2021-09-30,2724.73
CUST10479,2022-10-26,801.22
CUST10928,2024-07-11,638.15
CUST10684,2025-01-16,1216.17
CUST10488,2025-04-27,753.54
CUST10935,2023-12-18,1031.8
CUST10379,2022-01-15,898.93
CUST10678,2025-04-04,168.73
CUST10861,2022-12-27,154.24
CUST10010,2023-11-05,1514.06
CUST10590,2024-09-19,393.28
CUST10348,2024-11-03,1634.56
CUST10404,2025-01-22,2763.2
CUST10048,2024-10-10,1085.47
CUST10378,2023-07-06,2726.62
CUST10762,2024-11-07,256.57
CUST10245,2025-05-15,1160.55
CUST10321,2024-04-17,976.22
CUST10782,2025-03-31,255.86
CUST10487,2025-03-22,832.9
CUST10024,2022-04-24,1190.0
CUST10507,2025-02-12,790.27
CUST10370,2025-03-05,854.62
CUST10531,2023-12-03,159.46
CUST10078,2023-10-19,1515.02
CUST10066,2025-04-01,925.64
CUST10882,2024-07-30,470.28
CUST10959,2022-11-24,1431.55
CUST10833,2022-10-09,420.88
CUST10977,2025-04-02,336.11
CUST10771,2024-03-03,764.8
CUST10146,2023-03-01,676.62
CUST10887,2022-03-21,777.4
CUST10054,2021-12-08,2525.87
CUST10450,2022-09-02,1518.25
CUST10951,2024-01-08,299.15
CUST10092,2025-04-29,806.41
CUST10380,2022-11-28,381.83
CUST10713,2025-01-01,448.82
CUST10803,2023-10-15,1352.82
CUST10269,2021-11-17,533.15
CUST10247,2024-09-01,881.19
CUST10159,2022-07-29,2508.36
CUST10260,2024-01-06,541.9
CUST10528,2021-11-17,762.34
CUST10749,2022-05-26,658.74
CUST10660,2022-03-08,4054.38
CUST10371,2024-05-08,437.89
CUST10407,2024-06-03,279.07
CUST10502,2024-01-01,1933.01
CUST10669,2024-07-30,265.76
CUST10886,2025-06-04,568.84
CUST10183,2023-07-20,735.67
CUST10510,2023-03-19,2535.64
CUST10808,2024-03-03,660.03
CUST10339,2023-04-10,596.29
CUST10550,2024-05-18,3296.8
CUST10832,2025-07-23,304.29
CUST10744,2025-03-12,499.15
CUST10425,2024-06-30,290.41
CUST10203,2025-01-29,2139.5
CUST10283,2025-04-04,2533.52
CUST10604,2024-02-10,1085.1
CUST10409,2022-06-23,468.69
CUST10451,2024-09-27,211.52
CUST10572,2025-02-01,2322.29
CUST10780,2024-10-06,965.77
CUST10089,2023-01-25,1706.97
CUST10006,2024-09-04,1170.94
CUST10219,2022-11-26,130.63
CUST10837,2024-08-06,2150.28
CUST10368,2022-03-15,841.83
CUST10623,2024-07-24,1492.57
CUST10085,2024-09-25,866.07
CUST10033,2024-11-27,1073.54
CUST10187,2024-05-07,407.23
CUST10617,2023-08-12,1026.9
CUST10500,2024-06-20,1690.76
CUST10618,2022-02-23,1269.77
CUST10506,2021-10-09,1282.28
CUST10398,2023-08-03,2222.6
CUST10659,2025-01-20,1634.16
CUST10234,2023-02-24,700.41
CUST10433,2025-01-17,419.46
CUST10506,2022-12-06,701.88
CUST10370,2024-09-28,467.19
CUST10927,2024-05-15,1450.57
CUST10759,2024-09-30,457.23
CUST10452,2024-03-02,494.47
CUST10243,2023-06-15,534.69
CUST10022,2025-05-31,318.69
CUST10529,2024-02-29,1145.92
CUST10772,2023-09-17,275.49
CUST10179,2023-12-10,351.18
CUST10661,2021-11-14,1966.44
CUST10873,2024-05-22,2348.06
CUST10176,2023-12-30,679.2
CUST10476,2025-03-13,1908.11
CUST10190,2023-09-05,410.77
CUST10585,2025-07-11,907.7
CUST10234,2025-02-23,1565.17
CUST10952,2024-04-11,1199.05
CUST10127,2024-02-02,681.3
CUST10048,2025-01-28,556.52
CUST10412,2024-05-28,753.49
CUST10656,2024-01-31,1313.77
CUST10529,2024-08-29,3313.68
CUST10041,2025-01-22,536.1
CUST10719,2025-07-06,559.39
CUST10217,2024-10-18,912.37
CUST10327,2024-06-01,902.09
CUST10135,2024-03-28,490.83
CUST10925,2023-02-04,927.86
CUST10597,2025-01-15,943.39
CUST10722,2021-04-12,1982.35
CUST10204,2024-08-06,224.58
CUST10903,2021-08-05,1246.95
CUST10692,2024-09-20,1500.09
CUST10753,2024-08-23,2802.3
CUST10144,2025-03-17,347.75
CUST10581,2023-06-17,756.34
CUST10399,2021-11-22,199.69
CUST10076,2024-02-02,450.88
CUST10771,2023-06-25,1320.32
CUST10151,2024-10-22,551.8
CUST10452,2024-07-29,829.01
CUST10698,2023-04-17,818.26
CUST10976,2025-04-03,430.4
CUST10266,2023-04-03,1010.93
CUST10905,2025-02-07,1262.48
CUST10741,2024-10-19,40.47
CUST10495,2022-04-15,982.33
CUST10382,2022-09-28,798.73
CUST10553,2025-05-23,426.63
CUST10724,2024-10-25,2093.55
CUST10570,2022-10-20,1476.37
CUST10254,2024-12-24,935.83
CUST10733,2025-06-24,1620.11
CUST10040,2022-05-22,1083.61
CUST10185,2024-03-26,284.12
CUST10813,2023-12-13,305.55
CUST10360,2025-05-22,1357.16
CUST10269,2022-06-09,1770.68
CUST10563,2022-09-15,1977.77
CUST10835,2023-10-25,2571.84
CUST10129,2024-11-13,398.87
CUST10522,2024-12-12,260.4
CUST10958,2023-10-20,1279.21
CUST10821,2024-06-22,1513.64
CUST10759,2024-07-16,806.86
CUST10940,2023-09-12,1005.69
CUST10329,2024-01-28,407.53
CUST10989,2023-06-08,925.64
CUST10071,2022-09-24,95.73
CUST10533,2025-04-03,259.11
CUST10507,2024-05-08,1126.3
CUST10148,2025-02-04,712.86
CUST10977,2024-06-23,1888.43
CUST10249,2024-02-26,568.1
CUST10240,2024-11-15,86.92
CUST10220,2025-01-24,1039.79
CUST10754,2024-01-24,852.08
CUST10361,2023-01-14,146.89
CUST10235,2025-05-06,1310.91
CUST10614,2022-10-11,309.89
CUST10831,2024-07-08,1783.08
CUST10636,2022-08-08,1186.85
CUST10711,2024-05-11,1627.92
CUST10337,2024-01-17,724.52
CUST10127,2025-02-18,263.7
CUST10724,2025-06-17,907.44
CUST10331,2022-05-21,1562.09
CUST10739,2024-09-01,269.92
CUST10616,2022-05-10,854.36
CUST10983,2023-01-15,2051.66
CUST10136,2020-10-29,65.8
CUST10532,2022-02-04,216.12
CUST10277,2022-10-28,172.02
CUST10146,2024-07-13,740.93
CUST10448,2023-12-16,1580.12
CUST10357,2024-07-09,157.44
CUST10787,2024-05-02,544.61
CUST10277,2023-01-24,1025.44
CUST10937,2023-08-13,1587.84
CUST10410,2021-12-31,621.2
CUST10927,2024-03-21,974.22
CUST10986,2022-11-06,879.68
CUST10044,2022-07-26,1948.77
CUST10470,2025-04-01,535.91
CUST10760,2022-07-30,1089.72
CUST10521,2023-09-08,361.14
CUST10268,2022-11-23,591.5
CUST10445,2024-10-31,2253.62
CUST10637,2025-03-24,1012.78
CUST10328,2024-06-15,443.73
CUST10035,2024-06-13,128.1
CUST10685,2024-12-14,665.51
CUST10776,2024-10-08,2886.3
CUST10902,2025-06-30,2512.23
CUST10654,2024-11-19,725.69
CUST10815,2024-04-12,314.56
CUST10979,2024-05-25,961.26
CUST10369,2023-01-05,324.1
CUST10307,2022-08-08,1264.97
CUST10953,2024-07-23,1032.68
CUST10812,2024-11-18,247.99
CUST10231,2025-05-29,447.61
CUST10754,2024-03-29,873.04
CUST10049,2022-02-08,443.05
CUST10763,2024-07-09,383.49
CUST10658,2022-09-30,1667.0
CUST10048,2024-08-11,548.2
CUST10528,2022-09-25,2007.58
CUST10684,2024-04-20,217.92
CUST10200,2025-07-23,1787.8
CUST10661,2025-05-02,756.94
CUST10955,2024-04-23,2129.14
CUST10270,2023-09-06,768.99
CUST10213,2024-08-15,883.98
CUST10925,2023-06-02,330.89
CUST10106,2024-01-26,1826.01
CUST10369,2023-10-11,219.04
CUST10498,2024-08-29,321.63
CUST10591,2023-11-10,1512.26
CUST10797,2023-03-30,491.72
CUST10098,2024-01-13,520.1
CUST10897,2022-07-11,1190.2
CUST10573,2022-12-22,948.94
CUST10016,2023-11-24,1543.17
CUST10207,2021-02-10,352.66
CUST10194,2025-01-04,1740.16
CUST10833,2023-12-16,1252.88
CUST10358,2024-12-19,1070.29
CUST10415,2025-05-29,906.79
CUST10127,2023-09-24,858.17
CUST10217,2022-09-21,1062.49
CUST10242,2022-01-24,1786.74
CUST10869,2023-11-12,1357.39
CUST10625,2023-05-05,1900.24
CUST10186,2024-10-26,1273.63
CUST10814,2023-10-16,398.06
CUST10097,2022-05-01,429.3
CUST10471,2024-08-02,515.0
CUST10254,2024-08-03,280.37
CUST10238,2023-02-05,1534.44
CUST10878,2022-09-14,2895.78
CUST10604,2024-08-12,754.75
CUST10930,2024-08-18,265.33
CUST10003,2025-05-10,1062.69
CUST10355,2022-06-30,808.81
CUST10029,2024-05-15,448.81
CUST10383,2023-08-23,618.47
CUST10041,2024-12-04,907.91
CUST10176,2024-02-25,1513.39
CUST10087,2023-12-11,789.71
CUST10483,2023-11-16,3879.19
CUST10805,2024-09-19,2211.27
CUST10194,2025-07-14,363.99
CUST10549,2023-08-22,301.35
CUST10299,2024-08-24,1507.67
CUST10036,2023-12-21,966.17
CUST10258,2022-11-13,78.0
CUST10676,2024-05-14,1937.43
CUST10476,2024-11-14,391.7
CUST10021,2023-02-20,1208.1
CUST10610,2025-01-07,865.86
CUST10963,2024-11-27,1080.38
CUST10233,2023-09-12,561.14
CUST10896,2023-09-24,734.13
CUST10784,2022-07-31,747.54
CUST10171,2021-05-15,2735.34
CUST10945,2025-04-09,1184.38
CUST10524,2023-03-29,330.48
CUST10142,2024-01-07,1179.42
CUST10423,2022-12-27,2352.36
CUST10948,2025-01-09,575.3
CUST10352,2023-08-21,737.8
CUST10586,2024-12-13,230.05
CUST10190,2023-03-07,596.68
CUST10796,2025-02-11,896.36
CUST10807,2025-04-17,570.62
CUST10642,2024-02-22,95.74
CUST10498,2025-03-28,892.45
CUST10459,2024-10-07,1674.76
CUST10338,2024-03-17,2105.61
CUST10634,2023-12-03,510.95
CUST10086,2023-01-26,2160.5
CUST10779,2024-05-27,696.12
CUST10970,2022-10-28,134.45
CUST10110,2024-10-19,175.6
CUST10612,2022-08-11,2592.98
CUST10788,2025-06-01,902.93
CUST10589,2025-06-02,296.6
CUST10628,2023-04-18,54.13
CUST10392,2024-01-11,513.93
CUST10053,2024-07-04,580.53
CUST10358,2024-08-12,1997.9
CUST10096,2022-08-01,1435.42
CUST10882,2024-05-01,428.05
CUST10221,2025-04-08,446.35
CUST10999,2025-06-22,508.96
CUST10461,2024-03-10,3424.17
CUST10853,2024-04-05,1419.54
CUST10733,2023-07-25,200.04
CUST10430,2025-06-15,970.36
CUST10442,2023-12-20,698.29
CUST10675,2024-03-13,606.56
CUST10193,2025-02-07,468.61
CUST10700,2024-04-01,180.8
CUST10061,2023-12-16,941.86
CUST10869,2024-03-21,1652.71
CUST10597,2023-07-13,410.12
CUST10404,2023-06-30,264.6
CUST10147,2023-11-06,1555.06
CUST10236,2023-03-03,929.28
CUST10365,2024-03-20,324.23
CUST10860,2025-07-05,224.16
CUST10669,2024-08-04,1266.16
CUST10058,2024-02-13,299.14
CUST10758,2024-03-09,1158.58
CUST10373,2023-03-31,297.55
CUST10337,2023-04-28,270.67
CUST10886,2023-10-25,935.71
CUST10313,2024-03-03,1505.55
CUST10218,2024-04-29,257.64
CUST10950,2025-01-19,317.69
CUST10033,2025-06-18,1584.87
CUST10345,2024-05-11,332.88
CUST10448,2024-07-19,1329.98
CUST10196,2025-07-23,1761.3
CUST10305,2024-04-28,380.93
CUST10880,2022-01-12,1688.98
CUST10866,2022-02-03,1056.31
CUST10007,2022-02-27,538.17
CUST10495,2021-07-07,1967.03
CUST10055,2023-02-16,1562.04
CUST10438,2025-05-06,1132.28
CUST10056,2024-03-28,996.3
CUST10378,2023-07-25,725.04
CUST10877,2024-10-15,1179.04
CUST10575,2022-08-25,1528.82
CUST10872,2022-11-18,1476.31
CUST10952,2024-04-10,878.89
CUST10289,2023-03-27,283.81
CUST10432,2023-06-11,1918.16
CUST10289,2023-12-05,2216.69
CUST10906,2024-11-18,1182.62
CUST10444,2025-06-28,600.56
CUST10539,2024-07-13,961.58
CUST10701,2025-03-15,695.6
CUST10282,2024-01-28,626.22
CUST10046,2024-02-02,3087.69
CUST10398,2023-06-29,425.25
CUST10640,2024-06-20,476.24
CUST10215,2025-05-01,1115.96
CUST10642,2023-01-23,733.41
CUST10037,2023-07-03,585.28
CUST10747,2025-03-10,1327.94
CUST10212,2021-08-20,1187.29
CUST10857,2025-04-08,208.24
CUST10108,2024-07-04,918.21
CUST10101,2023-12-02,566.51
CUST10745,2025-05-29,676.78
CUST10037,2021-11-17,1550.72
CUST10860,2024-10-28,852.86
CUST10321,2023-01-17,1197.49
CUST10766,2022-11-15,534.5
CUST10223,2025-06-25,768.17
CUST10318,2021-12-03,306.39
CUST10746,2024-05-26,434.22
CUST10417,2025-02-14,846.41
CUST10577,2023-01-15,1361.77
CUST10485,2024-09-17,732.92
CUST10062,2024-07-23,1102.37
CUST10965,2024-10-08,583.93
CUST10684,2024-12-09,264.44
CUST10794,2024-11-10,411.42
CUST10974,2023-04-28,1584.83
CUST10347,2023-05-31,1609.75
CUST10670,2025-01-07,1703.99
CUST10117,2024-08-25,715.88
CUST10071,2024-04-16,736.38
CUST10814,2022-10-13,2196.12
CUST10629,2023-11-23,239.69
CUST10602,2023-08-12,537.71
CUST10782,2024-03-29,2033.18
CUST10007,2025-03-19,297.23
CUST10812,2024-06-12,870.97
CUST10976,2024-07-25,1034.77
CUST10898,2024-10-24,491.33
CUST10708,2024-05-13,1045.88
CUST10376,2024-06-14,214.11
CUST10571,2021-03-03,658.87
CUST10360,2023-12-15,346.77
CUST10697,2022-08-08,1720.95
CUST10777,2025-03-06,490.78
CUST10866,2021-01-05,363.64
CUST10039,2024-03-24,388.37
CUST10128,2024-06-16,1908.89
CUST10442,2024-07-26,155.04
CUST10181,2023-10-05,1563.84
CUST10747,2024-05-13,1752.73
CUST10114,2024-06-23,520.55
CUST10280,2023-09-19,2323.3
CUST10792,2023-05-11,120.49
CUST10978,2024-06-15,365.24
CUST10720,2024-07-18,1560.07
CUST10420,2021-11-02,385.13
CUST10156,2023-05-05,1314.13
CUST10000,2024-03-05,1251.68
CUST10201,2024-11-18,253.9
CUST10576,2024-07-11,1247.97
CUST10920,2024-05-01,699.72
CUST10429,2024-05-29,1413.62
CUST10436,2024-09-13,2750.37
CUST10313,2024-07-16,1773.47
CUST10776,2022-11-18,1083.11
CUST10862,2023-09-03,1797.87
CUST10336,2024-05-05,324.22
CUST10446,2023-11-25,872.22
CUST10160,2022-08-11,601.3
CUST10791,2022-09-09,91.16
CUST10553,2023-07-17,1689.59
CUST10708,2024-04-22,238.14
CUST10268,2023-08-07,2953.26
CUST10716,2025-07-12,468.17
CUST10636,2023-03-10,435.56
CUST10127,2023-12-05,1719.03
CUST10145,2024-07-12,1678.65
CUST10048,2025-01-20,836.35
CUST10045,2023-12-09,856.48
CUST10456,2025-03-20,187.31
CUST10065,2025-01-27,649.5
CUST10712,2024-06-13,224.84
CUST10529,2025-05-25,286.75
CUST10847,2024-01-22,540.99
CUST10573,2022-10-22,604.34
CUST10871,2024-03-08,448.44
CUST10891,2025-02-13,140.51
CUST10267,2022-11-08,39.78
CUST10296,2024-11-13,822.54
CUST10635,2023-03-23,391.17
CUST10709,2024-12-05,593.42
CUST10570,2025-01-04,868.52
CUST10183,2024-08-29,1707.1
CUST10488,2024-04-20,547.76
CUST10247,2023-02-02,1233.87
CUST10930,2023-08-16,861.79
CUST10174,2025-07-29,346.63
CUST10000,2022-10-01,194.1
CUST10720,2025-04-08,267.58
CUST10315,2024-11-27,842.94
CUST10552,2024-08-11,1557.26
CUST10263,2022-03-13,803.95
CUST10113,2024-02-14,347.38
CUST10061,2024-07-15,590.8
CUST10583,2023-06-07,599.57
CUST10747,2024-03-07,1548.95
CUST10184,2024-06-03,1488.87
CUST10540,2025-07-16,235.85
CUST10021,2023-12-11,639.19
CUST10365,2024-06-08,479.15
CUST10812,2024-12-17,930.47
CUST10671,2024-02-11,473.02
CUST10550,2023-03-16,729.77
CUST10064,2024-03-30,72.15
CUST10614,2025-07-06,924.98
CUST10639,2023-02-14,634.45
CUST10600,2024-03-29,2179.37
CUST10606,2024-09-07,743.93
CUST10635,2025-05-15,844.04
CUST10006,2022-10-22,108.18
CUST10857,2024-08-05,748.51
CUST10366,2024-03-13,659.42
CUST10533,2024-07-16,536.95
CUST10151,2022-10-20,1847.77
CUST10523,2023-04-19,1691.53
CUST10027,2024-07-01,228.21
CUST10528,2024-09-13,1775.67
CUST10888,2025-01-27,1008.42
CUST10161,2022-11-30,1561.35
CUST10436,2022-08-27,1600.96
CUST10389,2023-11-09,500.37
CUST10791,2025-07-15,867.21
CUST10478,2022-01-04,818.27
CUST10009,2023-05-31,900.25
CUST10910,2023-07-12,652.17
CUST10420,2022-05-29,2107.95
CUST10517,2024-09-05,1253.23
CUST10081,2023-11-14,922.75
CUST10093,2023-11-15,663.07
CUST10011,2023-05-20,673.24
CUST10189,2022-01-05,466.11
CUST10842,2024-06-15,2846.1
CUST10823,2024-04-27,979.9
CUST10837,2024-09-20,151.76
CUST10335,2022-03-05,550.22
CUST10527,2025-02-10,998.66
CUST10394,2024-10-07,482.47
CUST10300,2024-05-07,289.44
CUST10901,2023-08-04,387.21
CUST10168,2023-05-30,638.4
CUST10728,2024-05-08,1357.73
CUST10253,2021-02-07,1606.39
CUST10001,2024-01-11,733.49
CUST10462,2024-11-16,1624.19
CUST10014,2025-06-28,1320.92
CUST10648,2024-03-28,300.68
CUST10864,2024-04-12,541.45
CUST10839,2024-12-16,1223.65
CUST10197,2024-03-17,528.65
CUST10788,2024-12-25,1865.59
CUST10231,2025-06-26,748.97
CUST10515,2022-09-16,336.28
CUST10698,2023-08-13,437.26
CUST10156,2023-05-23,371.77
CUST10607,2024-09-05,2121.32
CUST10892,2024-11-23,1184.14
CUST10039,2025-06-02,714.37
CUST10086,2025-07-10,252.78
CUST10614,2025-03-15,2182.94
CUST10293,2024-03-23,276.3
CUST10213,2025-03-19,413.69
CUST10065,2024-01-08,768.73
CUST10312,2025-01-21,890.02
CUST10102,2024-07-29,694.04
CUST10846,2025-03-04,149.52
CUST10325,2025-07-24,1307.21
CUST10500,2023-02-28,435.37
CUST10999,2022-09-17,913.62
CUST10064,2023-08-01,677.27
CUST10034,2021-04-09,650.84
CUST10621,2025-04-08,1250.47
CUST10904,2022-05-28,355.22
CUST10014,2024-04-25,3283.6
CUST10570,2023-03-14,1177.37
CUST10807,2023-10-20,660.0
CUST10443,2025-04-04,543.95
CUST10865,2024-08-02,329.34
CUST10010,2023-11-05,2402.28
CUST10181,2021-12-09,3128.16
CUST10656,2023-04-20,820.77
CUST10157,2021-10-26,1089.88
CUST10556,2024-03-21,122.81
CUST10560,2025-07-05,2402.3
CUST10890,2024-01-29,1615.66
CUST10919,2025-05-05,981.69
CUST10125,2022-07-07,1284.6
CUST10926,2025-02-13,283.48
CUST10291,2023-01-05,1700.26
CUST10387,2025-01-25,756.74
CUST10147,2024-08-25,715.89
CUST10172,2025-03-15,528.54
CUST10312,2025-03-18,804.64
CUST10745,2024-09-14,241.62
CUST10409,2023-03-09,1078.32
CUST10161,2023-10-14,1317.53
CUST10134,2024-10-22,1075.38
CUST10292,2023-12-28,273.24
CUST10330,2021-11-14,526.02
CUST10539,2022-09-29,459.29
CUST10699,2025-07-09,1727.7
CUST10793,2024-09-10,761.44
CUST10402,2020-12-21,338.84
CUST10768,2024-11-12,620.49
CUST10634,2024-01-23,292.74
CUST10638,2022-06-30,386.26
CUST10495,2025-06-21,1014.63
CUST10281,2024-12-10,1369.57
CUST10540,2022-03-21,1096.97
CUST10290,2023-11-18,467.98
CUST10659,2024-12-18,257.51
CUST10890,2023-10-02,1941.23
CUST10475,2025-01-22,283.38
CUST10768,2024-12-28,484.65
CUST10793,2023-03-11,532.37
CUST10316,2025-05-14,268.46
CUST10021,2022-01-02,1622.09
CUST10004,2023-12-01,629.87
CUST10829,2024-08-15,1028.7
CUST10807,2023-11-06,218.31
CUST10361,2024-07-30,664.23
CUST10278,2023-07-12,1763.43
CUST10854,2023-09-11,524.59
CUST10809,2025-05-07,1326.97
CUST10161,2023-12-05,134.64
CUST10409,2024-02-21,1109.41
CUST10416,2024-11-07,610.95
CUST10417,2025-02-25,562.37
CUST10486,2025-01-31,1668.52
CUST10496,2024-08-22,820.75
CUST10526,2023-09-07,100.31
CUST10051,2025-04-14,333.3
CUST10549,2024-09-01,622.96
CUST10806,2025-05-22,1255.99
CUST10252,2023-08-17,623.91
CUST10245,2024-01-21,713.62
CUST10448,2025-02-27,231.26
CUST10242,2024-02-08,1100.51
CUST10061,2024-07-31,271.26
CUST10997,2024-06-19,1225.06
CUST10124,2022-01-11,1502.17
CUST10478,2025-04-13,760.81
CUST10599,2024-01-06,1345.79
CUST10838,2025-05-11,2321.94
CUST10427,2022-04-22,832.58
CUST10444,2021-07-05,592.13
CUST10564,2025-06-19,1075.45
CUST10663,2025-03-13,1169.19
CUST10672,2025-04-06,268.81
CUST10367,2021-12-29,1159.87
CUST10274,2024-01-16,945.91
CUST10684,2024-03-16,415.3
CUST10056,2023-05-18,314.59
CUST10928,2024-10-15,1190.5
CUST10361,2023-03-27,1296.86
CUST10549,2023-07-08,2212.49
CUST10438,2025-04-14,620.69
CUST10341,2024-07-23,1829.33
CUST10388,2024-05-08,568.84
CUST10657,2024-09-23,3515.27
CUST10796,2023-01-06,1095.62
CUST10406,2023-07-16,379.16
CUST10012,2023-02-13,254.67
CUST10589,2025-07-17,361.41
CUST10508,2023-06-25,1139.79
CUST10049,2022-06-24,25.12
CUST10141,2024-01-28,1552.77
CUST10657,2025-04-03,999.6
CUST10597,2023-04-28,400.75
CUST10349,2025-01-24,1024.27
CUST10851,2025-06-17,744.26
CUST10319,2025-02-28,1766.63
CUST10029,2024-08-03,1195.41
CUST10725,2022-03-17,1390.15
CUST10970,2023-11-02,910.76
CUST10400,2021-01-22,595.98
CUST10818,2023-10-08,382.52
CUST10875,2025-06-11,393.53
CUST10080,2024-04-11,2496.28
CUST10423,2022-07-27,69.68
CUST10668,2024-08-06,312.46
CUST10806,2024-08-21,1637.14
CUST10534,2023-04-21,442.2
CUST10943,2024-07-13,430.25
CUST10393,2022-10-09,63.31
CUST10681,2024-06-21,496.02
CUST10763,2023-03-04,1720.19
CUST10070,2024-11-21,551.48
CUST10747,2025-06-04,238.93
CUST10197,2024-03-15,2068.2
CUST10341,2024-01-20,291.77
CUST10077,2023-09-22,1753.31
CUST10083,2023-05-24,785.24
CUST10050,2024-04-17,918.63
CUST10564,2024-10-03,203.76
CUST10534,2024-10-23,927.65
CUST10734,2024-01-16,583.1
CUST10046,2025-06-09,819.34
CUST10765,2021-11-27,1528.14
CUST10301,2024-05-08,375.83
CUST10329,2024-04-04,2988.84
CUST10066,2024-02-13,1559.09
CUST10699,2024-01-24,842.65
CUST10885,2023-09-03,1728.22
CUST10963,2024-11-29,604.92
CUST10734,2025-01-19,351.8
CUST10271,2023-01-17,320.51
CUST10824,2023-03-31,968.27
CUST10994,2023-08-25,682.7
CUST10080,2025-02-18,344.71
CUST10123,2024-04-22,1116.82
CUST10655,2024-04-27,35.89
CUST10930,2023-03-26,1027.72
CUST10009,2023-12-15,884.18
CUST10191,2022-12-19,578.7
CUST10272,2024-07-01,676.09
CUST10561,2024-12-27,514.75
CUST10621,2023-05-27,2780.36
CUST10852,2022-02-19,1324.82
CUST10825,2022-08-31,1273.35
CUST10042,2021-08-19,992.89
CUST10533,2025-01-06,978.35
CUST10535,2025-04-08,380.46
CUST10060,2024-12-06,349.13
CUST10921,2024-05-24,786.18
CUST10575,2024-11-23,1270.21
CUST10341,2024-04-05,769.41
CUST10167,2024-11-25,506.57
CUST10577,2022-08-14,977.35
CUST10209,2024-05-30,1837.59
CUST10023,2023-01-18,2554.08
CUST10257,2022-03-18,295.65
CUST10609,2024-10-13,1227.36
CUST10417,2025-01-29,1708.39
CUST10425,2024-04-02,938.87
CUST10979,2024-04-27,1025.45
CUST10736,2024-07-02,553.14
CUST10415,2024-03-14,588.97
CUST10872,2025-04-16,512.99
CUST10426,2023-07-20,1202.58
CUST10213,2024-02-02,3256.57
CUST10625,2022-06-04,844.25
CUST10169,2023-10-11,256.3
CUST10807,2024-01-22,1502.25
CUST10508,2024-07-07,233.66
CUST10182,2022-05-03,501.0
CUST10089,2024-07-04,1358.5
CUST10201,2025-07-16,820.94
CUST10877,2025-07-04,1089.16
CUST10576,2025-05-20,56.79
CUST10230,2024-10-19,417.69
CUST10515,2021-09-16,959.42
CUST10018,2023-12-10,153.43
CUST10670,2022-03-23,602.81
CUST10572,2024-10-11,3113.02
CUST10891,2024-03-02,1350.44
CUST10215,2025-02-08,1442.08
CUST10233,2022-07-08,321.62
CUST10914,2025-07-01,512.84
CUST10869,2024-08-08,838.75
CUST10451,2025-05-19,777.39
CUST10983,2023-04-13,524.32
CUST10681,2024-02-21,931.36
CUST10598,2022-10-23,1594.34
CUST10527,2024-10-24,2295.59
CUST10795,2025-07-21,1632.18
CUST10160,2023-08-03,1568.39
CUST10945,2024-06-24,974.18
CUST10487,2024-10-06,170.24
CUST10238,2025-04-03,1733.19
CUST10573,2024-09-16,2984.5
CUST10512,2025-03-31,1043.19
CUST10469,2025-03-23,307.08
CUST10082,2025-02-27,310.54
CUST10762,2025-05-29,206.24
CUST10178,2025-06-11,1617.7
CUST10368,2022-11-30,1496.65
CUST10983,2022-06-21,705.62
CUST10343,2023-07-09,1065.03
CUST10472,2024-11-04,245.92
CUST10192,2024-01-21,998.01
CUST10074,2023-03-02,1379.79
CUST10593,2024-09-28,988.2
CUST10475,2024-12-21,1015.97
CUST10105,2020-12-26,1922.05
CUST10041,2024-04-29,499.49
CUST10688,2023-10-12,1247.84
CUST10924,2023-08-24,1679.49
CUST10608,2021-08-04,974.5
CUST10046,2024-12-03,427.49
CUST10795,2023-09-18,2204.63
CUST10586,2024-12-15,185.75
CUST10376,2024-04-30,760.65
CUST10119,2024-08-03,293.83
CUST10302,2023-06-05,2884.67
CUST10136,2025-02-28,483.42
CUST10338,2024-07-26,891.02
CUST10381,2025-06-23,140.83
CUST10252,2023-01-05,922.84
CUST10169,2023-02-19,550.51
CUST10801,2024-12-06,521.68
CUST10114,2025-04-16,1783.64
CUST10092,2024-05-17,2474.68
CUST10351,2025-01-08,1230.17
CUST10203,2024-12-29,1316.74
CUST10086,2025-05-12,679.53
CUST10689,2022-09-14,1103.08
CUST10157,2024-09-01,644.09
CUST10374,2024-11-24,730.17
CUST10172,2024-12-13,1081.59
CUST10842,2024-10-24,1656.62
CUST10902,2025-03-06,1847.85
CUST10666,2022-03-06,283.41
CUST10979,2024-05-23,317.5
CUST10118,2025-04-08,1641.39
CUST10246,2025-05-05,430.55
CUST10732,2024-05-05,461.41
CUST10481,2025-05-16,272.73
CUST10773,2024-02-23,1527.82
CUST10465,2025-04-11,75.48
CUST10852,2024-07-13,608.9
CUST10855,2025-05-16,1805.95
CUST10167,2024-03-15,1150.15
CUST10489,2024-11-14,1165.6
CUST10650,2023-04-25,1270.47
CUST10112,2024-10-29,1858.55
CUST10071,2023-04-29,1652.03
CUST10482,2024-03-04,766.09
CUST10107,2024-05-05,1773.88
CUST10536,2025-03-29,1305.15
CUST10675,2023-09-16,701.95
CUST10360,2023-09-26,597.58
CUST10690,2025-05-22,1490.99
CUST10425,2023-02-13,717.24
CUST10424,2025-05-15,3368.43
CUST10334,2024-03-14,1499.39
CUST10841,2025-04-03,1865.64
CUST10357,2025-02-06,1611.27
CUST10035,2023-10-11,1360.33
CUST10370,2024-12-13,945.42
CUST10520,2024-09-03,680.9
CUST10339,2023-08-08,980.14
CUST10457,2024-12-05,1197.67
CUST10035,2023-12-07,130.56
CUST10977,2025-04-06,894.9
CUST10160,2025-01-14,377.34
CUST10166,2024-04-13,442.12
CUST10137,2023-01-24,367.75
CUST10107,2025-01-01,920.23
CUST10167,2025-06-29,1219.34
CUST10309,2024-10-17,744.21
CUST10642,2022-03-14,954.32
CUST10700,2024-08-28,632.68
CUST10358,2024-12-05,642.12
CUST10966,2025-02-26,261.42
CUST10240,2025-01-21,904.82
CUST10680,2024-11-09,1302.12
CUST10648,2021-08-11,1250.53
CUST10899,2022-12-27,299.12
CUST10237,2025-01-12,867.74
CUST10989,2023-04-28,1057.72
CUST10616,2024-02-08,822.19
CUST10353,2023-11-08,2401.02
CUST10029,2024-06-09,211.9
CUST10597,2023-05-06,453.17
CUST10338,2024-12-16,789.86
CUST10960,2024-09-29,507.38
CUST10988,2024-08-10,314.65
CUST10861,2024-12-25,605.34
CUST10771,2023-06-02,441.35
CUST10854,2024-05-24,1442.75
CUST10593,2025-02-12,1038.29
CUST10156,2024-05-15,963.48
CUST10770,2024-10-31,186.49
CUST10073,2025-03-03,315.76
CUST10085,2024-07-05,987.08
CUST10376,2023-04-20,914.9
CUST10582,2023-06-27,1182.31
CUST10656,2022-06-07,1179.74
CUST10824,2023-07-15,569.99
CUST10543,2025-01-12,1103.86
CUST10357,2023-11-11,643.7
CUST10960,2023-01-08,259.04
CUST10485,2023-01-12,561.99
CUST10477,2023-09-12,1245.2
CUST10980,2023-07-15,286.98
CUST10809,2024-04-17,1091.41
CUST10359,2024-07-08,1554.73
CUST10797,2025-05-31,1435.24
CUST10654,2024-10-09,1737.39
CUST10090,2025-02-27,1055.49
CUST10817,2023-01-07,1186.56
CUST10467,2024-10-19,410.09
CUST10640,2024-12-31,1681.47
CUST10766,2023-04-29,721.43
CUST10429,2025-07-14,712.43
CUST10959,2021-05-24,689.86
CUST10062,2025-04-15,437.84
CUST10392,2023-10-06,1319.33
CUST10203,2023-12-05,149.4
CUST10765,2021-11-14,720.47
CUST10572,2025-02-01,1273.16
CUST10301,2023-06-16,2212.16
CUST10038,2023-11-29,502.62
CUST10334,2025-03-07,1616.27
CUST10227,2025-01-12,100.32
CUST10674,2025-05-13,1042.94
CUST10404,2025-07-12,660.55
CUST10747,2024-11-29,2607.36
CUST10879,2022-06-18,571.89
CUST10017,2025-05-09,438.08
CUST10874,2024-02-21,515.1
CUST10403,2022-11-15,2389.34
CUST10504,2023-09-26,793.8
CUST10446,2024-02-25,818.4
CUST10306,2025-06-01,731.52
CUST10454,2024-03-01,431.06
CUST10217,2022-01-02,2104.94
CUST10930,2022-04-27,261.99
CUST10643,2023-10-21,1420.54
CUST10392,2024-11-24,746.51
CUST10981,2025-05-30,1814.01
CUST10584,2025-02-09,172.01
CUST10274,2024-10-31,685.71
CUST10091,2021-11-20,670.7
CUST10151,2024-05-04,804.68
CUST10831,2023-07-20,1103.73
CUST10006,2022-03-21,795.44
CUST10248,2022-10-18,1048.39
CUST10876,2025-01-07,3714.45
CUST10987,2022-11-09,2911.47
CUST10499,2025-06-21,1921.15
CUST10320,2022-12-06,217.77
CUST10323,2024-05-23,205.75
CUST10085,2023-06-28,770.37
CUST10313,2025-06-13,271.69
CUST10987,2022-07-03,2435.22
CUST10941,2024-01-28,2178.09
CUST10976,2025-04-12,798.23
CUST10679,2023-11-27,783.03
CUST10147,2024-10-15,384.89
CUST10915,2025-07-16,158.96
CUST10176,2023-02-09,625.12
CUST10001,2024-06-18,1178.89
CUST10525,2020-12-31,1375.38
CUST10207,2021-12-03,865.63
CUST10519,2024-01-02,757.83
CUST10752,2024-10-27,1157.57
CUST10523,2023-12-12,1166.8
CUST10061,2025-07-20,851.39
CUST10272,2021-12-17,908.84
CUST10830,2025-01-16,938.63
CUST10482,2025-05-19,812.03
CUST10097,2020-12-26,940.18
CUST10267,2024-01-06,697.1
CUST10340,2022-05-18,575.11
CUST10305,2024-03-18,737.77
CUST10285,2024-06-12,3406.21
CUST10371,2025-05-14,712.67
CUST10653,2024-11-20,874.65
CUST10787,2023-07-12,551.74
CUST10233,2025-05-12,788.57
CUST10950,2025-01-26,2263.63
CUST10677,2025-02-14,956.6
CUST10558,2022-10-30,1139.05
CUST10804,2024-09-21,527.74
CUST10197,2024-06-23,1544.3
CUST10631,2025-07-15,841.68
CUST10467,2024-09-01,1465.64
CUST10067,2022-01-15,1424.3
CUST10559,2024-02-26,1109.9
CUST10593,2024-12-09,4013.02
CUST10768,2024-12-07,694.44
CUST10710,2024-05-08,225.51
CUST10681,2022-08-01,1160.0
CUST10274,2024-02-08,392.64
CUST10386,2025-04-07,473.97
CUST10143,2024-12-12,780.06
CUST10563,2024-07-17,1101.93
CUST10146,2024-09-28,719.46
CUST10096,2023-08-09,409.97
CUST10344,2024-09-10,635.02
CUST10660,2025-01-19,1243.49
CUST10123,2025-06-24,967.34
CUST10304,2025-01-20,1399.76
CUST10148,2023-11-17,303.97
CUST10907,2024-05-25,1177.96
CUST10053,2023-09-15,1440.41
CUST10154,2021-06-01,655.19
CUST10664,2023-09-14,546.32
CUST10966,2024-05-20,826.25
CUST10893,2023-01-10,1634.3
CUST10576,2024-11-12,612.41
CUST10015,2024-11-11,75.02
CUST10731,2024-08-12,371.83
CUST10662,2024-11-07,1653.5
CUST10416,2023-04-30,246.93
CUST10732,2023-09-07,2636.39
CUST10706,2025-03-07,530.12
CUST10161,2023-01-07,535.32
CUST10240,2024-02-15,2677.42
CUST10095,2022-03-28,298.74
CUST10204,2023-01-31,975.88
CUST10272,2025-05-21,1646.21
CUST10467,2025-05-21,664.9
CUST10134,2023-12-22,1783.4
CUST10834,2023-01-03,295.49
CUST10484,2023-04-10,502.24
CUST10844,2024-09-18,1083.48
CUST10181,2023-12-22,1042.78
CUST10434,2022-01-22,1627.56
CUST10381,2023-07-21,1073.59
CUST10305,2024-12-01,718.36
CUST10023,2023-04-20,445.44
CUST10387,2025-07-01,1257.8
CUST10086,2022-10-30,979.09
CUST10279,2025-04-08,1010.5
CUST10822,2023-11-27,311.34
CUST10141,2025-02-10,2056.39
CUST10587,2022-04-26,1674.74
CUST10897,2022-07-30,1388.32
CUST10897,2022-09-12,1852.67
CUST10493,2023-03-05,1574.18
CUST10868,2024-04-28,560.9
CUST10007,2025-05-05,1283.58
CUST10308,2021-09-05,771.43
CUST10896,2023-03-28,2117.63
CUST10681,2022-03-17,691.06
CUST10822,2024-07-11,1313.02
CUST10828,2025-07-06,730.68
CUST10183,2025-03-02,147.99
CUST10375,2025-04-17,631.79
CUST10852,2022-02-14,615.48
CUST10165,2022-03-31,773.96
CUST10075,2024-02-04,355.66
CUST10273,2023-03-31,859.45
CUST10006,2022-07-18,2580.73
CUST10131,2023-10-24,1116.31
CUST10348,2024-09-16,1628.22
CUST10682,2024-11-26,933.69
CUST10791,2024-04-29,2055.46
CUST10849,2022-07-23,157.74
CUST10783,2024-09-24,883.96
CUST10369,2024-10-19,434.94
CUST10524,2023-08-29,49.46
CUST10554,2022-06-10,813.22
CUST10671,2023-02-18,236.61
CUST10681,2024-02-06,989.52
CUST10834,2022-02-10,848.74
CUST10157,2025-04-30,343.88
CUST10113,2025-04-21,1618.2
CUST10797,2025-05-17,828.9
CUST10776,2022-05-02,522.87
CUST10207,2022-09-25,1012.16
CUST10993,2024-04-21,1226.46
CUST10459,2024-11-02,1446.54
CUST10283,2025-01-01,1418.41
CUST10676,2023-09-15,705.83
CUST10642,2022-03-20,1122.6
CUST10211,2025-01-23,180.48
CUST10955,2023-10-28,2024.84
CUST10769,2023-11-08,1008.83
CUST10214,2024-09-27,2104.69
CUST10459,2023-09-23,193.89
CUST10832,2024-11-25,741.76
CUST10205,2023-08-03,624.1
CUST10528,2025-06-12,1502.88
CUST10076,2023-06-20,1624.2
CUST10093,2023-09-08,1645.33
CUST10416,2021-12-25,796.77
CUST10416,2022-03-15,2161.21
CUST10441,2021-06-01,404.52
CUST10626,2024-04-14,477.05
CUST10834,2024-02-21,1757.9
CUST10569,2024-09-03,353.43
CUST10951,2024-06-18,1062.91
CUST10683,2025-04-05,780.94
CUST10469,2025-04-07,1298.91
CUST10177,2025-07-27,1386.43
CUST10845,2021-10-30,1258.77
CUST10896,2024-10-28,1221.46
CUST10508,2023-12-08,150.66
CUST10585,2024-06-13,485.25
CUST10736,2021-03-08,459.57
CUST10266,2022-02-06,400.56
CUST10110,2025-07-26,495.11
CUST10965,2025-07-06,643.13
CUST10206,2024-11-06,335.77
CUST10309,2025-06-29,218.6
CUST10099,2023-04-17,738.46
CUST10643,2021-09-10,1256.01
CUST10382,2023-10-15,790.52
CUST10318,2021-09-09,1399.67
CUST10355,2021-12-06,652.17
CUST10093,2025-03-05,508.3
CUST10004,2024-07-29,1148.14
CUST10218,2024-01-06,1659.52
CUST10326,2025-03-31,1275.36
CUST10098,2025-02-22,1779.51
CUST10628,2022-12-31,1188.66
CUST10217,2024-08-02,543.03
CUST10461,2024-08-15,573.5
CUST10697,2021-01-21,4338.01
CUST10409,2022-12-27,1932.48
CUST10392,2023-10-05,464.53
CUST10791,2025-07-07,146.1
CUST10544,2024-06-04,470.36
CUST10204,2025-07-16,1119.87
CUST10254,2025-01-27,2490.4
CUST10446,2024-07-28,548.81
CUST10436,2024-12-31,118.36
CUST10830,2023-12-11,2841.03
CUST10131,2023-07-20,1195.48
CUST10361,2023-11-05,590.28
CUST10282,2024-01-30,483.97
CUST10641,2023-11-11,1862.43
CUST10368,2021-12-05,760.44
CUST10126,2023-01-19,168.88
CUST10944,2022-11-01,1995.04
CUST10046,2024-01-02,477.28
CUST10967,2023-08-02,981.92
CUST10704,2024-08-25,98.92
CUST10734,2024-11-26,1359.54
CUST10879,2021-04-29,2397.44
CUST10657,2024-07-22,293.61
CUST10389,2023-10-29,807.19
CUST10722,2025-01-02,2029.02
CUST10383,2024-05-13,250.05
CUST10503,2025-05-03,1340.63
CUST10586,2025-03-11,1476.98
CUST10794,2023-04-20,1925.18
CUST10188,2024-02-06,719.64
CUST10327,2024-10-09,941.27
CUST10083,2024-10-29,1253.25
CUST10618,2022-08-04,455.52
CUST10464,2025-01-14,1522.81
CUST10251,2024-02-24,1759.03
CUST10314,2025-06-06,540.55
CUST10884,2024-07-25,851.26
CUST10747,2023-11-16,1106.91
CUST10989,2022-05-01,428.96
CUST10544,2024-05-25,3037.02
CUST10426,2024-06-02,770.17
CUST10574,2022-10-21,741.02
CUST10592,2024-10-23,132.04
CUST10990,2023-08-27,1113.67
CUST10704,2024-05-22,462.99
CUST10871,2024-01-22,1965.64
CUST10985,2023-06-20,725.27
CUST10724,2022-09-03,1868.52
CUST10638,2023-04-09,1585.46
CUST10592,2024-10-20,665.82
CUST10548,2024-11-26,494.64
CUST10408,2024-01-29,523.93
CUST10408,2025-01-31,1566.91
CUST10853,2025-07-12,1609.79
CUST10133,2024-05-20,882.86
CUST10884,2023-07-15,195.89
CUST10222,2024-04-26,357.05
CUST10197,2023-08-06,97.59
CUST10016,2023-10-07,342.1
CUST10769,2023-12-03,1082.07
CUST10163,2023-08-17,866.15
CUST10354,2024-03-11,196.35
CUST10977,2023-11-04,377.06
CUST10136,2022-09-24,338.51
CUST10304,2025-07-27,563.58
CUST10328,2024-10-31,1236.47
CUST10901,2023-07-02,246.35
CUST10083,2024-06-15,1083.0
CUST10678,2025-06-05,815.88
CUST10025,2024-08-02,1228.32
CUST10050,2024-07-23,1119.32
CUST10063,2021-10-26,366.31
CUST10718,2025-06-28,303.88
CUST10265,2023-07-18,732.76
CUST10519,2024-02-14,3254.59
CUST10196,2024-09-08,389.98
CUST10192,2024-05-27,650.0
CUST10555,2022-04-15,1654.12
CUST10963,2024-05-23,492.87
CUST10240,2025-02-06,608.36
CUST10342,2021-06-26,1741.87
CUST10959,2025-03-03,389.74
CUST10527,2025-07-15,1031.03
CUST10780,2023-06-05,533.12
CUST10591,2024-11-06,592.59
CUST10384,2025-02-14,1778.83
CUST10222,2024-06-30,1178.75
CUST10816,2025-04-05,363.2
CUST10083,2025-05-14,2050.39
CUST10295,2024-08-11,962.51
CUST10124,2024-05-06,424.26
CUST10221,2022-12-16,736.3
CUST10111,2024-10-26,354.81
CUST10996,2023-08-27,976.33
CUST10887,2022-03-10,2431.25
CUST10973,2025-01-04,668.66
CUST10267,2024-03-16,646.19
CUST10738,2023-12-14,1726.91
CUST10383,2024-10-04,934.69
CUST10802,2024-03-12,1776.84
CUST10841,2025-01-07,662.01
CUST10577,2023-04-13,121.17
CUST10553,2022-08-17,256.48
CUST10554,2024-11-15,2029.11
CUST10130,2024-04-26,1600.91
CUST10273,2025-03-16,304.07
CUST10091,2023-04-20,1017.34
CUST10201,2024-10-09,191.0
CUST10676,2023-09-23,866.38
CUST10776,2023-01-21,481.32
CUST10709,2022-01-25,1162.14
CUST10926,2023-11-25,783.83
CUST10324,2021-10-23,564.87
CUST10780,2024-04-29,483.69
CUST10914,2023-11-02,189.84
CUST10016,2024-04-08,2696.66
CUST10359,2025-07-10,495.29
CUST10416,2022-12-28,746.43
CUST10975,2023-12-22,808.22
CUST10088,2022-09-08,1888.95
CUST10217,2022-12-31,1402.05
CUST10843,2022-10-01,923.3
CUST10896,2025-05-15,1290.41
CUST10895,2022-05-25,91.75
CUST10684,2024-06-29,134.8
CUST10594,2022-12-29,1031.01
CUST10040,2022-07-21,2092.09
CUST10019,2023-07-04,891.22
CUST10919,2025-06-26,938.48
CUST10458,2024-09-12,252.28
CUST10788,2024-03-18,416.72
CUST10312,2025-04-14,1293.25
CUST10942,2023-08-03,528.32
CUST10571,2021-06-22,176.89
CUST10243,2021-08-21,1353.91
CUST10826,2025-02-01,1729.11
CUST10514,2023-10-24,612.3
CUST10776,2023-08-10,2184.01
CUST10018,2023-09-03,326.12
CUST10397,2024-02-02,669.04
CUST10466,2025-05-24,1366.69
CUST10179,2023-08-04,344.84
CUST10801,2024-09-23,845.32
CUST10450,2023-05-07,892.76
CUST10822,2023-12-14,1222.55
CUST10744,2021-02-23,1350.48
CUST10988,2025-04-16,1585.86
CUST10551,2023-10-04,715.83
CUST10034,2021-10-12,1114.28
CUST10009,2024-04-09,393.2
CUST10133,2022-01-14,1175.23
CUST10311,2025-06-15,1876.55
CUST10488,2023-03-12,523.49
CUST10631,2025-03-13,273.54
CUST10495,2024-08-10,966.79
CUST10808,2023-05-14,396.12
CUST10646,2021-07-08,219.61
CUST10660,2021-09-17,216.33
CUST10660,2022-02-01,726.33
CUST10789,2024-02-07,1534.37
CUST10562,2024-12-27,642.42
CUST10726,2023-12-16,85.61
CUST10035,2022-12-26,326.1
CUST10765,2024-08-14,909.55
CUST10462,2023-11-18,55.36
CUST10252,2023-11-07,909.35
CUST10200,2021-12-17,919.89
CUST10073,2025-05-08,534.09
CUST10013,2024-04-30,523.25
CUST10440,2024-02-17,1092.65
CUST10812,2023-12-10,1261.72
CUST10849,2022-03-07,1296.3
CUST10147,2024-10-02,3528.53
CUST10004,2025-05-09,700.2
CUST10905,2025-02-10,188.65
CUST10058,2023-10-09,786.01
CUST10548,2022-08-25,545.13
CUST10276,2025-05-16,963.49
CUST10330,2024-06-14,762.89
CUST10068,2021-05-02,1714.42
CUST10226,2024-07-15,853.68
CUST10003,2023-12-16,244.33
CUST10555,2022-06-01,580.56
CUST10137,2023-04-18,3025.08
CUST10098,2024-02-02,72.37
CUST10832,2024-08-03,1331.99
CUST10935,2025-06-21,455.33
CUST10357,2022-08-05,320.75
CUST10960,2023-02-12,568.47
CUST10651,2023-12-14,567.3
CUST10204,2024-05-30,1393.77
CUST10284,2024-05-05,663.38
CUST10492,2024-12-10,81.39
CUST10178,2024-07-06,583.04
CUST10844,2024-05-23,1838.26
CUST10763,2023-06-08,1351.51
CUST10678,2024-09-24,8.71
CUST10473,2024-08-20,418.95
CUST10638,2023-11-14,473.22
CUST10147,2024-05-16,543.82
CUST10990,2023-05-16,1771.95
CUST10913,2024-08-02,2298.2
CUST10546,2023-12-03,1222.98
CUST10324,2023-11-27,246.94
CUST10165,2024-06-27,1166.38
CUST10994,2024-12-28,430.45
CUST10403,2024-03-05,792.69
CUST10960,2023-11-01,546.44
CUST10604,2023-11-14,725.65
CUST10213,2024-01-25,415.71
CUST10305,2024-01-28,1290.91
CUST10610,2025-06-21,437.67
CUST10691,2024-03-28,952.85
CUST10676,2024-05-02,274.92
CUST10832,2024-12-11,149.78
CUST10936,2025-07-11,1711.47
CUST10879,2025-05-14,1560.36
CUST10260,2023-10-15,1398.88
CUST10468,2024-10-08,661.98
CUST10448,2022-04-27,632.43
CUST10139,2024-12-30,372.2
CUST10188,2023-10-19,909.33
CUST10179,2022-12-24,1920.7
CUST10160,2022-11-27,179.44
CUST10510,2023-04-13,1657.18
CUST10416,2023-11-05,838.08
CUST10764,2025-02-25,434.31
CUST10332,2022-06-22,658.27
CUST10172,2024-03-07,592.85
CUST10632,2025-01-16,847.3
CUST10790,2024-12-09,1184.79
CUST10143,2021-07-07,1130.79
CUST10271,2023-12-22,336.04
CUST10860,2024-12-11,195.54
CUST10907,2024-02-04,1612.38
CUST10553,2024-06-17,491.58
CUST10664,2024-05-18,92.89
CUST10738,2023-11-17,1271.63
CUST10675,2023-01-24,774.22
CUST10662,2024-11-02,401.74
CUST10023,2023-07-22,511.08
CUST10945,2024-10-11,474.36
CUST10413,2024-06-10,576.12
CUST10817,2024-06-12,1688.11
CUST10547,2025-07-06,692.37
CUST10278,2024-04-06,955.84
CUST10669,2025-03-26,152.27
CUST10953,2024-11-20,1279.99
CUST10176,2023-05-30,2700.07
CUST10556,2022-01-19,818.14
CUST10361,2024-02-14,1683.68
CUST10749,2023-07-21,1033.39
CUST10766,2024-02-26,98.79
CUST10111,2024-05-18,922.07
CUST10547,2025-01-04,1285.83
CUST10256,2025-03-24,548.95
CUST10045,2024-03-13,963.93
CUST10179,2023-03-02,256.43
CUST10887,2023-06-03,647.66
CUST10648,2022-09-07,478.8
CUST10708,2024-03-11,1358.38
CUST10434,2021-12-07,1521.72
CUST10024,2023-02-12,809.62
CUST10928,2025-03-03,846.95
CUST10066,2024-07-09,567.44
CUST10660,2023-11-03,818.24
CUST10020,2025-06-01,84.24
CUST10590,2025-02-19,1207.32
CUST10554,2024-04-18,1037.88
CUST10008,2024-02-14,335.62
CUST10473,2023-04-24,1923.73
CUST10551,2023-10-14,568.07
CUST10851,2024-08-01,181.69
CUST10441,2023-03-02,181.93
CUST10374,2024-02-04,2400.98
CUST10617,2025-03-15,2615.4
CUST10788,2022-05-24,2007.51
CUST10148,2023-03-01,1886.98
CUST10921,2024-07-27,265.61
CUST10181,2025-05-07,743.36
CUST10056,2023-01-29,1025.72
CUST10009,2025-02-01,289.94
CUST10377,2022-12-04,1396.3
CUST10742,2024-11-24,1420.94
CUST10601,2024-05-09,2963.78
CUST10664,2024-04-08,438.97
CUST10830,2024-09-15,2023.27
CUST10723,2021-04-13,1287.56
CUST10084,2024-10-31,2487.47
CUST10973,2024-11-22,611.65
CUST10056,2024-02-10,1321.14
CUST10125,2023-10-13,901.26
CUST10149,2025-06-11,3331.15
CUST10158,2023-08-15,581.2
CUST10849,2021-12-10,441.36
CUST10960,2025-05-22,3719.42
CUST10959,2025-03-23,196.18
CUST10022,2024-08-14,3671.55
CUST10261,2025-01-28,1881.37
CUST10224,2021-07-16,532.73
CUST10585,2025-06-23,914.23
CUST10759,2025-06-29,220.82
CUST10579,2024-08-11,790.32
CUST10946,2024-08-07,1167.08
CUST10196,2024-01-02,1000.28
CUST10692,2025-01-01,1083.5
CUST10922,2025-05-13,129.49
CUST10072,2022-06-22,1116.99
CUST10352,2022-05-29,944.19
CUST10416,2025-07-22,698.62
CUST10352,2025-04-12,3077.83
CUST10752,2022-08-11,1384.54
CUST10505,2023-05-04,2475.41
CUST10393,2025-04-15,1499.96
CUST10520,2025-01-13,299.84
CUST10195,2024-12-14,778.09
CUST10275,2025-03-19,1141.19
CUST10736,2021-03-10,484.13
CUST10564,2023-09-03,517.47
CUST10194,2024-07-02,521.89
CUST10741,2022-06-13,824.88
CUST10421,2025-07-27,548.5
CUST10811,2022-04-15,964.08
CUST10244,2025-07-13,1929.38
CUST10389,2025-01-21,605.94
CUST10223,2023-05-03,706.55
CUST10102,2023-07-24,691.01
CUST10330,2024-11-12,669.52
CUST10172,2024-05-06,681.99
CUST10413,2022-08-24,293.46
CUST10693,2020-08-31,1118.33
CUST10244,2023-12-21,1780.91
CUST10324,2024-11-24,652.05
CUST10555,2025-03-05,1019.2
CUST10950,2022-12-15,1888.17
CUST10380,2024-02-29,858.63
CUST10825,2021-09-26,909.39
CUST10894,2024-01-20,424.26
CUST10829,2024-10-03,606.44
CUST10032,2022-10-18,2182.6
CUST10212,2025-04-22,804.11
CUST10166,2024-12-19,1257.38
CUST10328,2025-06-21,656.9
CUST10310,2023-11-13,2253.76
CUST10634,2024-12-12,520.77
CUST10466,2022-02-25,876.39
CUST10102,2022-11-12,1774.37
CUST10014,2025-03-18,986.95
CUST10191,2023-11-04,939.95
CUST10848,2024-11-19,157.02
CUST10774,2025-07-05,1578.05
CUST10731,2022-07-28,1902.07
CUST10998,2023-11-14,2196.55
CUST10559,2024-07-11,42.43
CUST10376,2023-10-20,1541.91
CUST10207,2024-10-27,2444.71
CUST10162,2025-06-18,431.74
CUST10284,2021-12-16,2257.32
CUST10795,2023-10-15,748.01
CUST10164,2024-09-08,450.68
CUST10113,2023-02-09,236.88
CUST10195,2024-02-02,166.47
CUST10385,2021-07-28,430.11
CUST10573,2023-11-10,476.14
CUST10442,2023-05-02,1383.05
CUST10316,2024-07-26,336.12
CUST10211,2025-05-16,472.7
CUST10067,2022-05-11,1630.06
CUST10289,2023-08-06,821.97
CUST10875,2024-08-19,1790.56
CUST10511,2025-06-06,823.74
CUST10514,2024-07-14,1688.35
CUST10473,2023-01-16,2102.71
CUST10232,2022-01-03,467.71
CUST10855,2025-06-10,923.86
CUST10633,2025-05-25,558.32
CUST10741,2024-03-14,133.35
CUST10050,2025-04-19,1176.24
CUST10891,2024-05-02,1001.45
CUST10265,2023-09-26,2229.73
CUST10332,2022-03-05,247.15
CUST10401,2023-08-15,883.75
CUST10588,2024-03-02,993.49
CUST10752,2021-03-30,1214.48
CUST10864,2023-08-13,1564.95
CUST10158,2024-11-27,693.63
CUST10945,2024-08-27,369.03
CUST10668,2022-11-15,750.46
CUST10345,2024-09-17,906.12
CUST10863,2023-11-13,2720.63
CUST10985,2024-04-29,1968.34
CUST10967,2024-08-22,428.2
CUST10337,2024-03-05,522.93
CUST10462,2024-05-22,1106.56
CUST10172,2024-04-22,408.67
CUST10534,2024-01-15,1774.34
CUST10101,2025-05-22,360.73
CUST10824,2022-04-09,1542.92
CUST10466,2023-07-18,770.68
CUST10129,2024-06-18,403.3
CUST10157,2022-12-20,707.24
CUST10961,2025-02-04,695.33
CUST10000,2023-04-15,764.08
CUST10392,2023-08-08,303.47
CUST10915,2024-01-03,1546.3
CUST10173,2023-09-03,810.58
CUST10134,2024-01-26,1054.04
CUST10111,2024-04-19,444.83
CUST10569,2024-04-19,1697.06
CUST10652,2023-11-05,771.83
CUST10211,2023-08-31,554.74
CUST10647,2021-11-15,1136.13
CUST10881,2024-09-29,690.27
CUST10112,2025-07-19,2379.25
CUST10926,2024-04-26,2229.99
CUST10056,2025-05-21,310.51
CUST10796,2024-01-29,337.36
CUST10590,2024-12-29,1121.74
CUST10777,2024-12-25,1370.0
CUST10502,2023-07-22,1966.92
CUST10228,2024-06-15,1176.85
CUST10553,2021-11-13,834.72
CUST10407,2023-07-07,3945.72
CUST10734,2023-11-27,111.73
CUST10356,2022-05-29,629.92
CUST10300,2024-04-23,446.52
CUST10092,2021-03-04,1345.12
CUST10876,2025-03-04,1739.73
CUST10229,2025-01-30,746.08
CUST10377,2024-01-19,973.09
CUST10763,2024-05-17,2366.17
CUST10024,2022-07-16,1674.0
CUST10097,2024-04-15,340.3
CUST10269,2024-04-24,953.0
CUST10285,2022-09-21,2226.92
CUST10296,2022-04-22,891.7
CUST10564,2024-04-29,445.73
CUST10317,2024-01-22,1722.35
CUST10186,2024-02-25,43.1
CUST10441,2023-05-29,1091.11
CUST10704,2024-02-24,312.72
CUST10501,2024-11-26,2804.57
CUST10329,2022-08-19,1418.02
CUST10882,2022-02-15,849.85
CUST10385,2022-03-01,858.91
CUST10287,2022-08-30,2211.61
CUST10561,2025-05-17,863.15
CUST10789,2024-01-09,29.15
CUST10412,2023-01-10,3067.06
CUST10927,2024-02-22,563.99
CUST10213,2025-07-01,2996.14
CUST10427,2023-08-31,44.41
CUST10358,2024-10-05,376.14
CUST10072,2023-01-22,1668.71
CUST10716,2025-01-22,1000.94
CUST10546,2024-08-10,1758.34
CUST10940,2022-06-02,363.45
CUST10456,2024-01-13,972.83
CUST10311,2025-01-15,1134.5
CUST10314,2024-09-07,3437.91
CUST10405,2025-03-23,818.47
CUST10359,2025-04-26,190.63
CUST10724,2022-05-27,1411.25
CUST10945,2023-05-24,128.96
CUST10678,2024-06-05,1443.86
CUST10029,2024-07-25,827.44
CUST10291,2023-03-01,928.07
CUST10132,2025-06-17,942.86
CUST10906,2024-10-19,901.41
CUST10115,2021-03-31,643.65
CUST10765,2025-05-01,736.32
CUST10330,2024-05-12,343.73
CUST10242,2022-07-23,1314.14
CUST10687,2024-05-15,2008.66
CUST10909,2024-04-23,246.4
CUST10249,2024-09-29,895.89
CUST10528,2023-12-10,151.32
CUST10606,2021-10-27,1644.88
CUST10703,2025-01-18,494.48
CUST10872,2024-01-09,2766.35
CUST10351,2024-12-15,598.61
CUST10143,2024-05-12,857.47
CUST10615,2023-07-31,961.39
CUST10998,2025-03-26,1114.9
CUST10892,2024-07-16,1383.26
CUST10047,2023-07-01,168.29
CUST10967,2024-02-18,238.46
CUST10357,2025-06-15,1036.11
CUST10171,2023-02-20,213.6
CUST10596,2024-07-27,1122.56
CUST10257,2024-10-10,817.85
CUST10833,2024-05-16,2120.66
CUST10956,2025-05-20,1219.17
CUST10542,2024-01-14,1044.94
CUST10951,2025-05-13,667.39
CUST10657,2023-06-22,320.78
CUST10879,2024-09-09,1117.39
CUST10987,2022-04-12,1262.14
CUST10950,2025-05-12,1873.42
CUST10409,2025-07-01,304.81
CUST10729,2025-03-06,142.21
CUST10960,2023-06-23,123.79
CUST10060,2021-11-04,978.89
CUST10742,2024-10-17,2497.55
CUST10635,2024-01-20,2222.69
CUST10231,2024-08-30,608.88
CUST10307,2022-02-11,1922.39
CUST10908,2024-12-10,1569.47
CUST10345,2025-02-10,715.69
CUST10995,2021-03-25,659.12
CUST10861,2023-10-21,243.13
CUST10941,2023-10-29,789.79
CUST10351,2024-12-30,106.53
CUST10526,2025-04-05,2240.73
CUST10763,2024-01-08,596.24
CUST10616,2021-10-12,987.89
CUST10757,2023-07-15,1713.4
CUST10868,2025-01-01,249.25
CUST10043,2023-12-04,710.02
CUST10002,2023-10-09,183.71
CUST10846,2025-06-01,1557.12
CUST10422,2024-10-14,626.08
CUST10951,2025-07-13,1537.22
CUST10290,2024-02-28,1381.65
CUST10837,2021-08-19,283.73
CUST10007,2023-07-11,1278.88
CUST10101,2021-08-30,973.09
CUST10140,2025-01-17,807.71
CUST10598,2022-02-14,1177.13
CUST10289,2025-06-02,198.43
CUST10111,2025-06-11,838.06
CUST10936,2024-05-18,928.42
CUST10043,2024-02-22,886.75
CUST10279,2025-05-21,133.3
CUST10053,2024-05-16,228.57
CUST10883,2024-06-05,1535.86
CUST10800,2024-12-16,302.28
CUST10622,2025-06-22,1190.66
CUST10488,2023-11-16,208.42
CUST10511,2025-06-06,482.43
CUST10053,2024-11-27,3947.45
CUST10925,2023-04-01,515.59
CUST10211,2023-02-20,865.28
CUST10877,2024-10-14,1462.35
CUST10197,2024-05-20,1615.97
CUST10755,2023-11-25,1195.5
CUST10048,2025-06-30,981.67
CUST10864,2022-05-10,958.18
CUST10357,2024-08-22,634.51
CUST10287,2023-08-06,601.6
CUST10975,2022-03-11,751.02
CUST10863,2025-04-07,471.39
CUST10381,2023-11-04,307.62
CUST10525,2021-06-04,1012.06
CUST10231,2025-02-05,90.55
CUST10328,2024-11-28,928.32
CUST10330,2021-11-22,1009.04
CUST10504,2022-10-19,781.66
CUST10950,2023-02-25,1223.46
CUST10950,2023-06-27,691.22
CUST10035,2021-08-30,1157.73
CUST10605,2021-11-15,789.31
CUST10644,2023-03-23,1815.92
CUST10819,2023-11-01,459.97
CUST10136,2022-12-16,1733.11
CUST10131,2024-04-24,401.2
CUST10582,2024-09-25,1195.92
CUST10193,2024-03-05,1053.86
CUST10670,2023-10-25,759.33
CUST10240,2025-02-23,2459.73
CUST10731,2023-07-09,328.62
CUST10055,2022-12-03,498.55
CUST10945,2025-06-15,2002.7
CUST10091,2024-08-14,514.91
CUST10035,2022-06-26,2157.3
CUST10052,2022-09-06,437.0
CUST10195,2025-02-08,1722.72
CUST10772,2023-07-19,2172.58
CUST10367,2023-11-19,2866.15
CUST10422,2025-07-21,673.56
CUST10802,2024-02-16,698.7
CUST10814,2023-10-14,427.33
CUST10806,2024-07-26,846.88
CUST10738,2024-01-18,975.9
CUST10161,2023-10-09,2181.13
CUST10962,2025-01-27,543.29
CUST10198,2024-11-14,469.43
CUST10830,2022-12-26,268.8
CUST10792,2024-11-25,276.43
CUST10213,2024-11-22,663.05
CUST10382,2024-12-15,258.53
CUST10675,2024-04-13,1304.23
CUST10248,2025-03-24,750.99
CUST10234,2023-06-11,302.9
CUST10026,2023-09-12,2913.84
CUST10431,2022-12-26,917.57
CUST10327,2024-06-24,798.18
CUST10886,2024-05-18,1462.03
CUST10907,2024-01-12,488.55
CUST10561,2024-12-23,1854.08
CUST10664,2025-02-12,827.7
CUST10395,2022-04-09,930.24
CUST10132,2024-11-13,345.97
CUST10350,2024-09-22,186.69
CUST10677,2024-05-18,395.98
CUST10666,2023-06-23,68.78
CUST10136,2021-05-31,808.26
CUST10843,2024-07-20,453.93
CUST10980,2024-09-10,671.14
CUST10096,2025-05-21,956.83
CUST10463,2024-10-05,597.08
CUST10773,2024-05-19,2604.89
CUST10294,2022-07-08,517.52
CUST10748,2024-08-10,376.26
CUST10411,2024-05-05,925.65
CUST10829,2022-12-16,509.2
CUST10411,2024-03-06,1158.96
CUST10824,2024-03-13,578.07
CUST10992,2022-01-21,342.46
CUST10610,2025-04-03,897.62
CUST10102,2022-06-14,1033.47
CUST10212,2023-05-25,855.73
CUST10833,2023-04-05,452.35
CUST10725,2023-08-30,594.45
CUST10651,2024-11-24,2435.83
CUST10327,2024-06-22,1365.87
CUST10996,2024-04-24,656.13
CUST10735,2024-07-16,674.45
CUST10603,2023-01-28,256.61
CUST10359,2024-11-03,965.56
CUST10704,2024-08-26,1671.03
CUST10402,2024-03-19,827.25
CUST10399,2024-05-29,778.78
CUST10895,2022-08-23,65.04
CUST10477,2023-06-01,919.19
CUST10312,2024-07-23,128.42
CUST10071,2025-03-31,611.33
CUST10492,2024-12-30,284.02
CUST10057,2022-03-22,869.8
CUST10497,2024-11-16,2107.99
CUST10738,2021-09-14,133.39
CUST10994,2025-01-09,687.18
CUST10995,2022-06-08,3944.43
CUST10117,2023-11-06,484.73
CUST10334,2023-12-01,1390.84
CUST10942,2023-01-04,646.34
CUST10186,2024-11-15,1615.92
CUST10806,2025-02-02,1173.55
CUST10177,2025-04-16,783.32
CUST10325,2024-03-07,180.46
CUST10419,2024-01-27,1651.35
CUST10887,2023-03-12,121.72
CUST10150,2025-04-28,1098.4
CUST10586,2023-11-11,774.8
CUST10945,2024-01-09,256.62
CUST10176,2024-08-20,804.27
CUST10708,2024-10-15,1006.09
CUST10187,2025-02-13,910.86
CUST10743,2022-10-14,682.08
CUST10831,2024-04-05,877.71
CUST10891,2023-09-13,847.15
CUST10858,2025-05-11,805.26
CUST10623,2023-08-02,1085.63
CUST10370,2024-10-25,880.75
CUST10413,2024-11-13,1239.63
CUST10089,2024-04-08,709.32
CUST10630,2025-07-16,186.12
CUST10969,2025-07-21,489.81
CUST10221,2023-12-07,867.47
CUST10907,2024-10-24,1587.19
CUST10618,2024-02-19,832.96
CUST10743,2024-03-20,724.47
CUST10618,2022-06-23,733.32
CUST10789,2024-08-02,778.17
CUST10759,2024-05-06,535.62
CUST10750,2024-04-29,681.97
CUST10634,2024-04-27,1897.77
CUST10159,2022-05-28,647.07
CUST10761,2022-08-21,863.64
CUST10907,2024-03-25,473.71
CUST10761,2024-09-08,451.26
CUST10893,2023-08-25,1771.71
CUST10499,2023-03-22,563.67
CUST10964,2024-11-12,451.49
CUST10383,2024-10-12,932.38
CUST10278,2025-06-09,441.46
CUST10734,2024-05-14,1311.89
CUST10179,2024-01-26,371.15
CUST10312,2025-02-11,316.49
CUST10495,2023-06-03,687.67
CUST10035,2021-07-15,1834.76
CUST10942,2024-08-10,529.93
CUST10393,2022-06-13,223.83
CUST10136,2022-09-21,684.89
CUST10632,2024-01-01,2417.82
CUST10829,2022-12-14,1580.83
CUST10469,2024-06-30,1670.15
CUST10313,2025-06-14,856.15
CUST10350,2024-11-28,501.92
CUST10624,2025-01-22,1589.34
CUST10583,2022-07-30,1163.14
CUST10124,2021-12-22,392.66
CUST10352,2022-07-07,957.25
CUST10795,2025-01-01,276.48
CUST10927,2023-08-18,2666.02
CUST10437,2022-10-14,1523.97
CUST10247,2025-07-15,1058.21
CUST10111,2024-06-06,1165.31
CUST10005,2024-06-03,953.52
CUST10473,2022-11-14,1222.36
CUST10123,2023-09-30,153.56
CUST10332,2024-01-28,1023.91
CUST10625,2023-06-17,706.46
CUST10941,2025-01-15,594.51
CUST10508,2022-09-11,621.34
CUST10617,2024-05-29,1401.21
CUST10965,2022-08-03,406.28
CUST10947,2024-01-08,508.83
CUST10215,2025-01-02,559.32
CUST10103,2023-12-07,63.02
CUST10515,2025-01-01,1290.45
CUST10023,2021-06-25,801.39
CUST10769,2024-07-23,463.81
CUST10793,2024-12-19,774.96
CUST10546,2023-07-26,1524.7
CUST10304,2025-02-11,319.35
CUST10423,2022-04-25,333.9
CUST10210,2024-11-02,1787.74
CUST10322,2023-03-22,325.1
CUST10435,2022-01-17,83.91
CUST10647,2023-10-20,424.2
CUST10608,2020-12-21,1220.96
CUST10199,2022-08-14,248.43
CUST10170,2024-06-11,258.23
CUST10757,2023-09-03,668.18
CUST10822,2023-07-21,2020.12
CUST10807,2023-12-16,555.18
CUST10178,2024-07-01,428.5
CUST10049,2024-09-09,593.97
CUST10505,2024-04-23,1878.2
CUST10444,2021-11-29,1262.02
CUST10117,2025-02-25,764.68
CUST10176,2024-07-28,928.99
CUST10011,2021-12-12,1055.23
CUST10672,2024-05-27,525.23
CUST10606,2023-10-28,234.97
CUST10041,2025-02-18,609.08
CUST10084,2024-11-18,1398.96
CUST10467,2024-07-19,502.64
CUST10582,2024-11-18,4033.14
CUST10440,2023-04-08,1197.97
CUST10356,2022-10-18,957.92
CUST10194,2025-06-08,1827.1
CUST10540,2024-10-14,653.54
CUST10851,2025-03-08,987.43
CUST10905,2025-01-17,903.17
CUST10056,2023-06-03,515.69
CUST10365,2024-10-19,1354.8
CUST10486,2025-05-31,705.99
CUST10830,2025-03-12,703.62
CUST10774,2023-12-21,2352.05
CUST10933,2024-07-12,1002.07
CUST10094,2025-05-19,685.96
CUST10375,2021-02-05,442.54
CUST10185,2024-06-25,1306.07
CUST10795,2023-01-13,1477.94
CUST10807,2024-02-01,1485.97
CUST10391,2024-11-10,646.74
CUST10867,2023-08-25,282.36
CUST10247,2024-11-08,1465.64
CUST10722,2024-03-16,631.7
CUST10082,2025-03-21,2143.77
CUST10533,2025-04-28,1604.38
CUST10264,2022-02-22,644.44
CUST10567,2025-04-29,1138.08
CUST10604,2024-04-17,1326.08
CUST10032,2023-09-19,751.55
CUST10576,2024-11-17,397.16
CUST10419,2023-04-20,199.16
CUST10148,2023-06-26,480.21
CUST10786,2024-04-25,659.24
CUST10524,2025-02-16,1170.51
CUST10273,2023-07-01,70.03
CUST10445,2025-07-29,2607.82
CUST10225,2024-05-19,2981.43
CUST10335,2022-02-19,401.46
CUST10442,2023-09-18,760.04
CUST10223,2023-12-31,1732.32
CUST10572,2025-06-07,1018.45
CUST10104,2025-04-20,496.91
CUST10221,2025-04-21,65.72
CUST10369,2023-09-29,1858.69
CUST10558,2022-07-18,1558.37
CUST10510,2024-05-24,2014.46
CUST10560,2024-12-18,621.32
CUST10164,2023-07-18,885.55
CUST10777,2023-05-01,1801.29
CUST10843,2021-08-09,291.38
CUST10320,2023-01-15,943.02
CUST10390,2024-05-28,406.48
CUST10852,2023-05-23,2624.18
CUST10114,2023-06-01,1697.2
CUST10237,2025-05-28,91.93
CUST10761,2022-12-29,580.57
CUST10409,2022-12-26,921.35
CUST10907,2024-08-22,790.78
CUST10941,2023-09-23,483.97
CUST10438,2025-01-17,403.42
CUST10848,2024-09-08,396.25
CUST10914,2025-07-15,1304.23
CUST10474,2024-10-25,1171.42
CUST10956,2024-09-09,561.91
CUST10404,2024-03-03,688.43
CUST10632,2024-05-04,2353.84
CUST10293,2024-06-01,881.48
CUST10713,2024-04-24,2767.7
CUST10128,2024-08-24,753.0
CUST10834,2022-06-07,749.58
CUST10216,2024-04-27,1790.13
CUST10859,2022-12-10,1018.44
CUST10333,2022-10-14,1670.45
CUST10024,2022-05-17,1227.02
CUST10555,2024-11-05,239.59
CUST10073,2025-07-23,493.37
CUST10990,2025-01-01,1591.52
CUST10922,2025-03-21,560.73
CUST10646,2021-05-13,423.01
CUST10081,2023-11-11,298.03
CUST10325,2023-12-24,297.46
CUST10908,2024-08-22,457.38
CUST10433,2024-09-16,534.98
CUST10929,2024-06-19,501.37
CUST10056,2025-02-09,626.76
CUST10496,2025-03-17,920.77
CUST10625,2025-02-15,613.56
CUST10721,2024-03-26,1136.82
CUST10534,2024-10-06,768.41
CUST10119,2022-12-05,1018.08
CUST10015,2022-10-04,840.57
CUST10661,2022-09-12,2402.06
CUST10886,2025-06-19,253.53
CUST10473,2022-09-09,505.92
CUST10688,2023-11-05,408.26
CUST10248,2024-12-23,257.23
CUST10480,2022-06-27,1179.31
CUST10687,2024-12-01,1368.6
CUST10636,2023-03-03,131.73
CUST10932,2025-06-04,850.81
CUST10912,2024-07-28,1137.13
CUST10296,2021-10-29,302.4
CUST10889,2023-11-21,1451.21
CUST10388,2025-07-08,1674.89
CUST10359,2025-05-14,419.31
CUST10265,2022-09-04,332.37
CUST10803,2023-09-03,1437.37
CUST10558,2025-06-02,1082.33
CUST10796,2025-05-09,213.48
CUST10790,2023-03-19,379.56
CUST10821,2022-06-29,138.28
CUST10856,2024-03-18,370.67
CUST10212,2023-12-19,492.67
CUST10724,2022-01-04,1351.75
CUST10710,2024-11-30,1233.69
CUST10704,2024-07-14,1374.7
CUST10546,2023-05-18,399.81
CUST10063,2025-04-18,18.01
CUST10716,2024-11-06,1167.73
CUST10988,2024-03-16,1572.62
CUST10943,2024-07-19,1682.11
CUST10544,2022-03-23,2479.72
CUST10661,2023-05-22,1320.7
CUST10126,2023-04-06,416.76
CUST10679,2025-06-17,960.91
CUST10105,2025-05-19,749.44
CUST10572,2024-09-03,330.51
CUST10949,2025-05-23,707.83
CUST10549,2024-11-25,898.7
CUST10787,2024-05-01,980.55
CUST10124,2022-01-01,1385.2
CUST10833,2024-03-17,494.55
CUST10047,2024-06-30,788.64
CUST10977,2024-11-04,1101.45
CUST10082,2024-08-24,3693.27
CUST10180,2024-05-10,518.58
CUST10756,2023-04-06,210.45
CUST10297,2022-07-04,2182.09
CUST10416,2022-07-19,817.48
CUST10839,2025-02-16,118.89
CUST10823,2024-09-23,568.13
CUST10927,2023-10-07,266.76
CUST10063,2021-10-02,848.9
CUST10085,2021-10-15,1860.35
CUST10117,2024-12-07,1233.81
CUST10898,2024-05-08,752.84
CUST10196,2025-02-11,1799.18
CUST10616,2023-12-20,170.86
CUST10149,2023-10-01,628.29
CUST10977,2024-12-29,2941.59
CUST10463,2025-03-17,1153.04
CUST10008,2023-12-08,1280.65
CUST10189,2020-08-29,715.95
CUST10200,2022-08-15,276.61
CUST10220,2022-11-24,2081.27
CUST10219,2025-03-25,996.81
CUST10985,2024-10-08,462.66
CUST10166,2023-09-19,1231.62
CUST10954,2024-11-09,527.66
CUST10747,2025-03-18,617.53
CUST10002,2024-05-17,71.65
CUST10371,2024-07-06,613.27
CUST10515,2023-04-19,1273.73
CUST10776,2024-08-09,952.23
CUST10657,2025-03-13,436.33
CUST10024,2023-05-02,487.14
CUST10238,2023-05-27,501.61
CUST10046,2025-07-19,1590.14
CUST10866,2025-02-18,1019.34
CUST10638,2023-03-29,1417.62
CUST10144,2025-07-22,1112.58
CUST10170,2024-04-26,2950.81
CUST10813,2024-07-19,453.56
CUST10941,2023-05-20,752.24
CUST10843,2020-12-19,1062.54
CUST10116,2024-06-05,303.15
CUST10243,2024-06-12,106.29
CUST10827,2022-10-03,428.26
CUST10883,2024-06-05,497.92
CUST10419,2024-04-30,531.06
CUST10148,2023-06-20,1300.43
CUST10213,2024-02-06,1706.76
CUST10664,2023-07-01,511.05
CUST10354,2025-05-02,273.37
CUST10052,2024-10-24,140.8
CUST10072,2023-05-02,417.22
CUST10693,2025-02-11,1621.03
CUST10383,2024-01-21,151.91
CUST10291,2025-01-24,721.57
CUST10312,2025-07-04,1494.62
CUST10049,2023-01-03,1145.56
CUST10220,2023-06-02,1553.77
CUST10823,2023-08-14,999.53
CUST10482,2024-07-31,427.69
CUST10029,2024-03-16,1683.83
CUST10083,2023-12-23,675.94
CUST10532,2021-09-12,376.7
CUST10047,2024-04-09,291.76
CUST10813,2023-07-03,963.67
CUST10089,2022-11-21,242.94
CUST10510,2023-07-09,2862.09
CUST10219,2024-06-17,218.4
CUST10117,2025-06-14,208.91
CUST10643,2023-05-19,1678.4
CUST10116,2024-05-19,3014.96
CUST10018,2023-02-28,1583.69
CUST10911,2023-10-07,550.66
CUST10032,2024-04-22,234.8
CUST10655,2025-04-28,1508.46
CUST10416,2021-08-07,1563.98
CUST10787,2025-07-17,1247.87
CUST10862,2025-04-16,734.66
CUST10788,2023-04-12,588.98
CUST10454,2023-11-16,858.54
CUST10117,2024-06-09,412.64
CUST10046,2024-07-09,294.62
CUST10016,2025-02-21,576.99
CUST10560,2025-06-15,1705.23
CUST10000,2024-02-25,225.7
CUST10611,2025-03-08,668.48
CUST10262,2024-03-20,627.81
CUST10103,2022-05-27,1474.06
CUST10691,2025-01-06,1203.23
CUST10257,2023-08-03,1130.93
CUST10312,2025-05-15,4153.96
CUST10165,2024-12-16,202.81
CUST10775,2024-08-23,161.19
CUST10380,2023-02-24,975.36
CUST10055,2021-09-14,1486.89
CUST10102,2023-09-20,581.27
CUST10550,2024-09-12,1413.79
CUST10348,2025-02-23,2677.35
CUST10344,2022-12-19,589.02
CUST10155,2025-05-10,643.95
CUST10520,2021-05-11,1006.63
CUST10566,2024-08-01,412.42
CUST10422,2023-07-14,114.43
CUST10093,2023-03-19,635.92
CUST10557,2025-01-10,690.82
CUST10285,2025-01-09,1125.35
CUST10549,2023-02-16,908.95
CUST10624,2024-12-28,476.76
CUST10089,2022-03-17,553.13
CUST10851,2025-05-22,392.52
CUST10448,2022-08-27,164.86
CUST10100,2023-06-06,126.52
CUST10120,2025-01-21,421.85
CUST10053,2024-01-03,823.81
CUST10709,2022-03-10,1094.27
CUST10051,2024-07-05,981.29
CUST10902,2024-06-21,1970.3
CUST10073,2025-07-02,1370.79
CUST10655,2025-03-27,535.26
CUST10039,2024-03-15,2128.88
CUST10144,2025-07-06,551.63
CUST10839,2025-03-03,920.24
CUST10205,2025-02-25,75.17
CUST10425,2023-08-27,1850.73
CUST10696,2023-03-10,441.06
CUST10311,2025-06-10,546.01
CUST10642,2025-02-02,986.93
CUST10544,2021-09-10,538.08
CUST10572,2025-07-03,1052.62
CUST10796,2023-06-16,122.11
CUST10764,2022-12-14,423.5
CUST10224,2021-02-25,1708.82
CUST10290,2024-11-13,271.96
CUST10660,2023-08-11,89.49
CUST10082,2024-09-27,615.26
CUST10538,2024-11-16,1722.68
CUST10072,2022-08-22,3164.15
CUST10632,2023-12-17,203.9
CUST10271,2024-08-30,1865.61
CUST10524,2025-06-01,1051.17
CUST10314,2025-05-19,459.34
CUST10793,2024-01-10,3245.87
CUST10461,2024-04-13,1510.45
CUST10786,2024-03-08,524.28
CUST10506,2021-07-22,779.95
CUST10628,2024-05-14,1288.79
CUST10278,2025-07-12,935.26
CUST10440,2025-05-15,314.52
CUST10966,2025-06-19,1046.12
CUST10433,2025-06-20,1657.74
CUST10253,2024-05-26,1163.85
CUST10862,2023-02-17,797.6
CUST10030,2024-04-09,822.4
CUST10375,2021-10-21,653.02
CUST10109,2024-01-26,1452.41
CUST10762,2024-06-11,1255.97
CUST10174,2024-12-29,1900.24
CUST10695,2021-09-05,808.45
CUST10685,2023-09-03,396.03
CUST10632,2025-04-15,1701.03
CUST10826,2025-03-06,1088.43
CUST10726,2023-07-09,242.82
CUST10155,2024-07-15,682.73
CUST10514,2025-02-08,734.6
CUST10710,2024-08-24,785.88
CUST10154,2023-07-31,663.92
CUST10464,2023-02-01,2025.39
CUST10170,2023-11-03,444.38
CUST10637,2024-06-05,790.59
CUST10007,2023-11-13,814.03
CUST10619,2024-06-27,369.37
CUST10012,2023-08-14,679.39
CUST10424,2023-12-09,2120.97
CUST10387,2025-04-12,152.58
CUST10334,2023-12-12,516.04
CUST10526,2023-09-05,1187.03
CUST10823,2023-04-16,1178.74
CUST10486,2024-08-08,553.73
CUST10986,2021-07-05,371.79
CUST10617,2024-11-12,329.77
CUST10591,2024-07-02,736.33
CUST10290,2024-12-06,473.75
CUST10017,2024-05-28,815.19
CUST10744,2021-04-28,437.4
CUST10013,2024-08-20,694.0
CUST10001,2024-02-17,452.22
CUST10086,2024-06-22,1148.27
CUST10747,2023-11-04,312.07
CUST10135,2024-01-29,1066.12
CUST10717,2024-09-15,1535.18
CUST10252,2024-10-27,319.29
CUST10716,2024-09-06,964.39
CUST10497,2024-09-26,1573.48
CUST10892,2024-01-23,266.36
CUST10204,2023-04-21,69.56
CUST10107,2025-06-21,613.16
CUST10086,2022-07-08,935.02
CUST10865,2024-05-30,1750.76
CUST10280,2024-06-14,2447.69
CUST10102,2025-01-08,3073.1
CUST10196,2025-03-28,1190.46
CUST10834,2022-01-13,900.38
CUST10759,2025-02-17,286.9
CUST10132,2024-06-27,400.62
CUST10901,2022-05-14,1586.78
CUST10308,2025-07-17,76.26
CUST10138,2023-06-19,1386.89
CUST10345,2025-07-21,820.16
CUST10148,2024-12-28,80.68
CUST10549,2023-01-28,1184.52
CUST10130,2025-05-22,239.87
CUST10940,2022-10-09,2728.09
CUST10955,2023-09-26,1854.04
CUST10759,2024-10-29,334.13
CUST10107,2025-04-24,1411.73
CUST10600,2020-12-28,548.1
CUST10730,2024-02-25,3131.16
CUST10405,2023-12-23,998.26
CUST10489,2025-05-12,1667.77
CUST10948,2024-08-11,1417.47
CUST10230,2025-01-13,540.92
CUST10053,2023-11-01,3286.11
CUST10819,2023-08-26,2209.24
CUST10967,2023-08-16,828.13
CUST10465,2025-05-02,663.72
CUST10224,2023-05-11,1546.47
CUST10562,2021-02-09,1517.8
CUST10563,2024-05-30,62.73
CUST10879,2025-01-14,848.56
CUST10795,2025-07-29,662.63
CUST10707,2024-01-07,2217.69
CUST10517,2024-09-29,1385.25
CUST10486,2025-02-07,929.08
CUST10855,2024-04-06,616.66
CUST10589,2024-09-03,590.41
CUST10223,2024-10-12,269.16
CUST10743,2021-03-27,1333.99
CUST10307,2024-10-30,962.07
CUST10213,2023-09-29,1343.09
CUST10801,2024-06-01,2143.61
CUST10376,2022-11-19,991.82
CUST10879,2025-04-06,2285.56
CUST10296,2021-04-02,788.26
CUST10741,2022-03-05,1455.48
CUST10028,2022-08-30,567.36
CUST10649,2024-06-29,609.56
CUST10634,2024-05-03,287.47
CUST10789,2023-05-07,972.85
CUST10987,2023-05-06,1082.33
CUST10494,2024-06-10,1153.76
CUST10966,2025-06-07,524.48
CUST10541,2023-12-12,900.84
CUST10761,2023-06-08,1239.34
CUST10175,2022-08-03,991.88
CUST10644,2025-05-23,404.56
CUST10782,2022-12-04,43.14
CUST10402,2024-10-25,1645.9
CUST10583,2023-04-08,1509.91
CUST10694,2022-08-04,1388.35
CUST10683,2024-08-02,2623.09
CUST10287,2023-08-05,595.03
CUST10710,2024-08-23,401.6
CUST10145,2024-11-18,836.64
CUST10973,2024-07-16,255.52
CUST10991,2024-06-09,573.35
CUST10694,2024-03-23,870.99
CUST10277,2024-07-02,1102.11
CUST10452,2022-03-26,1794.33
CUST10384,2023-11-18,2382.71
CUST10972,2025-02-16,467.73
CUST10174,2025-01-21,613.39
CUST10604,2024-09-29,1169.57
CUST10638,2022-11-03,250.0
CUST10029,2024-04-12,107.87
CUST10457,2024-10-16,1609.67
CUST10304,2024-10-26,1270.99
CUST10438,2024-12-30,359.09
CUST10416,2022-11-21,432.51
CUST10582,2025-05-13,87.87
CUST10428,2023-07-08,201.13
CUST10782,2025-06-14,108.07
CUST10440,2024-08-23,849.56
CUST10398,2024-06-07,1621.32
CUST10176,2025-04-23,704.63
CUST10753,2024-02-26,2452.05
CUST10549,2024-08-18,1581.3
CUST10626,2025-04-04,349.42
CUST10876,2024-12-27,619.82
CUST10387,2024-05-06,1324.15
CUST10196,2024-08-10,1070.9
CUST10195,2024-11-01,501.88
CUST10076,2024-06-05,1728.67
CUST10658,2022-08-23,318.16
CUST10476,2025-01-27,539.54
CUST10686,2022-10-14,238.31
CUST10695,2025-04-04,830.51
CUST10536,2025-02-17,375.35
CUST10586,2024-09-07,1606.94
CUST10330,2025-01-15,606.91
CUST10239,2024-10-29,71.39
CUST10750,2024-08-16,851.32
CUST10728,2025-07-11,1321.28
CUST10783,2022-11-02,2274.39
CUST10397,2024-06-12,462.74
CUST10775,2023-07-19,1512.39
CUST10078,2023-01-19,261.27
CUST10291,2023-07-09,757.41
CUST10105,2023-03-26,716.51
CUST10126,2023-04-05,668.02
CUST10397,2024-05-04,1193.72
CUST10022,2024-07-22,1484.52
CUST10943,2024-10-30,535.41
CUST10214,2025-06-14,1310.61
CUST10627,2024-01-02,710.61
CUST10415,2022-03-26,696.28
CUST10569,2025-01-11,2668.36
CUST10464,2024-01-15,95.18
CUST10402,2024-11-24,1896.51
CUST10257,2021-12-08,540.14
CUST10950,2023-01-21,2566.45
CUST10081,2023-06-15,138.98
CUST10946,2021-10-12,787.45
CUST10947,2022-11-09,223.33
CUST10243,2024-10-14,802.88
CUST10404,2025-02-10,1109.33
CUST10100,2024-05-15,829.03
CUST10523,2022-07-17,462.26
CUST10292,2024-10-12,1059.8
CUST10460,2024-09-19,803.22
CUST10675,2023-11-23,615.57
CUST10295,2025-06-20,1654.68
CUST10856,2024-07-12,773.71
CUST10259,2025-01-26,890.8
CUST10881,2023-06-26,321.26
CUST10447,2021-06-20,1283.87
CUST10543,2024-08-16,1212.67
CUST10473,2024-03-12,159.11
CUST10244,2023-05-24,712.66
CUST10355,2022-02-16,1626.8
CUST10331,2021-03-31,1711.09
CUST10239,2025-02-20,510.97
CUST10355,2023-12-20,594.47
CUST10829,2023-03-24,2145.8
CUST10881,2024-08-25,1271.36
CUST10678,2024-07-29,1946.78
CUST10020,2025-04-20,1083.49
CUST10257,2025-03-05,446.13
CUST10649,2023-11-12,915.38
CUST10517,2024-08-27,1352.97
CUST10958,2023-07-17,380.16
CUST10923,2024-10-23,549.4
CUST10985,2024-06-10,1505.14
CUST10122,2022-04-09,766.91
CUST10772,2025-02-24,905.84
CUST10493,2023-01-01,2327.57
CUST10778,2025-01-23,243.67
CUST10685,2023-07-23,1805.11
CUST10875,2023-09-16,1902.25
CUST10328,2025-05-04,737.6
CUST10931,2022-12-14,678.99
CUST10307,2024-10-26,1205.48
CUST10055,2022-05-13,98.92
CUST10039,2024-12-25,705.0
CUST10272,2023-05-05,1157.62
CUST10554,2022-10-11,54.13
CUST10401,2024-12-19,310.36
CUST10415,2025-07-05,1054.96
CUST10183,2021-07-14,1771.05
CUST10587,2022-12-18,2206.83
CUST10924,2025-02-13,1124.82
CUST10082,2025-02-20,868.6
CUST10342,2021-04-20,431.69
CUST10868,2024-07-20,228.02
CUST10270,2022-08-03,923.41
CUST10001,2024-04-29,1351.49
CUST10325,2023-09-21,595.78
CUST10870,2024-02-16,1809.95
CUST10305,2024-06-27,3736.42
CUST10770,2024-09-18,1562.51
CUST10893,2024-03-25,807.49
CUST10232,2022-02-07,1019.6
CUST10525,2025-01-19,841.29
CUST10111,2024-01-09,321.9
CUST10912,2025-04-12,747.12
CUST10393,2025-05-08,689.97
CUST10460,2024-07-24,1097.48
CUST10687,2023-12-02,539.77
CUST10514,2025-04-04,3371.92
CUST10376,2021-12-17,540.39
CUST10338,2024-06-16,2845.22
CUST10274,2023-07-30,783.48
CUST10491,2025-04-12,253.78
CUST10221,2025-04-02,1395.82
CUST10515,2024-10-27,616.66
CUST10658,2021-04-19,609.39
CUST10953,2024-08-13,1896.61
CUST10914,2025-04-19,894.73
CUST10361,2022-10-24,1729.5
CUST10844,2023-11-18,2245.85
CUST10052,2021-11-24,2437.73
CUST10951,2025-03-05,794.88
CUST10413,2023-02-02,591.81
CUST10418,2024-03-04,1192.61
CUST10553,2025-03-02,1819.58
CUST10984,2023-09-14,145.78
CUST10679,2023-11-25,545.26
CUST10327,2024-08-11,584.31
CUST10487,2024-09-02,309.3
CUST10028,2024-07-03,2195.86
CUST10122,2023-07-28,360.76
CUST10339,2023-01-17,750.04
CUST10618,2023-12-25,496.38
CUST10463,2023-12-18,635.03
CUST10471,2025-04-16,1786.01
CUST10722,2025-06-11,969.78
CUST10765,2022-05-22,2139.74
CUST10641,2024-01-25,402.61
CUST10829,2021-05-17,431.1
CUST10848,2025-01-28,1310.02
CUST10541,2024-11-06,197.74
CUST10108,2023-02-17,968.83
CUST10264,2023-12-02,605.38
CUST10141,2025-04-16,313.54
CUST10221,2021-12-31,3143.72
CUST10000,2021-06-29,942.91
CUST10698,2024-12-20,842.7
CUST10685,2025-01-11,735.99
CUST10696,2025-01-12,614.03
CUST10950,2024-08-09,1378.77
CUST10766,2025-07-02,615.53
CUST10454,2023-11-27,3218.59
CUST10554,2023-10-27,1511.38
CUST10004,2022-12-08,720.05
CUST10072,2023-03-24,1155.86
CUST10922,2024-08-01,949.38
CUST10129,2024-07-22,461.85
CUST10027,2023-11-25,854.82
CUST10741,2023-07-31,645.07
CUST10571,2024-12-12,3225.01
CUST10689,2024-01-03,1015.22
CUST10049,2022-04-16,2100.28
CUST10005,2025-05-08,1187.81
CUST10628,2025-02-28,348.15
CUST10070,2024-09-20,1151.6
CUST10649,2024-08-21,1107.22
CUST10469,2024-04-09,454.02
CUST10500,2023-12-09,344.8
CUST10924,2025-04-27,429.21
CUST10748,2023-07-24,1039.28
CUST10396,2025-02-09,147.02
CUST10362,2024-01-20,602.93
CUST10429,2023-11-10,469.82
CUST10017,2024-11-08,492.14
CUST10200,2025-03-31,539.9
CUST10975,2025-05-22,1862.0
CUST10171,2024-09-25,2796.23
CUST10031,2024-10-28,269.12
CUST10840,2024-07-14,543.63
CUST10782,2022-03-05,369.15
CUST10139,2023-07-01,3526.81
CUST10600,2024-11-06,1319.77
CUST10080,2024-07-06,672.49
CUST10210,2024-07-28,537.69
CUST10858,2024-04-05,1165.27
CUST10204,2022-09-03,3336.96
CUST10243,2022-02-07,991.77
CUST10008,2023-12-12,1095.57
CUST10486,2024-10-14,658.88
CUST10326,2022-05-03,2031.72
CUST10244,2023-12-21,989.2
CUST10928,2025-03-03,737.01
CUST10970,2024-11-01,1320.93
CUST10880,2023-12-21,1662.81
CUST10602,2023-02-11,412.84
CUST10130,2023-10-21,427.79
CUST10416,2021-04-18,1574.28
CUST10397,2025-05-03,1568.69
CUST10537,2024-03-13,477.76
CUST10683,2023-05-31,1505.48
CUST10508,2022-10-27,2162.26
CUST10202,2024-03-22,1068.92
CUST10933,2023-08-12,3871.32
CUST10410,2022-11-30,335.59
CUST10264,2022-06-07,760.37
CUST10846,2024-10-10,1512.01
CUST10870,2024-06-11,1144.5
CUST10530,2022-10-21,1472.9
CUST10665,2022-02-25,661.02
CUST10859,2024-10-22,1067.16
CUST10288,2024-12-06,1336.6
CUST10776,2024-08-26,783.03
CUST10226,2024-11-16,1101.46
CUST10945,2023-04-13,2011.96
CUST10169,2023-07-06,832.28
CUST10819,2024-05-10,4227.98
CUST10368,2023-04-30,199.0
CUST10028,2021-12-18,278.27
CUST10439,2024-12-18,345.1
CUST10278,2024-12-22,457.09
CUST10916,2021-08-09,441.88
CUST10373,2025-01-03,938.04
CUST10096,2022-07-23,2084.91
CUST10717,2025-06-21,508.99
CUST10354,2024-09-01,2083.14
CUST10354,2025-01-30,1232.91
CUST10903,2023-08-08,1752.29
CUST10180,2024-07-22,166.24
CUST10922,2025-06-01,762.3
CUST10757,2024-08-13,1308.68
CUST10419,2022-08-04,459.14
CUST10081,2024-05-11,313.33
CUST10940,2024-12-31,1472.33
CUST10074,2023-12-31,439.48
CUST10813,2022-11-16,2485.55
CUST10870,2025-05-09,322.83
CUST10231,2025-01-02,1070.12
CUST10239,2024-02-28,1983.62
CUST10989,2022-09-08,1302.43
CUST10668,2023-12-02,1048.23
CUST10821,2023-10-26,792.01
CUST10818,2021-07-05,2265.27
CUST10867,2021-11-06,1305.11
CUST10663,2023-08-12,404.98
CUST10767,2023-01-17,1609.81
CUST10038,2023-07-04,656.01
CUST10220,2023-09-25,836.57
CUST10280,2025-06-02,1269.24
CUST10143,2025-04-18,689.78
CUST10324,2023-09-16,349.37
CUST10933,2023-09-28,1174.59
CUST10768,2024-07-16,2448.05
CUST10896,2024-11-13,403.63
CUST10637,2024-08-18,1674.62
CUST10930,2025-07-05,863.8
CUST10192,2024-04-07,672.54
CUST10676,2024-08-06,1585.06
CUST10695,2024-11-11,1384.3
CUST10035,2023-12-14,657.54
CUST10491,2022-08-18,1069.55
CUST10198,2024-11-08,282.13
CUST10620,2025-07-09,819.46
CUST10733,2022-09-26,1154.27
CUST10108,2021-12-18,529.36
CUST10247,2022-06-20,721.0
CUST10789,2025-01-05,2257.21
CUST10020,2025-01-07,1029.76
CUST10526,2022-05-31,1781.86
CUST10545,2025-07-23,834.64
CUST10712,2025-06-11,244.82
CUST10276,2025-07-16,875.79
CUST10012,2024-10-14,1402.72
CUST10080,2025-01-17,610.4
CUST10904,2024-02-22,1468.12
CUST10489,2025-01-06,110.0
CUST10038,2025-06-21,413.87
CUST10524,2023-05-16,1300.04
CUST10408,2023-09-19,490.75
CUST10990,2024-05-02,889.46
CUST10113,2025-03-18,403.78
CUST10886,2025-01-02,600.33
CUST10924,2023-03-02,523.72
CUST10653,2023-04-08,1644.63
CUST10440,2025-07-24,679.94
CUST10415,2023-05-02,132.34
CUST10403,2022-07-02,1012.73
CUST10598,2022-04-09,790.91
CUST10358,2024-10-26,1401.65
CUST10863,2024-09-29,2324.92
CUST10495,2021-09-15,814.4
CUST10382,2024-08-05,1965.95
CUST10682,2024-06-26,1527.42
CUST10324,2021-09-10,1147.81
CUST10478,2021-06-25,741.09
CUST10782,2023-01-11,1391.45
CUST10743,2022-05-01,214.74
CUST10964,2022-04-04,1425.59
CUST10670,2021-08-23,852.63
CUST10263,2024-02-25,1353.52
CUST10524,2023-02-22,2966.67
CUST10150,2023-05-01,1569.05
CUST10804,2024-05-23,817.53
CUST10972,2024-08-23,638.69
CUST10814,2023-05-02,776.26
CUST10874,2023-09-25,320.12
CUST10773,2025-04-09,522.36
CUST10574,2023-06-21,1840.84
CUST10905,2025-06-30,1559.77
CUST10165,2022-04-04,847.98
CUST10994,2023-07-20,2853.24
CUST10891,2024-09-13,481.08
CUST10120,2024-07-22,1445.69
CUST10433,2025-05-14,693.08
CUST10139,2023-11-05,243.45
CUST10752,2022-12-22,2467.63
CUST10713,2022-07-02,263.32
CUST10071,2023-09-22,890.24
CUST10204,2025-03-06,1149.88
CUST10721,2024-06-07,518.51
CUST10406,2023-05-15,402.53
CUST10985,2025-02-09,449.3
CUST10780,2024-02-08,1458.48
CUST10427,2024-10-30,1094.14
CUST10711,2024-11-30,453.52
CUST10585,2024-05-09,997.39
CUST10290,2023-01-13,3338.63
CUST10516,2021-02-22,544.17
CUST10682,2024-04-27,1385.17
CUST10449,2025-05-07,500.97
CUST10051,2024-06-23,3037.45
CUST10329,2024-03-20,1210.7
CUST10184,2023-08-22,447.65
CUST10582,2025-06-17,679.5
CUST10203,2023-11-02,1147.21
CUST10602,2024-09-26,393.6
CUST10343,2024-02-22,1914.6
CUST10384,2024-09-23,519.08
CUST10279,2023-07-22,202.34
CUST10470,2024-10-10,1386.48
CUST10903,2022-01-17,1917.92
CUST10613,2024-12-11,251.27
CUST10809,2024-06-12,452.01
CUST10153,2023-10-17,1499.3
CUST10553,2024-03-03,782.87
CUST10406,2024-01-31,723.57
CUST10249,2024-09-21,1093.02
CUST10155,2024-05-23,1409.17
CUST10759,2024-07-16,266.25
CUST10723,2021-11-26,386.68
CUST10767,2025-05-14,672.16
CUST10865,2024-07-25,230.18
CUST10349,2024-05-22,2258.37
CUST10594,2025-05-24,201.15
CUST10731,2023-06-22,413.95
CUST10208,2024-10-25,1660.65
CUST10250,2024-09-24,2869.91
CUST10888,2025-03-02,718.95
CUST10859,2024-09-23,720.41
CUST10387,2024-02-03,1454.0
CUST10710,2024-07-14,409.97
CUST10003,2023-03-07,763.31
CUST10488,2024-02-01,326.23
CUST10962,2025-05-16,539.68
CUST10704,2025-07-18,809.54
CUST10854,2022-11-30,1286.72
CUST10682,2024-01-14,1598.32
CUST10295,2024-12-09,700.97
CUST10139,2025-05-10,638.41
CUST10754,2021-07-07,273.59
CUST10780,2025-06-21,357.6
CUST10699,2024-06-28,331.48
CUST10581,2025-04-27,595.38
CUST10220,2021-10-07,1353.91
CUST10348,2024-12-31,369.43
CUST10348,2024-10-23,2476.64
CUST10968,2025-03-17,466.34
CUST10264,2021-10-21,1368.76
CUST10958,2025-05-15,919.21
CUST10753,2024-11-26,646.58
CUST10989,2024-11-15,1981.35
CUST10049,2023-02-15,1225.36
CUST10026,2023-08-31,1848.7
CUST10513,2024-12-03,369.7
CUST10075,2024-02-20,3001.85
CUST10246,2025-07-01,275.96
CUST10415,2024-05-11,897.03
CUST10590,2025-01-13,199.77
CUST10959,2021-09-13,2140.27
CUST10737,2022-03-10,2951.68
CUST10189,2023-05-13,2302.81
CUST10528,2024-06-17,736.98
CUST10607,2024-12-28,414.89
CUST10575,2025-04-18,594.38
CUST10037,2022-06-16,1730.32
CUST10840,2023-11-08,3037.01
CUST10892,2025-04-07,1608.76
CUST10540,2024-02-21,771.4
CUST10203,2022-09-24,3668.41
CUST10664,2024-04-23,403.69
CUST10251,2024-05-03,717.08
CUST10245,2024-06-13,426.46
CUST10997,2024-07-19,2321.02
CUST10519,2024-12-07,814.75
CUST10351,2025-05-28,1064.48
CUST10444,2022-07-21,1016.26
CUST10871,2023-04-11,231.48
CUST10331,2022-02-28,450.66
CUST10055,2023-10-21,977.01
CUST10706,2025-01-08,290.68
CUST10658,2024-05-22,340.13
CUST10005,2022-08-08,1177.88
CUST10839,2024-03-10,713.84
CUST10574,2023-03-12,1269.48
CUST10656,2022-03-17,2387.02
CUST10624,2024-06-27,1420.23
CUST10449,2021-12-06,679.85
CUST10346,2021-11-28,703.43
CUST10952,2023-09-24,1318.38
CUST10741,2024-11-14,623.91
CUST10338,2025-01-04,1268.98
CUST10165,2023-07-30,193.17
CUST10757,2025-01-06,336.15
CUST10231,2025-06-27,533.38
CUST10832,2024-11-06,3087.45
CUST10510,2022-10-25,463.89
CUST10006,2025-04-09,1291.57
CUST10401,2021-10-22,1108.41
CUST10973,2025-03-31,1252.19
CUST10045,2025-07-19,518.96
CUST10290,2024-10-17,1245.84
CUST10565,2021-06-05,856.28
CUST10444,2021-11-27,963.53
CUST10014,2025-01-18,258.95
CUST10293,2025-05-23,535.46
CUST10148,2023-03-15,443.24
CUST10952,2024-07-13,1409.63
CUST10739,2025-05-14,1258.21
CUST10136,2022-08-07,891.85
CUST10641,2023-06-15,4302.37
CUST10412,2023-05-11,785.0
CUST10001,2024-12-17,1477.08
CUST10438,2025-03-06,360.44
CUST10496,2025-02-17,1711.82
CUST10637,2025-04-29,1154.09
CUST10996,2024-02-26,991.99
CUST10706,2023-09-10,1115.48
CUST10144,2024-11-17,988.56
CUST10206,2023-11-22,694.91
CUST10735,2023-12-14,1259.54
CUST10121,2024-11-18,1399.78
CUST10322,2024-12-26,1764.12
CUST10648,2025-05-11,2293.17
CUST10504,2023-10-07,1292.2
CUST10447,2021-08-01,1251.13
CUST10993,2022-01-15,640.15
CUST10777,2022-03-22,2088.73
CUST10071,2025-05-14,590.4
CUST10322,2025-06-22,278.07
CUST10362,2024-09-29,1346.05
CUST10213,2024-11-19,1115.09
CUST10856,2023-06-30,1838.61
CUST10079,2022-09-03,777.73
CUST10222,2024-08-04,909.44
CUST10639,2024-08-11,1412.03
CUST10428,2023-07-10,141.06
CUST10909,2025-04-29,1319.62
CUST10827,2022-11-26,1143.81
CUST10125,2022-11-13,941.72
CUST10827,2025-07-05,941.85
CUST10902,2023-09-27,1144.09
CUST10584,2022-07-14,490.8
CUST10873,2022-03-11,479.32
CUST10419,2024-09-07,22.6
CUST10565,2023-09-30,799.05
CUST10136,2022-10-01,1572.76
CUST10515,2023-03-03,244.91
CUST10394,2025-02-19,794.19
CUST10430,2025-04-21,777.0
CUST10441,2021-12-07,646.87
CUST10468,2023-08-29,825.31
CUST10491,2023-06-27,54.83
CUST10958,2025-07-22,540.88
CUST10639,2021-10-26,550.2
CUST10247,2023-08-26,1188.16
CUST10629,2025-03-14,845.7
CUST10910,2024-08-04,229.74
CUST10438,2024-12-03,503.12
CUST10584,2024-03-23,1044.34
CUST10253,2024-11-14,969.13
CUST10844,2024-05-15,870.32
CUST10881,2025-03-07,811.27
CUST10688,2022-10-15,714.98
CUST10067,2023-07-01,799.86
CUST10026,2023-04-23,452.53
CUST10328,2024-06-05,306.46
CUST10356,2022-05-17,341.7
CUST10232,2023-01-28,1774.05
CUST10279,2022-08-15,748.58
CUST10649,2023-08-09,424.69
CUST10426,2023-01-17,1119.1
CUST10855,2024-08-11,2413.07
CUST10321,2024-09-15,410.98
CUST10682,2023-06-30,66.65
CUST10171,2023-02-20,1146.57
CUST10352,2025-03-18,1920.26
CUST10240,2024-11-25,1321.29
CUST10197,2025-06-11,406.74
CUST10607,2025-06-16,359.43
CUST10715,2024-09-08,938.64
CUST10128,2022-12-02,2658.05
CUST10503,2025-04-09,16.69
CUST10160,2022-02-27,1358.48
CUST10174,2025-04-03,1169.02
CUST10145,2025-06-13,224.92
CUST10699,2023-12-21,1840.1
CUST10229,2023-08-07,1601.98
CUST10547,2024-12-11,653.36
CUST10882,2023-03-30,1174.66
CUST10871,2024-12-30,2027.61
CUST10986,2021-12-01,420.59
CUST10039,2025-03-05,1124.23
CUST10770,2025-05-24,645.47
CUST10390,2024-01-06,457.28
CUST10383,2025-03-16,1073.47
CUST10346,2022-10-21,588.87
CUST10491,2022-11-17,2120.98
CUST10808,2025-07-05,1518.1
CUST10567,2023-12-17,2593.96
CUST10379,2023-06-18,1635.62
CUST10366,2024-03-26,825.69
CUST10744,2021-03-25,137.5
CUST10819,2024-11-29,2135.89
CUST10974,2024-09-10,294.55
CUST10759,2024-07-23,582.32
CUST10232,2023-11-09,941.4
CUST10481,2025-03-28,428.37
CUST10421,2024-01-05,421.78
CUST10892,2025-01-25,140.68
CUST10474,2025-02-23,483.15
CUST10895,2022-05-22,413.15
CUST10243,2021-08-24,275.85
CUST10528,2021-08-13,1574.61
CUST10942,2022-02-03,357.17
CUST10103,2023-05-30,838.27
CUST10939,2024-10-10,2191.56
CUST10692,2023-08-31,1830.99
CUST10148,2024-07-24,700.73
CUST10203,2024-07-12,402.93
CUST10154,2024-02-07,177.06
CUST10619,2024-10-12,2346.75
CUST10595,2024-10-24,417.48
CUST10231,2024-12-25,540.59
CUST10129,2025-01-22,723.15
CUST10345,2024-06-28,2454.05
CUST10420,2021-07-28,804.87
CUST10464,2022-10-11,734.59
CUST10642,2021-10-12,226.14
CUST10457,2025-05-19,593.27
CUST10479,2024-08-24,510.82
CUST10104,2025-05-23,154.29
CUST10674,2022-02-08,1409.82
CUST10192,2024-05-26,631.94
CUST10003,2023-03-15,1307.69
CUST10467,2024-07-23,1325.85
CUST10789,2025-01-01,800.83
CUST10412,2025-03-18,730.81
CUST10511,2024-04-16,858.2
CUST10206,2024-05-01,503.43
CUST10579,2025-07-24,1372.71
CUST10617,2024-05-16,818.9
CUST10850,2023-10-08,764.4
CUST10462,2022-01-12,876.62
CUST10643,2022-11-16,306.99
CUST10076,2021-11-27,1171.93
CUST10585,2024-10-07,381.11
CUST10175,2023-07-06,753.42
CUST10475,2024-05-03,658.76
CUST10306,2021-11-21,1120.51
CUST10051,2024-07-26,1434.04
CUST10386,2025-02-05,783.98
CUST10770,2024-12-30,323.33
CUST10617,2023-01-19,1201.34
CUST10705,2023-10-26,857.53
CUST10289,2025-04-15,873.17
CUST10930,2024-11-13,681.21
CUST10927,2024-12-13,609.94
CUST10176,2022-05-07,1257.71
CUST10174,2025-02-11,653.38
CUST10449,2024-12-17,711.71
CUST10985,2023-11-03,829.28
CUST10312,2025-03-20,217.64
CUST10701,2025-03-20,1265.38
CUST10311,2025-03-11,756.63
CUST10019,2022-11-21,645.48
CUST10491,2022-05-05,905.52
CUST10485,2025-05-29,480.41
CUST10300,2024-09-30,216.61
CUST10369,2025-04-19,964.0
CUST10548,2022-10-21,1278.54
CUST10494,2024-10-05,649.27
CUST10323,2025-06-16,656.35
CUST10095,2023-08-04,95.28
CUST10082,2025-01-30,620.83
CUST10493,2024-10-23,233.93
CUST10835,2024-04-02,3670.94
CUST10574,2024-02-07,884.83
CUST10178,2023-06-07,879.81
CUST10468,2021-11-02,4105.53
CUST10677,2025-04-10,829.73
CUST10436,2023-11-21,892.42
CUST10196,2025-02-19,1327.06
CUST10741,2023-05-24,293.02
CUST10844,2024-01-23,2317.01
CUST10768,2025-01-21,530.64
CUST10703,2024-08-30,1722.34
CUST10336,2024-03-22,1049.36
CUST10286,2025-07-06,2104.92
CUST10737,2025-04-16,36.09
CUST10707,2022-10-08,1356.12
CUST10139,2022-12-29,971.88
CUST10988,2024-05-26,934.71
CUST10268,2023-11-09,1138.47
CUST10392,2025-06-11,590.49
CUST10345,2024-07-30,445.64
CUST10009,2022-09-26,1479.41
CUST10888,2025-03-20,322.9
CUST10633,2024-09-02,477.0
CUST10087,2025-05-01,1077.78
CUST10452,2022-12-05,5398.71
CUST10552,2022-08-12,760.57
CUST10754,2023-11-25,1103.25
CUST10732,2021-11-19,1496.07
CUST10764,2024-06-09,905.54
CUST10453,2023-06-25,685.83
CUST10896,2024-08-09,1149.53
CUST10354,2023-04-05,244.67
CUST10741,2024-05-26,977.99
CUST10919,2024-12-01,1115.44
CUST10775,2025-02-18,1205.94
CUST10496,2024-06-18,1447.18
CUST10291,2023-10-02,322.79
CUST10987,2024-11-27,758.69
CUST10918,2024-02-09,1023.14
CUST10398,2025-04-19,652.87
CUST10306,2024-04-07,236.71
CUST10117,2025-02-17,385.15
CUST10001,2025-01-11,558.82
CUST10713,2025-04-14,1757.27
CUST10049,2025-02-18,118.82
CUST10022,2024-10-31,2118.91
CUST10144,2025-03-28,995.84
CUST10860,2023-09-01,1034.26
CUST10030,2025-01-08,917.77
CUST10268,2021-12-16,1600.38
CUST10162,2024-02-07,3173.49
CUST10041,2024-09-29,1266.99
CUST10503,2023-10-25,1842.28
CUST10773,2024-03-24,894.89
CUST10726,2023-03-22,267.44
CUST10716,2025-05-26,169.53
CUST10447,2021-06-27,2744.24
CUST10598,2021-09-09,552.29
CUST10421,2025-02-16,1581.6
CUST10857,2024-09-15,1378.4
CUST10325,2025-03-07,525.03
CUST10406,2024-09-03,867.97
CUST10516,2023-02-25,992.18
CUST10221,2022-06-07,1431.45
CUST10154,2024-07-04,1091.78
CUST10613,2024-04-07,545.1
CUST10945,2024-11-17,1299.86
CUST10593,2025-05-07,356.8
CUST10684,2024-09-10,1314.53
CUST10965,2024-04-27,1507.76
CUST10910,2022-12-18,834.91
CUST10024,2023-07-14,2408.36
CUST10430,2025-06-19,1026.93
CUST10650,2024-05-15,402.93
CUST10349,2024-05-22,2478.21
CUST10517,2024-10-26,1049.89
CUST10411,2024-09-03,1125.32
CUST10686,2025-02-14,120.26
CUST10669,2023-06-05,1490.35
CUST10236,2025-06-27,66.24
CUST10241,2024-06-22,1326.2
CUST10216,2024-08-07,374.53
CUST10995,2023-01-24,625.56
CUST10135,2024-12-01,1108.02
CUST10499,2024-11-14,320.48
CUST10194,2024-02-28,2314.27
CUST10653,2024-02-11,518.75
CUST10579,2024-12-18,2156.8
CUST10345,2024-07-08,1161.55
CUST10038,2024-09-19,965.98
CUST10187,2025-03-05,1075.89
CUST10082,2025-04-04,924.47
CUST10181,2024-06-04,221.98
CUST10978,2021-11-17,1410.67
CUST10679,2024-06-30,381.46
CUST10005,2024-04-05,673.45
CUST10442,2023-03-04,279.3
CUST10319,2024-09-01,1433.84
CUST10710,2024-03-28,538.66
CUST10041,2022-08-26,244.83
CUST10684,2024-09-01,254.6
CUST10447,2025-03-06,1154.64
CUST10626,2024-01-16,460.39
CUST10876,2025-02-08,868.47
CUST10211,2024-01-03,239.36
CUST10922,2025-03-22,643.35
CUST10199,2024-10-17,1425.66
CUST10503,2024-07-26,665.24
CUST10848,2024-03-25,1520.82
CUST10701,2024-12-05,122.5
CUST10025,2024-04-25,143.44
CUST10524,2023-10-19,752.5
CUST10979,2024-04-29,181.92
CUST10610,2025-06-18,658.33
CUST10812,2023-07-31,1570.21
CUST10528,2021-04-24,752.86
CUST10871,2022-10-13,1521.91
CUST10935,2023-06-19,1504.37
CUST10606,2023-01-08,732.79
CUST10893,2022-05-20,170.52
CUST10719,2025-07-07,119.37
CUST10860,2024-08-08,112.32
CUST10993,2025-06-17,950.75
CUST10314,2020-11-21,3674.91
CUST10695,2023-01-14,969.07
CUST10778,2024-07-08,1645.88
CUST10657,2025-03-17,316.65
CUST10615,2024-11-14,499.08
CUST10966,2022-11-10,754.43
CUST10901,2021-08-24,371.5
CUST10235,2025-05-29,1595.76
CUST10890,2023-03-21,496.03
CUST10879,2024-06-27,445.36
CUST10097,2022-11-26,1756.85
CUST10816,2024-10-16,358.06
CUST10336,2024-01-26,1918.94
CUST10008,2024-07-04,2014.11
CUST10866,2023-04-16,803.67
CUST10507,2024-07-17,2321.34
CUST10431,2022-11-10,1353.65
CUST10215,2022-06-04,514.83
CUST10233,2022-11-11,1804.53
CUST10479,2024-09-07,1468.3
CUST10164,2025-06-10,1417.6
CUST10996,2024-12-23,958.47
CUST10789,2025-04-11,887.38
CUST10162,2022-08-07,831.72
CUST10889,2023-05-27,947.48
CUST10148,2024-04-12,1367.95
CUST10556,2022-07-26,1047.74
CUST10165,2022-11-25,991.39
CUST10465,2024-10-05,239.87
CUST10364,2024-08-17,624.15
CUST10858,2024-04-19,206.37
CUST10098,2025-05-16,819.63
CUST10245,2024-07-15,630.12
CUST10683,2025-04-22,259.51
CUST10890,2023-04-29,2871.29
CUST10297,2025-02-17,1255.23
CUST10632,2024-11-08,46.87
CUST10968,2024-01-16,594.3
CUST10434,2024-11-09,985.97
CUST10440,2024-03-13,1827.39
CUST10458,2023-12-03,898.36
CUST10685,2023-06-28,136.89
CUST10005,2023-02-13,1712.92
CUST10912,2024-05-09,1547.03
CUST10415,2023-06-19,493.2
CUST10965,2021-12-13,1402.13
CUST10149,2023-04-27,387.77
CUST10445,2024-11-19,1261.73
CUST10539,2024-12-08,442.04
CUST10258,2023-09-09,721.53
CUST10397,2024-09-08,1256.05
CUST10629,2025-05-08,591.3
CUST10372,2022-05-28,1187.4
CUST10310,2023-10-29,918.84
CUST10747,2024-03-15,1508.14
CUST10944,2024-08-23,1841.35
CUST10439,2025-01-25,102.08
CUST10820,2022-11-26,1784.56
CUST10493,2021-11-07,379.25
CUST10736,2024-09-24,664.58
CUST10616,2024-01-28,842.77
CUST10591,2024-03-24,1376.73
CUST10657,2023-07-22,1630.71
CUST10109,2024-05-31,1105.05
CUST10339,2024-01-28,545.06
CUST10967,2023-09-14,1832.21
CUST10781,2021-04-23,679.59
CUST10101,2025-02-01,1791.52
CUST10171,2022-01-31,610.15
CUST10158,2024-06-26,240.53
CUST10310,2023-08-30,412.67
CUST10834,2024-09-30,1157.49
CUST10724,2021-04-03,911.15
CUST10679,2024-12-22,874.48
CUST10534,2023-11-25,1233.98
CUST10534,2023-10-29,1286.59
CUST10731,2022-10-15,1159.64
CUST10733,2023-07-07,305.19
CUST10924,2024-09-28,1077.7
CUST10184,2023-04-20,455.58
CUST10089,2023-06-14,496.04
CUST10970,2023-06-03,515.76
CUST10776,2024-09-10,712.32
CUST10460,2024-09-26,1513.93
CUST10509,2023-02-15,1817.03
CUST10416,2022-07-13,58.54
CUST10619,2024-08-30,4178.64
CUST10969,2024-01-26,675.41
CUST10843,2023-11-11,332.94
CUST10102,2023-09-29,218.7
CUST10529,2024-12-06,214.33
CUST10551,2023-07-30,171.24
CUST10891,2024-03-03,1658.5
CUST10653,2023-10-20,1013.85
CUST10488,2025-06-06,697.61
CUST10787,2024-07-27,581.39
CUST10394,2025-02-08,1781.7
CUST10566,2024-08-12,2648.83
CUST10384,2022-06-26,137.06
CUST10371,2024-05-24,289.5
CUST10317,2024-09-21,1337.34
CUST10307,2022-02-06,283.72
CUST10458,2023-04-22,1366.92
CUST10484,2024-04-12,775.45
CUST10780,2024-02-02,1138.62
CUST10752,2023-12-11,1175.37
CUST10768,2025-05-30,762.39
CUST10476,2024-08-17,765.75
CUST10308,2025-03-08,271.74
CUST10268,2023-01-15,590.27
CUST10487,2024-04-25,502.61
CUST10775,2025-03-31,1401.28
CUST10251,2024-05-02,1201.51
CUST10337,2023-12-31,398.53
CUST10223,2024-04-05,1066.12
CUST10925,2025-01-13,1827.48
CUST10675,2025-05-13,925.26
CUST10534,2024-12-06,606.64
CUST10550,2024-11-08,1367.7
CUST10570,2025-03-08,234.5
CUST10438,2025-02-20,654.93
CUST10310,2023-07-24,955.71
CUST10839,2024-11-22,301.77
CUST10117,2024-11-06,1179.39
CUST10561,2024-12-02,3017.43
CUST10046,2024-04-16,368.29
CUST10336,2024-02-19,334.72
CUST10394,2025-02-15,681.11
CUST10978,2023-11-15,624.24
CUST10885,2025-07-17,866.43
CUST10684,2024-09-12,987.83
CUST10482,2025-04-11,1161.13
CUST10108,2023-06-11,1224.09
CUST10830,2025-05-09,795.66
CUST10074,2023-08-14,622.39
CUST10126,2021-08-29,191.35
CUST10988,2024-09-29,603.2
CUST10992,2024-12-15,641.01
CUST10477,2024-04-01,539.06
CUST10342,2022-03-06,228.55
CUST10291,2023-02-25,464.7
CUST10394,2024-07-20,1096.06
CUST10064,2025-02-26,342.54
CUST10377,2023-07-20,651.26
CUST10207,2025-07-19,358.25
CUST10502,2023-05-27,1017.1
CUST10980,2022-10-21,1295.38
CUST10067,2023-06-28,995.19
CUST10081,2023-03-26,597.23
CUST10463,2023-11-03,391.34
CUST10373,2022-08-23,527.72
CUST10871,2022-01-17,1210.16
CUST10787,2023-11-16,575.54
CUST10339,2025-01-21,887.3
CUST10679,2023-08-30,455.31
CUST10309,2025-01-16,778.5
CUST10861,2023-03-02,1499.86
CUST10123,2022-11-05,1786.32
CUST10954,2025-04-06,1488.39
CUST10945,2024-03-26,2217.76
CUST10770,2024-05-11,1314.33
CUST10393,2025-01-28,646.28
CUST10818,2023-11-26,1411.34
CUST10056,2022-06-02,973.02
CUST10872,2023-04-14,236.0
CUST10223,2024-07-31,1626.2
CUST10780,2024-07-16,556.46
CUST10696,2024-03-01,3591.1
CUST10474,2023-11-13,1767.15
CUST10740,2024-09-22,431.96
CUST10991,2024-08-18,1858.98
CUST10486,2025-05-31,1034.03
CUST10935,2023-11-26,1084.36
CUST10121,2024-11-27,259.89
CUST10294,2024-02-14,311.66
CUST10367,2023-04-07,1872.3
CUST10876,2024-09-18,1369.41
CUST10251,2023-10-01,752.24
CUST10114,2024-05-15,464.41
CUST10491,2024-10-08,1265.36
CUST10159,2024-06-03,549.94
CUST10446,2024-12-31,654.62
CUST10054,2025-01-08,3177.32
CUST10045,2024-12-18,30.63
CUST10025,2025-04-11,860.1
CUST10036,2024-02-12,704.53
CUST10097,2021-12-23,3783.84
CUST10283,2024-01-30,1291.32
CUST10707,2023-10-13,1321.52
CUST10628,2022-11-10,656.56
CUST10106,2024-12-05,1124.19
CUST10212,2023-05-24,150.72
CUST10905,2025-04-24,127.17
CUST10100,2022-05-06,2198.92
CUST10812,2024-02-23,739.46
CUST10944,2025-02-18,689.07
CUST10266,2023-12-13,610.79
CUST10589,2024-12-16,1199.38
CUST10017,2023-08-29,1336.88
CUST10638,2025-01-12,869.13
CUST10525,2021-08-21,731.85
CUST10838,2025-07-20,530.17
CUST10552,2023-12-30,449.88
CUST10512,2025-05-20,300.34
CUST10087,2025-06-18,951.42
CUST10296,2024-02-21,1805.26
CUST10628,2022-07-18,422.68
CUST10934,2024-06-30,488.95
CUST10170,2023-04-29,1660.65
CUST10751,2023-07-07,1196.02
CUST10716,2024-09-23,504.21
CUST10472,2025-04-02,1239.53
CUST10137,2023-05-26,441.53
CUST10190,2024-08-30,1222.89
CUST10755,2023-03-25,867.44
CUST10755,2024-09-22,600.16
CUST10612,2023-03-11,828.92
CUST10644,2023-10-14,1873.53
CUST10694,2024-03-22,880.07
CUST10206,2024-12-31,543.16
CUST10194,2024-12-16,1634.93
CUST10805,2024-04-05,338.96
CUST10405,2023-07-02,868.02
CUST10578,2023-10-10,1976.84
CUST10465,2023-11-17,979.6
CUST10671,2023-06-29,1921.06
CUST10630,2024-09-02,975.76
CUST10694,2023-06-06,753.46
CUST10092,2021-02-22,686.02
CUST10070,2025-03-12,256.51
CUST10687,2023-09-23,504.98
CUST10131,2025-07-05,768.75
CUST10490,2024-12-29,683.89
CUST10939,2023-02-17,2343.2
CUST10353,2023-07-14,1846.76
CUST10995,2023-10-08,925.95
CUST10267,2024-10-13,1072.2
CUST10033,2025-07-29,92.11
CUST10267,2024-01-24,916.54
CUST10194,2024-05-08,591.58
CUST10919,2025-05-17,1345.23
CUST10633,2024-12-20,875.5
CUST10539,2023-12-15,1417.71
CUST10181,2023-05-31,2159.46
CUST10533,2025-07-05,425.98
CUST10575,2023-07-08,1258.81
CUST10521,2024-01-27,222.96
CUST10165,2024-12-03,239.56
CUST10475,2023-09-08,1605.94
CUST10160,2024-09-09,1768.59
CUST10567,2023-08-11,884.17
CUST10867,2024-01-28,318.77
CUST10442,2023-06-19,299.86
CUST10708,2024-04-18,715.94
CUST10426,2022-03-23,1547.08
CUST10152,2025-07-14,2329.86
CUST10587,2022-02-20,394.67
CUST10954,2024-05-18,1644.27
CUST10908,2024-03-04,365.09
CUST10240,2024-03-08,660.94
CUST10000,2025-05-29,687.21
CUST10298,2024-11-15,514.28
CUST10582,2024-05-07,493.67
CUST10690,2025-06-17,1746.6
CUST10034,2021-11-04,2972.11
CUST10617,2024-01-11,1688.25
CUST10060,2025-04-28,202.43
CUST10176,2022-10-13,564.41
CUST10411,2024-06-08,970.63
CUST10455,2023-06-17,1204.64
CUST10147,2024-09-19,1694.92
CUST10678,2023-10-21,224.94
CUST10962,2023-11-23,1222.37
CUST10528,2025-03-25,941.55
CUST10637,2025-02-18,708.94
CUST10223,2025-02-07,917.66
CUST10746,2024-03-06,1113.15
CUST10567,2025-02-23,211.79
CUST10885,2025-05-08,1002.44
CUST10478,2024-01-10,742.93
CUST10202,2025-07-09,454.43
CUST10106,2024-12-11,290.54
CUST10129,2025-07-07,825.78
CUST10560,2025-01-14,719.73
CUST10896,2025-06-01,183.03
CUST10110,2023-12-04,1952.06
CUST10678,2025-01-17,202.82
CUST10263,2025-07-04,992.52
CUST10303,2024-09-28,1284.61
CUST10970,2022-11-20,684.14
CUST10822,2025-02-17,1163.66
CUST10026,2025-05-03,1485.78
CUST10962,2024-02-18,748.48
CUST10560,2024-11-28,259.05
CUST10687,2023-08-24,1236.43
CUST10593,2024-07-25,50.95
CUST10364,2024-07-09,133.8
CUST10811,2021-05-06,1601.79
CUST10323,2024-03-20,2020.28
CUST10689,2023-03-06,882.27
CUST10749,2023-03-12,695.96
CUST10290,2025-07-02,1624.5
CUST10879,2024-12-17,151.92
CUST10936,2025-02-23,560.23
CUST10919,2024-09-16,1944.3
CUST10532,2022-10-29,2187.86
CUST10537,2025-06-11,1571.91
CUST10033,2024-07-30,529.13
CUST10958,2023-07-11,765.09
CUST10334,2025-07-23,858.91
CUST10019,2023-02-27,735.08
CUST10005,2025-04-21,878.8
CUST10394,2025-03-10,1612.77
CUST10470,2023-10-06,529.46
CUST10179,2022-05-05,1619.67
CUST10693,2023-02-15,2018.96
CUST10632,2023-12-01,1994.28
CUST10618,2023-08-13,436.32
CUST10388,2024-09-06,813.95
CUST10220,2024-05-22,264.56
CUST10581,2025-06-18,2032.97
CUST10006,2025-07-19,541.33
CUST10736,2024-03-21,1862.9
CUST10999,2023-03-05,1201.2
CUST10775,2025-06-06,575.87
CUST10203,2023-09-09,509.06
CUST10760,2023-01-01,1152.9
CUST10696,2023-11-14,325.4
CUST10150,2024-02-26,1246.82
CUST10499,2023-10-03,355.8
CUST10955,2023-02-14,493.5
CUST10663,2023-02-22,1097.1
CUST10055,2023-02-03,1186.14
CUST10374,2025-04-14,961.7
CUST10399,2022-01-16,402.23
CUST10420,2023-04-22,935.03
CUST10176,2025-01-15,1746.87
CUST10982,2022-12-24,1799.74
CUST10489,2025-03-06,509.61
CUST10779,2025-03-29,517.5
CUST10704,2024-03-14,364.05
CUST10163,2024-04-06,416.94
CUST10178,2025-03-26,162.09
CUST10538,2024-02-07,1077.82
CUST10631,2025-05-03,837.02
CUST10961,2025-06-04,627.76
CUST10832,2024-10-08,177.63
CUST10854,2025-03-27,1397.07
CUST10180,2025-05-15,1264.98
CUST10475,2025-01-06,2087.19
CUST10914,2023-05-11,644.08
CUST10721,2025-01-08,2332.94
CUST10923,2025-02-01,1340.06
CUST10118,2024-12-08,1104.63
CUST10632,2024-04-24,1950.66
CUST10567,2023-07-24,242.78
CUST10974,2024-06-30,1002.15
CUST10653,2023-06-26,1236.92
CUST10216,2022-07-25,1555.23
CUST10020,2025-05-12,276.29
CUST10582,2024-04-10,515.37
CUST10264,2022-10-03,1296.21
CUST10028,2024-12-21,1769.16
CUST10372,2023-11-03,1105.99
CUST10655,2025-06-02,1469.95
CUST10935,2024-05-31,336.92
CUST10089,2022-09-30,1911.76
CUST10321,2024-11-06,297.64
CUST10429,2025-02-16,246.51
CUST10822,2021-05-22,726.22
CUST10357,2021-11-09,1361.08
CUST10594,2025-03-29,324.53
CUST10485,2024-09-23,467.1
CUST10441,2024-03-10,3197.26
CUST10893,2022-05-08,794.01
CUST10636,2022-07-04,822.45
CUST10261,2023-11-26,2532.08
CUST10083,2023-06-24,484.26
CUST10836,2021-08-07,388.5
CUST10785,2024-12-10,816.09
CUST10658,2024-01-18,758.04
CUST10289,2025-06-06,204.47
CUST10485,2024-03-22,922.36
CUST10683,2023-10-28,190.71
CUST10500,2024-12-27,1083.0
CUST10781,2022-11-08,303.74
CUST10925,2024-08-25,1334.39
CUST10524,2024-12-26,760.19
CUST10952,2025-01-29,485.34
CUST10603,2024-06-01,1277.48
CUST10616,2024-02-15,1884.8
CUST10702,2022-12-13,465.11
CUST10598,2022-07-05,1921.38
CUST10659,2024-05-17,1078.07
CUST10833,2024-02-15,404.11
CUST10469,2023-09-11,2062.31
CUST10963,2022-10-21,561.75
CUST10237,2024-12-19,1096.52
CUST10924,2023-11-10,482.17
CUST10479,2025-06-07,786.96
CUST10308,2023-01-17,980.9
CUST10302,2022-04-19,773.63
CUST10134,2024-07-30,1353.35
CUST10644,2025-04-21,897.66
CUST10547,2025-03-28,919.04
CUST10394,2025-06-10,444.46
CUST10063,2022-09-05,2391.32
CUST10097,2022-03-27,511.87
CUST10203,2023-06-04,206.41
CUST10511,2025-02-18,552.83
CUST10248,2024-03-12,470.68
CUST10830,2023-08-16,1406.97
CUST10665,2024-10-20,237.41
CUST10031,2025-04-06,1012.4
CUST10430,2024-03-16,1865.11
CUST10308,2022-05-31,679.2
CUST10962,2024-08-04,230.89
CUST10682,2025-02-02,1115.57
CUST10178,2022-12-05,2049.34
CUST10137,2025-02-03,199.04
CUST10742,2024-10-27,1139.32
CUST10333,2023-08-05,702.94
CUST10652,2025-03-21,1057.86
CUST10034,2024-12-30,146.02
CUST10242,2023-12-27,282.31
CUST10664,2025-04-01,1801.45
CUST10368,2023-11-16,337.76
CUST10590,2024-08-13,211.98
CUST10975,2022-07-02,1246.91
CUST10381,2025-02-13,786.31
CUST10581,2024-09-10,1147.3
CUST10124,2025-01-23,788.98
CUST10702,2024-06-11,656.48
CUST10257,2022-11-23,375.42
CUST10345,2025-02-15,1745.11
CUST10736,2025-02-06,2590.96
CUST10431,2024-08-31,947.11
CUST10984,2023-07-04,675.61
CUST10056,2024-02-19,2256.62
CUST10624,2024-10-15,452.9
CUST10661,2024-02-15,983.0
CUST10113,2023-07-18,584.56
CUST10573,2023-06-20,457.39
CUST10605,2021-05-31,2897.23
CUST10234,2020-10-23,209.29
CUST10166,2024-03-22,998.76
CUST10600,2023-02-18,671.97
CUST10590,2025-01-18,1506.86
CUST10402,2023-01-11,290.2
CUST10852,2023-07-17,740.43
CUST10014,2025-01-31,1039.83
CUST10222,2025-03-06,1761.06
CUST10886,2024-10-25,1472.4
CUST10367,2022-02-23,628.84
CUST10251,2023-08-06,1528.87
CUST10086,2024-04-11,644.85
CUST10529,2023-10-22,978.29
CUST10203,2023-04-20,923.52
CUST10565,2024-10-26,905.85
CUST10220,2023-02-28,347.01
CUST10864,2022-01-19,800.14
CUST10609,2024-10-24,566.93
CUST10522,2023-05-07,255.91
CUST10622,2025-01-20,262.38
CUST10658,2021-10-07,442.27
CUST10500,2025-01-17,2436.74
CUST10131,2024-08-16,103.78
CUST10422,2025-06-14,1151.92
CUST10570,2023-03-20,568.29
CUST10025,2025-04-05,478.53
CUST10380,2023-07-27,250.22
CUST10432,2024-08-14,2183.01
CUST10975,2022-03-13,677.4
CUST10109,2024-06-21,889.41
CUST10136,2022-12-12,777.43
CUST10507,2025-01-05,313.83
CUST10441,2022-02-26,1111.88
CUST10329,2024-10-02,190.93
CUST10112,2023-09-30,1352.77
CUST10671,2024-06-08,1103.74
CUST10467,2024-09-08,779.67
CUST10553,2021-12-07,244.74
CUST10440,2025-06-20,971.45
CUST10260,2024-07-21,545.64
CUST10003,2024-04-20,917.54
CUST10479,2025-03-15,1072.39
CUST10375,2022-05-08,805.5
CUST10013,2023-12-02,2498.92
CUST10289,2023-02-13,794.41
CUST10926,2022-10-30,1552.86
CUST10327,2023-08-29,1186.83
CUST10738,2021-08-29,1152.89
CUST10157,2023-06-22,1583.49
CUST10407,2025-02-17,898.8
CUST10344,2023-03-05,456.42
CUST10557,2024-08-24,562.34
CUST10836,2025-04-11,1136.66
CUST10510,2024-03-06,1001.49
CUST10719,2024-09-10,3498.94
CUST10094,2024-02-11,811.41
CUST10338,2025-03-19,361.16
CUST10534,2024-03-15,257.8
CUST10385,2021-05-16,2050.47
CUST10913,2024-03-11,1395.44
CUST10052,2024-05-24,524.68
CUST10551,2025-05-27,300.82
CUST10821,2023-06-11,451.45
CUST10012,2023-05-27,614.11
CUST10864,2025-07-15,809.85
CUST10519,2022-07-29,660.67
CUST10466,2023-04-26,1193.69
CUST10505,2023-10-23,1921.83
CUST10795,2023-01-05,610.24
CUST10678,2023-08-07,1138.11
CUST10152,2024-09-06,623.29
CUST10848,2024-06-20,1434.38
CUST10254,2025-03-11,781.35
CUST10607,2023-08-21,738.57
CUST10803,2024-07-21,326.74
CUST10749,2024-07-26,1401.76
CUST10765,2025-01-07,618.21
CUST10801,2023-04-06,2119.22
CUST10107,2023-09-14,1049.83
CUST10799,2024-12-13,112.21
CUST10351,2024-07-19,389.91
CUST10119,2024-08-24,1273.64
CUST10202,2022-04-20,1670.8
CUST10656,2021-12-02,3200.16
CUST10132,2024-03-10,313.53
CUST10932,2025-06-30,915.81
CUST10954,2024-10-01,372.83
CUST10230,2024-06-14,969.12
CUST10702,2024-03-21,3033.28
CUST10382,2022-09-16,2301.03
CUST10281,2024-04-19,673.72
CUST10914,2022-05-03,1377.14
CUST10641,2022-05-14,390.41
CUST10158,2025-03-27,1041.95
CUST10056,2024-12-07,1264.22
CUST10857,2024-08-25,1644.63
CUST10419,2024-04-17,485.08
CUST10318,2020-12-26,448.9
CUST10938,2022-11-28,1310.87
CUST10299,2023-05-05,916.04
CUST10286,2024-05-10,254.32
CUST10426,2024-02-14,599.07
CUST10080,2023-11-27,2028.19
CUST10539,2023-11-06,1127.14
CUST10738,2022-07-05,234.77
CUST10020,2024-02-05,1359.06
CUST10986,2023-12-07,315.1
CUST10281,2023-03-28,1731.08
CUST10107,2025-06-05,1463.22
CUST10960,2024-02-02,641.48
CUST10301,2024-05-11,890.25
CUST10060,2024-09-18,584.53
CUST10609,2025-01-19,3176.25
CUST10767,2023-10-28,1168.32
CUST10695,2022-01-18,1141.74
CUST10214,2025-03-05,510.44
CUST10276,2025-02-03,684.63
CUST10658,2021-10-20,376.36
CUST10858,2025-06-22,557.01
CUST10044,2024-09-20,1081.7
CUST10114,2024-01-06,877.72
CUST10480,2022-04-02,776.29
CUST10200,2022-06-17,1286.25
CUST10015,2025-01-05,1117.53
CUST10962,2024-05-15,625.13
CUST10233,2025-03-09,1553.57
CUST10010,2022-11-11,651.28
CUST10748,2022-08-09,1179.91
CUST10994,2025-02-22,226.93
CUST10475,2025-04-22,1158.52
CUST10469,2023-09-20,2226.88
CUST10205,2025-04-07,497.41
CUST10998,2025-02-02,737.33
CUST10588,2025-07-13,1559.14
CUST10491,2025-03-19,698.46
CUST10992,2021-06-19,607.75
CUST10787,2024-02-08,959.42
CUST10742,2024-01-25,2001.64
CUST10744,2023-11-02,2384.51
CUST10753,2025-07-10,455.19
CUST10144,2024-08-25,1120.36
CUST10773,2024-07-11,1734.21
CUST10352,2023-11-05,1371.74
CUST10530,2023-02-10,1387.94
CUST10046,2024-10-04,186.88
CUST10960,2025-06-14,1376.74
CUST10353,2024-01-02,1285.16
CUST10970,2025-02-24,865.86
CUST10899,2023-09-24,1404.19
CUST10679,2024-06-02,1070.53
CUST10755,2024-10-10,691.01
CUST10157,2022-01-27,1048.8
CUST10124,2021-04-25,2663.84
CUST10228,2024-12-31,1519.65
CUST10284,2024-02-06,1629.24
CUST10924,2025-04-12,1534.76
CUST10990,2025-06-08,65.17
CUST10643,2024-09-13,1374.64
CUST10607,2025-06-23,791.56
CUST10243,2022-11-18,901.47
CUST10884,2025-01-03,481.22
CUST10085,2025-06-20,502.58
CUST10769,2024-01-28,589.29
CUST10748,2024-09-20,968.75
CUST10053,2025-05-13,1148.6
CUST10571,2021-10-13,1358.0
CUST10464,2024-07-03,722.6
CUST10160,2023-03-19,863.58
CUST10962,2025-05-27,823.07
CUST10103,2023-06-11,758.88
CUST10936,2025-05-13,1195.25
CUST10754,2023-03-08,1285.63
CUST10150,2024-05-18,127.43
CUST10714,2025-07-11,1772.75
CUST10008,2024-12-23,922.82
CUST10871,2022-10-17,411.12
CUST10164,2024-03-31,939.12
CUST10723,2024-06-08,401.79
CUST10455,2023-01-25,715.57
CUST10800,2023-01-05,561.32
CUST10710,2024-06-07,993.69
CUST10638,2024-06-16,1714.92
CUST10139,2023-09-04,245.96
CUST10021,2022-09-04,303.66
CUST10873,2024-07-27,1173.96
CUST10054,2023-09-16,238.55
CUST10410,2022-01-27,1257.46
CUST10094,2024-02-23,612.85
CUST10799,2024-05-27,687.61
CUST10862,2025-06-29,849.67
CUST10960,2021-11-20,545.4
CUST10313,2025-01-04,1261.02
CUST10808,2023-02-23,3085.47
CUST10405,2025-06-17,873.23
CUST10850,2022-09-07,1110.96
CUST10550,2024-12-31,2461.69
CUST10300,2023-12-30,438.61
CUST10726,2024-05-19,201.41
CUST10304,2025-07-06,1096.89
CUST10519,2023-08-18,952.54
CUST10381,2025-01-16,1282.46
CUST10730,2024-12-17,1038.08
CUST10078,2024-01-30,246.23
CUST10709,2024-01-08,2473.85
CUST10244,2022-11-11,1541.48
CUST10656,2022-05-25,1019.64
CUST10060,2023-01-14,1060.77
CUST10005,2025-02-24,541.88
CUST10271,2022-06-16,732.84
CUST10077,2024-01-26,3195.46
CUST10585,2025-02-12,1110.39
CUST10281,2024-03-25,1181.94
CUST10965,2024-07-06,2210.52
CUST10374,2024-04-22,1036.97
CUST10457,2025-04-01,1658.31
CUST10635,2022-08-31,542.58
CUST10527,2024-02-08,1238.46
CUST10260,2023-07-20,785.97
CUST10171,2024-12-12,1045.79
CUST10199,2024-05-08,248.65
CUST10998,2024-08-24,200.21
CUST10551,2024-05-19,819.28
CUST10038,2023-09-24,1265.24
CUST10790,2023-07-02,116.67
CUST10201,2025-01-07,356.24
CUST10545,2023-12-26,3183.24
CUST10615,2024-06-19,1548.22
CUST10616,2022-05-12,249.7
CUST10522,2025-06-20,372.86
CUST10590,2025-01-23,814.57
CUST10441,2024-05-09,687.64
CUST10256,2023-08-06,864.4
CUST10822,2021-10-20,459.46
CUST10386,2025-01-08,1466.05
CUST10552,2023-09-14,1431.98
CUST10711,2024-11-16,1214.98
CUST10236,2021-08-18,1122.49
CUST10288,2025-04-16,2058.64
CUST10741,2021-06-22,880.57
CUST10368,2025-01-20,3215.84
CUST10101,2025-03-31,109.95
CUST10726,2023-05-25,1764.13
CUST10233,2023-10-20,511.5
CUST10262,2024-10-22,1042.01
CUST10118,2024-12-23,294.8
CUST10489,2025-05-27,1998.43
CUST10429,2025-06-13,979.03
CUST10405,2024-10-01,541.58
CUST10631,2025-01-08,498.14
CUST10382,2022-06-11,1444.6
CUST10557,2025-01-18,1450.83
CUST10367,2022-12-01,618.04
CUST10589,2025-05-28,751.59
CUST10477,2024-11-20,494.1
CUST10766,2023-06-08,370.82
CUST10703,2024-11-19,1922.65
CUST10272,2024-10-31,2175.81
CUST10428,2024-03-20,1696.27
CUST10241,2024-03-30,285.66
CUST10540,2021-11-23,857.77
CUST10378,2025-06-04,605.03
CUST10591,2024-06-07,1429.2
CUST10635,2024-09-02,369.08
CUST10603,2022-01-26,1171.52
CUST10903,2024-11-11,626.22
CUST10828,2024-09-23,527.91
CUST10812,2024-02-16,1056.72
CUST10859,2022-03-23,893.92
CUST10185,2025-04-29,866.65
CUST10173,2023-04-12,146.1
CUST10174,2024-08-23,399.37
CUST10720,2025-06-15,1092.01
CUST10149,2023-04-27,1119.38
CUST10084,2025-07-12,285.55
CUST10374,2024-11-02,711.35
CUST10198,2024-12-21,1003.83
CUST10211,2025-03-07,956.43
CUST10437,2022-07-20,518.74
CUST10927,2024-11-13,762.38
CUST10840,2025-04-02,958.98
CUST10915,2025-07-11,668.87
CUST10676,2024-06-21,1618.9
CUST10730,2021-09-02,1851.21
CUST10873,2024-10-12,844.07
CUST10894,2024-08-10,166.54
CUST10081,2023-07-01,163.44
CUST10108,2022-08-08,1526.41
CUST10794,2023-12-15,189.08
CUST10958,2024-07-12,551.54
CUST10335,2023-02-25,322.13
CUST10199,2024-09-15,380.79
CUST10488,2023-07-25,894.52
CUST10386,2025-06-26,1126.62
CUST10931,2024-06-13,1851.27
CUST10980,2023-11-14,45.03
CUST10391,2025-02-16,1223.78
CUST10941,2023-09-05,536.35
CUST10178,2023-01-28,2961.02
CUST10526,2023-07-12,552.69
CUST10668,2023-12-31,1594.07
CUST10813,2023-04-08,865.33
CUST10257,2025-01-23,913.25
CUST10385,2023-12-03,85.5
CUST10600,2023-07-23,989.22
CUST10379,2022-07-01,1756.62
CUST10954,2024-08-23,853.74
CUST10859,2022-06-18,291.47
CUST10229,2023-06-22,759.29
CUST10161,2022-09-15,234.56
CUST10440,2025-03-12,1117.85
CUST10119,2024-11-27,412.39
CUST10805,2025-04-20,1940.45
CUST10114,2022-10-17,556.71
CUST10433,2024-10-28,986.32
CUST10389,2022-08-18,1200.35
CUST10394,2024-01-11,864.04
CUST10068,2025-03-21,158.66
CUST10575,2024-09-07,1310.18
CUST10401,2023-02-19,2986.84
CUST10984,2023-07-06,833.11
CUST10158,2024-09-28,201.24
CUST10543,2025-02-16,266.05
CUST10180,2022-12-17,1211.86
CUST10067,2022-10-05,2121.99
CUST10710,2024-04-13,200.17
CUST10754,2023-05-02,850.98
CUST10458,2024-04-22,546.17
CUST10065,2024-05-26,958.26
CUST10757,2024-11-30,2452.34
CUST10197,2025-07-23,1151.12
CUST10172,2024-05-24,2263.64
CUST10388,2024-01-25,1828.78
CUST10279,2025-06-27,646.74
CUST10144,2024-07-11,1343.36
CUST10556,2024-03-09,647.95
CUST10873,2025-01-04,796.72
CUST10145,2024-10-31,973.05
CUST10998,2023-02-20,465.72
CUST10574,2023-07-27,803.47
CUST10558,2022-08-05,185.51
CUST10349,2023-11-29,1175.53
CUST10342,2021-11-28,1665.72
CUST10777,2025-05-29,1368.37
CUST10633,2024-08-12,314.26
CUST10271,2022-06-14,377.81
CUST10916,2025-02-14,597.55
CUST10706,2025-03-10,374.62
CUST10154,2022-01-31,1312.08
CUST10933,2024-09-18,2578.14
CUST10125,2024-04-19,1671.83
CUST10353,2022-06-20,2706.83
CUST10726,2025-07-22,825.49
CUST10224,2021-09-12,573.28
CUST10175,2025-02-09,1175.71
CUST10063,2024-11-12,1352.32
CUST10960,2023-11-07,398.11
CUST10262,2022-01-11,441.74
CUST10185,2025-02-19,1973.75
CUST10140,2025-01-03,41.15
CUST10210,2022-08-04,882.21
CUST10176,2025-04-07,46.76
CUST10563,2024-02-20,587.75
CUST10012,2025-04-03,978.62
CUST10542,2023-07-05,629.03
CUST10539,2024-10-27,323.89
CUST10968,2022-09-18,2094.2
CUST10459,2024-01-21,783.81
CUST10917,2023-08-10,200.38
CUST10983,2025-05-29,844.75
CUST10937,2023-06-23,102.94
CUST10045,2023-12-18,236.93
CUST10751,2022-08-13,1689.71
CUST10556,2022-10-25,1087.13
CUST10296,2023-12-03,1266.34
CUST10343,2025-01-22,232.56
CUST10837,2024-04-15,745.75
CUST10207,2024-05-08,1119.54
CUST10748,2023-05-20,284.61
CUST10904,2021-08-01,1341.53
CUST10883,2025-02-04,1058.14
CUST10538,2023-04-04,582.23
CUST10344,2023-12-22,1552.86
CUST10185,2024-03-18,312.08
CUST10503,2024-02-12,1766.98
CUST10617,2023-05-14,1539.62
CUST10426,2021-08-25,229.3
CUST10779,2025-03-17,580.05
CUST10210,2023-02-13,665.25
CUST10854,2025-07-12,2196.57
CUST10515,2025-07-19,370.24
CUST10669,2023-03-08,501.74
CUST10049,2025-07-14,401.69
CUST10445,2024-07-20,1144.46
CUST10233,2024-08-10,1219.85
CUST10951,2025-02-12,1666.27
CUST10367,2024-03-15,1574.3
CUST10540,2024-04-03,833.91
CUST10720,2025-07-09,2159.17
CUST10851,2025-06-03,2082.88
CUST10257,2022-11-20,1759.47
CUST10020,2024-08-04,737.96
CUST10994,2023-12-28,1455.21
CUST10522,2023-04-11,785.02
CUST10359,2025-04-26,337.47
CUST10585,2024-06-17,156.23
CUST10107,2025-03-16,628.35
CUST10239,2024-04-19,566.17
CUST10057,2025-02-27,801.03
CUST10752,2022-12-13,509.64
CUST10893,2023-07-27,328.99
CUST10502,2022-12-26,2365.41
CUST10695,2022-02-22,486.67
CUST10881,2024-03-14,1135.47
CUST10292,2024-08-15,685.84
CUST10611,2023-02-03,258.21
CUST10920,2023-05-16,1584.41
CUST10054,2021-05-27,1267.77
CUST10495,2021-09-01,1198.94
CUST10555,2023-03-18,872.32
CUST10697,2023-04-21,2152.21
CUST10407,2023-07-22,542.82
CUST10729,2025-06-24,987.32
CUST10384,2023-12-11,2395.5
CUST10872,2024-03-28,888.37
CUST10792,2022-12-05,668.61
CUST10664,2023-07-08,983.36
CUST10542,2024-04-15,1474.64
CUST10989,2022-09-20,1815.6
CUST10389,2024-09-17,608.53
CUST10557,2024-08-11,670.43
CUST10539,2022-04-03,507.83
CUST10759,2024-12-02,907.53
CUST10372,2022-08-09,1499.55
CUST10046,2024-07-05,1566.32
CUST10286,2025-02-15,860.48
CUST10296,2025-03-11,309.55
CUST10924,2025-02-09,1759.62
CUST10553,2025-04-12,219.41
CUST10838,2024-06-20,753.96
CUST10459,2025-05-10,562.5
CUST10193,2024-06-27,947.33
CUST10006,2024-10-13,299.02
CUST10206,2025-01-26,395.39
CUST10821,2024-12-22,2230.94
CUST10687,2023-04-08,741.89
CUST10590,2025-01-23,495.44
CUST10292,2023-02-21,583.74
CUST10978,2024-02-16,588.42
CUST10183,2024-12-20,964.67
CUST10877,2025-07-04,1863.59
CUST10480,2023-04-15,678.56
CUST10594,2022-09-12,1744.39
CUST10281,2025-06-19,962.38
CUST10303,2025-02-06,641.13
CUST10614,2022-01-25,995.07
CUST10800,2022-04-10,1069.93
CUST10744,2023-10-16,163.38
CUST10368,2024-01-25,1371.71
CUST10656,2022-05-29,384.2
CUST10873,2024-03-04,368.39
CUST10304,2025-02-18,1401.23
CUST10692,2024-08-13,24.53
CUST10785,2024-03-12,705.41
CUST10646,2023-01-01,2148.87
CUST10594,2024-04-02,1088.71
CUST10874,2024-01-17,1517.77
CUST10553,2025-02-25,939.74
CUST10978,2025-04-12,1205.87
CUST10458,2025-01-10,113.24
CUST10288,2024-11-08,592.82
CUST10530,2023-05-16,694.14
CUST10535,2024-05-09,1919.75
CUST10589,2024-10-03,136.6
CUST10067,2024-05-20,966.57
CUST10151,2022-09-18,119.24
CUST10877,2024-11-12,471.05
CUST10325,2023-08-23,1249.26
CUST10783,2024-03-01,1070.36
CUST10312,2024-11-18,1840.11
CUST10777,2025-06-08,1603.38
CUST10339,2022-11-29,150.19
CUST10130,2024-05-04,13.92
CUST10835,2023-08-26,668.54
CUST10009,2023-04-23,493.94
CUST10871,2023-08-15,437.66
CUST10834,2021-12-10,1425.04
CUST10226,2022-12-20,1370.05
CUST10529,2024-07-07,274.91
CUST10982,2025-07-01,167.07
CUST10305,2024-07-13,428.04
CUST10940,2022-07-01,907.0
CUST10563,2023-11-04,690.29
CUST10742,2024-03-29,2082.82
CUST10976,2025-02-17,807.8
CUST10190,2022-11-06,616.04
CUST10888,2025-06-05,204.86
CUST10879,2023-04-16,1752.87
CUST10090,2024-08-25,915.11
CUST10108,2022-06-15,691.73
CUST10546,2023-04-23,1101.65
CUST10880,2025-06-12,187.77
CUST10771,2023-07-22,667.98
CUST10761,2021-07-28,1100.21
CUST10565,2025-04-01,468.15
CUST10777,2025-05-17,520.31
CUST10583,2023-06-30,667.53
CUST10620,2024-09-12,1010.57
CUST10463,2024-01-24,299.97
CUST10722,2022-03-05,2051.68
CUST10166,2024-08-24,434.96
CUST10430,2025-04-03,492.57
CUST10178,2022-08-23,716.29
CUST10210,2024-10-22,670.71
CUST10316,2025-06-15,495.35
CUST10929,2022-05-06,503.56
CUST10220,2023-12-13,1087.86
CUST10654,2024-11-26,914.38
CUST10613,2023-04-13,392.25
CUST10345,2025-07-21,444.52
CUST10717,2024-11-15,356.89
CUST10475,2023-12-27,1017.05
CUST10776,2024-08-26,1251.54
CUST10479,2023-01-30,435.26
CUST10069,2023-09-02,201.54
CUST10359,2024-09-05,1646.6
CUST10275,2025-03-26,1472.86
CUST10670,2023-08-22,351.42
CUST10709,2022-08-29,682.01
CUST10160,2023-12-09,453.72
CUST10092,2022-07-25,666.41
CUST10772,2025-06-01,2142.72
CUST10336,2023-11-04,114.97
CUST10198,2025-04-14,521.91
CUST10787,2023-12-19,942.46
CUST10323,2025-03-29,376.1
CUST10271,2022-04-24,2045.54
CUST10403,2022-10-25,488.7
CUST10346,2025-02-27,417.97
CUST10211,2023-03-30,1269.22
CUST10585,2024-07-23,597.57
CUST10537,2024-09-12,1078.19
CUST10395,2025-05-09,354.58
CUST10212,2023-08-22,467.9
CUST10790,2024-01-11,133.38
CUST10854,2023-08-17,2935.06
CUST10599,2023-12-11,316.07
CUST10442,2024-11-07,1374.74
CUST10795,2021-10-23,1080.49
CUST10903,2021-12-14,631.89
CUST10898,2021-02-22,3347.45
CUST10583,2022-08-17,2583.16
CUST10953,2023-05-15,1226.21
CUST10864,2025-04-28,221.54
CUST10371,2024-05-31,666.06
CUST10830,2023-04-21,822.39
CUST10352,2022-07-04,316.38
CUST10517,2025-02-08,309.44
CUST10121,2024-06-05,1192.12
CUST10344,2023-01-05,699.4
CUST10030,2023-01-10,1548.27
CUST10963,2024-10-01,2330.24
CUST10386,2024-06-06,930.45
CUST10776,2023-03-23,1135.6
CUST10258,2022-12-01,154.85
CUST10775,2025-02-16,164.95
CUST10302,2023-02-12,253.94
CUST10673,2021-12-29,691.17
CUST10470,2024-06-08,941.88
CUST10939,2022-10-25,2116.55
CUST10655,2024-05-19,3468.62
CUST10674,2021-12-03,1506.79
CUST10823,2025-04-17,1853.11
CUST10905,2024-12-04,2209.58
CUST10883,2024-04-14,2856.68
CUST10302,2024-01-16,831.12
CUST10516,2025-02-07,629.41
CUST10191,2022-10-24,2190.49
CUST10152,2025-07-27,1591.0
CUST10930,2022-10-16,1798.24
CUST10936,2024-09-12,1379.89
CUST10509,2024-12-18,1735.37
CUST10862,2023-04-25,1027.08
CUST10339,2024-02-24,3052.66
CUST10983,2021-10-24,981.67
CUST10816,2023-07-05,1007.43
CUST10047,2024-12-16,2490.79
CUST10330,2024-12-03,766.63
CUST10781,2023-02-18,981.03
CUST10473,2025-04-14,384.97
CUST10242,2025-01-23,830.36
CUST10809,2025-07-29,416.95
CUST10980,2024-05-15,1050.34
CUST10419,2025-06-09,3605.92
CUST10896,2023-09-11,1782.9
CUST10952,2025-03-23,1725.55
CUST10989,2024-10-08,420.22
CUST10032,2025-04-20,476.21
CUST10449,2024-09-11,224.83
CUST10550,2023-01-22,854.99
CUST10724,2022-04-17,795.86
CUST10631,2024-05-28,663.99
CUST10164,2024-05-31,936.83
CUST10226,2022-09-21,656.91
CUST10654,2025-01-25,45.6
CUST10728,2024-07-12,1014.24
CUST10816,2022-11-01,945.9
CUST10227,2025-02-25,757.23
CUST10609,2025-01-20,809.51
CUST10404,2023-10-14,739.37
CUST10102,2023-08-01,492.04
CUST10692,2023-06-30,464.76
CUST10156,2023-01-14,735.41
CUST10233,2023-12-16,197.09
CUST10920,2023-11-29,209.22
CUST10977,2024-01-29,286.58
CUST10671,2024-12-08,768.93
CUST10900,2024-02-07,1906.73
CUST10861,2023-07-20,2558.46
CUST10354,2023-03-24,1630.68
CUST10020,2024-06-22,1299.07
CUST10912,2024-05-25,352.37
CUST10864,2022-04-12,279.8
CUST10894,2025-01-07,1220.08
CUST10443,2024-06-27,2189.46
CUST10802,2023-12-25,1932.98
CUST10764,2024-10-15,1273.67
CUST10477,2023-10-29,378.89
CUST10454,2023-11-17,1477.39
CUST10541,2022-04-24,1252.03
CUST10919,2024-02-04,964.95
CUST10143,2023-10-13,342.95
CUST10480,2023-02-02,1047.87
CUST10574,2024-07-31,311.41
CUST10764,2023-11-03,644.79
CUST10836,2022-02-07,1482.93
CUST10182,2022-09-30,683.72
CUST10027,2025-01-31,1439.38
CUST10392,2024-05-11,1188.84
CUST10288,2024-09-07,400.36
CUST10571,2024-06-04,989.45
CUST10491,2024-02-09,498.78
CUST10011,2024-11-28,748.17
CUST10765,2022-08-16,2512.24
CUST10701,2025-01-04,834.52
CUST10055,2022-05-25,981.4
CUST10873,2022-10-19,1084.8
CUST10403,2021-07-01,2586.88
CUST10973,2024-10-26,325.01
CUST10298,2025-07-04,570.59
CUST10084,2024-06-29,968.38
CUST10410,2025-01-06,1678.11
CUST10649,2023-01-27,1402.49
CUST10791,2023-01-19,825.78
CUST10793,2024-09-29,1561.29
CUST10187,2025-06-17,2665.83
CUST10751,2022-01-04,145.07
CUST10707,2024-03-25,438.24
CUST10925,2024-06-08,1994.68
CUST10953,2024-07-31,512.58
CUST10140,2025-01-08,181.88
CUST10036,2024-04-24,819.51
CUST10571,2022-01-09,478.86
CUST10716,2025-05-22,1810.8
CUST10659,2024-08-24,484.78
CUST10248,2023-09-16,1167.54
CUST10166,2023-08-19,71.63
CUST10019,2022-08-28,2320.6
CUST10182,2021-11-28,399.98
CUST10431,2023-01-09,508.57
CUST10337,2022-12-03,647.43
CUST10151,2024-07-03,1044.77
CUST10844,2025-01-13,1428.54
CUST10268,2023-07-19,1073.0
CUST10031,2024-05-18,610.88
CUST10957,2024-06-26,1918.36
CUST10967,2024-02-07,2591.97
CUST10570,2021-09-11,608.32
CUST10896,2022-11-27,469.88
CUST10320,2023-11-29,1071.77
CUST10088,2025-03-13,240.83
CUST10001,2024-05-11,467.82
CUST10310,2025-06-20,580.09
CUST10220,2024-04-19,166.92
CUST10136,2023-08-23,118.02
CUST10332,2025-03-11,1691.23
CUST10562,2021-09-07,2120.5
CUST10383,2023-05-23,878.84
CUST10225,2025-05-22,1371.12
CUST10720,2024-10-20,2126.31
CUST10235,2025-04-29,548.1
CUST10190,2025-02-12,999.67
CUST10681,2025-04-25,1044.67
CUST10300,2023-08-02,1597.17
CUST10959,2022-06-30,356.0
CUST10920,2024-07-08,2198.45
CUST10334,2024-10-03,971.39
CUST10316,2024-06-13,830.59
CUST10047,2022-08-22,1284.82
CUST10098,2025-01-30,992.34
CUST10383,2023-11-05,232.39
CUST10800,2024-12-13,1085.88
CUST10294,2024-02-15,507.75
CUST10872,2022-08-08,1139.05
CUST10046,2023-12-13,965.54
CUST10499,2024-03-18,390.71
CUST10071,2022-05-07,2101.27
CUST10810,2023-03-16,1210.67
CUST10486,2025-03-16,618.97
CUST10773,2024-08-02,900.67
CUST10481,2023-03-07,1162.76
CUST10249,2024-11-25,1264.74
CUST10182,2023-07-11,1078.32
CUST10700,2024-03-13,1368.7
CUST10333,2023-10-25,729.54
CUST10269,2025-06-03,1003.45
CUST10659,2024-12-20,387.74
CUST10940,2023-02-07,1978.5
CUST10778,2023-02-07,1177.54
CUST10339,2023-12-11,2084.83
CUST10160,2022-12-24,1356.25
CUST10505,2025-01-06,884.03
CUST10839,2024-11-09,860.93
CUST10687,2024-09-24,283.7
CUST10073,2024-10-11,603.36
CUST10527,2024-08-12,1371.93
CUST10578,2022-10-08,661.11
CUST10866,2023-12-03,563.57
CUST10499,2025-01-24,538.8
CUST10346,2023-11-14,1713.51
CUST10183,2025-01-30,784.57
CUST10764,2025-05-29,270.56
CUST10108,2024-10-14,598.28
CUST10776,2024-07-27,1093.9
CUST10408,2025-04-16,177.25
CUST10742,2024-11-28,359.6
CUST10043,2022-07-20,1303.99
CUST10227,2024-04-07,2153.48
CUST10051,2024-12-03,987.56
CUST10462,2023-09-30,2156.28
CUST10998,2024-12-19,326.99
CUST10170,2024-05-14,3218.29
CUST10560,2025-02-12,1152.45
CUST10642,2025-02-18,402.56
CUST10589,2024-09-03,1732.82
CUST10519,2022-11-20,882.72
CUST10861,2021-03-11,1469.83
CUST10789,2023-12-27,433.71
CUST10055,2023-09-08,1128.22
CUST10254,2025-04-17,1164.85
CUST10042,2025-02-04,194.03
CUST10862,2023-04-11,361.42
CUST10607,2024-10-09,303.92
CUST10513,2024-01-06,4463.23
CUST10369,2025-03-31,1026.32
CUST10062,2022-08-31,2185.73
CUST10692,2023-12-12,868.78
CUST10638,2021-12-11,296.29
CUST10718,2025-03-26,510.6
CUST10958,2024-01-28,1367.03
CUST10840,2024-08-30,5041.72
CUST10363,2025-06-09,606.21
CUST10625,2021-09-22,1510.81
CUST10890,2024-10-20,1004.86
CUST10564,2024-06-18,49.87
CUST10844,2024-09-28,619.51
CUST10914,2023-11-07,425.33
CUST10677,2025-04-03,1672.73
CUST10751,2021-06-03,158.34
CUST10849,2021-08-02,446.48
CUST10130,2024-10-27,1820.81
CUST10230,2024-12-16,1761.91
CUST10237,2025-03-14,1963.37
CUST10308,2024-08-03,2043.33
CUST10808,2025-07-28,1399.38
CUST10432,2025-07-29,638.13
CUST10050,2025-02-04,552.83
CUST10333,2024-02-07,1016.6
CUST10129,2025-02-04,602.06
CUST10512,2025-02-17,1056.69
CUST10903,2021-12-26,1167.91
CUST10926,2023-12-24,841.32
CUST10118,2024-12-13,693.76
CUST10230,2024-05-06,1174.94
CUST10521,2024-01-12,720.66
CUST10871,2025-01-10,1405.01
CUST10246,2025-02-01,213.51
CUST10585,2025-02-21,1366.12
CUST10071,2022-12-14,1100.46
CUST10352,2023-05-19,1895.36
CUST10761,2024-09-28,280.44
CUST10150,2023-11-05,243.28
CUST10227,2022-11-29,650.48
CUST10271,2022-07-28,838.9
CUST10813,2023-01-13,534.24
CUST10520,2023-02-03,822.63
CUST10924,2025-03-20,141.17
CUST10500,2024-11-05,698.56
CUST10532,2022-08-03,661.23
CUST10878,2023-11-03,1740.39
CUST10906,2023-02-09,317.07
CUST10621,2024-02-18,2493.05
CUST10597,2023-12-12,1734.85
CUST10701,2024-12-05,1417.63
CUST10292,2025-02-01,253.35
CUST10001,2024-02-15,1245.22
CUST10870,2024-11-19,166.95
CUST10132,2023-09-15,226.68
CUST10817,2023-11-11,1164.37
CUST10846,2023-12-03,1129.58
CUST10984,2023-10-14,1356.82
CUST10784,2023-07-07,1928.36
CUST10655,2025-04-09,571.87
CUST10344,2025-05-04,1255.33
CUST10951,2024-07-08,170.71
CUST10454,2024-12-13,564.15
CUST10424,2024-12-11,913.03
CUST10975,2022-07-20,652.64
CUST10619,2025-01-25,701.2
CUST10340,2023-11-25,380.68
CUST10638,2022-10-27,1067.86
CUST10110,2023-04-12,1124.07
CUST10156,2023-09-16,433.94
CUST10211,2024-10-01,385.4
CUST10527,2025-07-11,1148.56
CUST10378,2024-03-16,371.46
CUST10865,2025-06-12,1551.1
CUST10585,2024-08-30,1886.14
CUST10673,2021-08-13,679.33
CUST10710,2024-11-16,1046.3
CUST10684,2025-04-11,567.37
CUST10162,2023-09-16,239.67
CUST10459,2023-10-20,424.64
CUST10473,2024-12-05,2136.84
CUST10373,2022-11-18,437.76
CUST10428,2023-08-16,2500.11
CUST10101,2024-09-24,541.47
CUST10451,2024-12-29,1017.01
CUST10446,2024-06-10,515.22
CUST10635,2023-05-03,317.77
CUST10276,2023-07-14,1569.41
CUST10617,2025-06-19,82.03
CUST10984,2022-04-06,2176.44
CUST10826,2024-05-15,176.48
CUST10526,2022-01-30,325.2
CUST10976,2025-04-01,1786.09
CUST10041,2023-10-03,504.24
CUST10007,2023-09-14,315.75
CUST10361,2023-04-19,135.91
CUST10384,2023-06-03,1574.39
CUST10101,2025-06-17,715.41
CUST10199,2023-10-20,874.16
CUST10356,2022-08-13,1051.44
CUST10189,2023-08-28,1444.51
CUST10043,2023-06-11,462.75
CUST10104,2024-10-20,2036.96
CUST10582,2023-07-14,466.6
CUST10016,2023-07-31,797.22
CUST10658,2022-02-20,155.17
CUST10543,2025-05-14,1482.85
CUST10771,2024-10-16,2266.17
CUST10486,2024-07-08,1656.62
CUST10781,2021-05-15,92.75
CUST10790,2025-02-02,1289.29
CUST10818,2021-07-10,1146.2
CUST10982,2023-03-11,662.72
CUST10681,2023-05-04,1216.18
CUST10945,2025-04-18,394.6
CUST10019,2023-06-17,140.71
CUST10948,2024-10-14,592.12
CUST10833,2024-05-29,4205.72
CUST10781,2022-10-18,645.93
CUST10555,2024-05-17,2180.19
CUST10230,2023-02-24,1018.27
CUST10466,2022-05-26,829.11
CUST10662,2024-07-17,1068.21
CUST10170,2024-10-21,394.05
CUST10276,2024-02-07,433.56
CUST10393,2025-07-25,894.76
CUST10098,2025-02-23,1453.89
CUST10099,2025-03-10,1532.97
CUST10985,2023-09-21,1685.37
CUST10050,2024-04-21,1300.6
CUST10606,2022-09-26,2145.88
CUST10120,2025-05-28,1916.73
CUST10572,2025-05-12,2547.64
CUST10323,2025-06-26,804.71
CUST10246,2023-11-09,2469.19
CUST10514,2023-09-02,118.12
CUST10223,2023-05-31,2374.01
CUST10952,2023-06-15,928.4
CUST10470,2025-05-14,715.57
CUST10869,2025-06-12,420.41
CUST10479,2022-04-02,267.48
CUST10152,2024-08-27,1004.25
CUST10342,2023-06-09,853.68
CUST10896,2024-08-01,2865.65
CUST10055,2021-05-04,863.66
CUST10994,2024-05-01,961.02
CUST10442,2023-09-28,1011.13
CUST10113,2021-09-08,221.91
CUST10995,2024-06-21,696.9
CUST10224,2024-09-10,1590.99
CUST10104,2025-04-07,1081.97
CUST10733,2025-01-03,558.14
CUST10323,2020-10-03,1188.55
CUST10905,2024-04-28,1195.37
CUST10129,2024-07-05,501.09
CUST10395,2023-02-19,290.55
CUST10661,2022-12-20,1213.26
CUST10750,2025-03-10,1158.57
CUST10722,2024-07-14,523.83
CUST10995,2021-02-03,4425.28
CUST10492,2025-01-04,603.01
CUST10040,2023-09-12,1353.49
CUST10284,2024-11-08,899.64
CUST10963,2023-09-16,1527.79
CUST10078,2023-06-26,522.5
CUST10799,2024-07-18,2138.01
CUST10225,2022-02-13,1690.84
CUST10101,2024-06-25,905.88
CUST10302,2024-12-16,913.97
CUST10183,2020-12-17,2643.53
CUST10991,2024-08-03,401.48
CUST10860,2023-06-01,827.2
CUST10067,2022-08-08,575.14
CUST10645,2024-11-13,717.49
CUST10033,2024-09-12,347.38
CUST10533,2025-06-24,390.52
CUST10055,2023-05-02,940.33
CUST10203,2025-03-13,1737.46
CUST10353,2024-05-16,1405.69
CUST10069,2025-07-22,1101.9
CUST10593,2025-02-28,1402.74
CUST10446,2025-06-10,62.79
CUST10770,2024-07-12,1724.02
CUST10710,2024-07-04,1133.63
CUST10916,2023-08-27,906.83
CUST10958,2025-06-07,787.36
CUST10566,2024-08-31,1389.92
CUST10825,2023-09-29,806.73
CUST10547,2025-04-11,611.4
CUST10467,2025-01-28,1277.11
CUST10234,2025-07-10,1141.45
CUST10599,2024-12-04,686.14
CUST10656,2022-06-27,85.46
CUST10064,2024-03-01,270.42
CUST10029,2024-09-29,1205.15
CUST10319,2022-08-25,320.94
CUST10864,2024-06-27,1307.44
CUST10034,2025-01-09,3026.94
CUST10818,2024-09-29,951.25
CUST10651,2023-12-15,1314.45
CUST10744,2023-09-19,1033.67
CUST10268,2024-03-30,198.26
CUST10081,2024-05-16,2338.59
CUST10235,2024-08-14,1060.7
CUST10805,2024-08-16,813.91
CUST10752,2021-10-09,307.43
CUST10462,2022-06-02,1802.97
CUST10356,2025-07-16,503.7
CUST10292,2023-11-23,2607.45
CUST10971,2025-05-26,546.31
CUST10587,2023-04-01,350.72
CUST10723,2024-05-11,491.39
CUST10306,2024-11-18,667.78
CUST10715,2024-08-26,426.6
CUST10274,2023-08-10,907.32
CUST10595,2024-06-03,1525.01
CUST10494,2024-02-16,1587.96
CUST10595,2023-07-31,1227.96
CUST10533,2024-07-16,1353.88
CUST10608,2021-08-12,1652.36
CUST10286,2024-11-16,305.87
CUST10965,2022-02-28,1648.78
CUST10533,2024-08-07,110.73
CUST10084,2025-04-04,375.48
CUST10679,2023-07-12,173.79
CUST10355,2024-08-10,1058.87
CUST10326,2021-10-17,229.3
CUST10966,2022-03-02,1121.88
CUST10757,2023-09-18,1792.14
CUST10828,2024-02-26,617.48
CUST10642,2024-12-18,125.64
CUST10402,2021-05-14,1422.82
CUST10065,2024-04-26,1912.85
CUST10602,2025-07-06,463.97
CUST10012,2023-02-23,735.19
CUST10182,2024-06-26,651.39
CUST10035,2021-09-05,371.8
CUST10079,2025-01-28,455.26
CUST10136,2021-08-26,358.91
CUST10401,2021-05-15,749.33
CUST10458,2023-08-21,662.17
CUST10854,2023-12-02,1257.21
CUST10822,2025-03-05,1540.88
CUST10346,2023-03-25,1218.04
CUST10888,2025-05-24,228.6
CUST10225,2022-05-11,1280.23
CUST10105,2023-11-03,322.14
CUST10809,2025-07-20,1210.99
CUST10918,2024-09-12,2027.71
CUST10233,2024-05-02,590.94
CUST10146,2023-11-11,2036.58
CUST10591,2024-02-25,1659.89
CUST10655,2025-07-22,758.16
CUST10045,2023-05-30,954.03
CUST10341,2023-04-10,750.3
CUST10987,2025-01-08,980.01
CUST10233,2021-05-05,993.87
CUST10974,2025-03-12,1490.53
CUST10710,2025-02-09,768.44
CUST10989,2022-07-11,210.23
CUST10402,2023-03-22,686.67
CUST10118,2023-12-23,1093.56
CUST10444,2021-12-05,230.62
CUST10328,2024-12-17,1306.38
CUST10058,2022-09-15,254.31
CUST10263,2022-11-22,1489.15
CUST10969,2024-04-16,394.43
CUST10535,2023-03-14,371.88
CUST10116,2025-06-19,4182.08
CUST10199,2025-06-17,460.38
CUST10158,2024-06-26,2309.14
CUST10038,2024-01-28,2414.97
CUST10412,2023-10-14,685.55
CUST10257,2022-02-15,747.12
CUST10696,2024-09-22,962.74
CUST10430,2024-12-10,1580.38
CUST10616,2024-02-15,1468.76
CUST10833,2023-04-01,302.93
CUST10163,2025-03-03,355.55
CUST10575,2022-08-11,1599.26
CUST10130,2024-11-20,938.48
CUST10829,2023-03-05,413.3
CUST10273,2024-12-10,997.21
CUST10584,2025-05-20,1558.58
CUST10019,2025-01-16,1563.76
CUST10530,2024-05-13,857.46
CUST10364,2024-11-12,812.09
CUST10371,2024-10-20,920.23
CUST10074,2025-03-01,884.07
CUST10463,2024-07-03,2497.6
CUST10956,2024-08-31,416.8
CUST10186,2024-09-14,549.82
CUST10637,2025-06-03,725.36
CUST10398,2025-07-13,341.38
CUST10934,2025-05-25,1079.25
CUST10264,2024-08-04,1100.19
CUST10285,2024-08-04,1246.26
CUST10993,2021-10-26,902.92
CUST10867,2021-09-02,1183.66
CUST10331,2022-03-21,189.89
CUST10669,2023-08-16,174.23
CUST10852,2023-08-10,633.66
CUST10478,2021-11-06,674.05
CUST10214,2024-11-15,3458.31
CUST10722,2021-04-03,1859.27
CUST10092,2022-11-21,425.41
CUST10361,2022-09-13,2115.22
CUST10481,2024-10-30,1758.91
CUST10708,2024-06-23,1527.59
CUST10851,2025-01-15,1316.36
CUST10381,2024-03-25,618.59
CUST10288,2024-10-12,969.98
CUST10971,2024-10-28,1511.71
CUST10623,2025-03-09,1124.87
CUST10135,2024-06-16,405.19
CUST10307,2023-03-08,841.47
CUST10703,2025-06-05,2246.52
CUST10709,2025-03-31,1544.78
CUST10010,2025-07-16,1098.74
CUST10427,2024-01-10,593.09
CUST10956,2024-06-03,1087.92
CUST10102,2022-04-02,1331.42
CUST10748,2024-01-08,1442.69
CUST10900,2025-05-27,1728.46
CUST10980,2024-01-16,269.49
CUST10601,2024-04-29,675.38
CUST10750,2025-04-17,488.07
CUST10937,2022-09-17,1039.26
CUST10832,2024-11-01,434.13
CUST10070,2025-05-24,1520.86
CUST10669,2025-03-20,1378.39
CUST10621,2025-06-15,1019.44
CUST10458,2024-05-10,1079.0
CUST10920,2023-06-04,1349.67
CUST10513,2024-03-01,97.67
CUST10588,2025-01-05,581.87
CUST10854,2022-11-02,1786.49
CUST10463,2025-04-15,1070.39
CUST10932,2025-06-23,323.93
CUST10948,2025-06-08,466.31
CUST10204,2025-02-11,294.57
CUST10953,2025-03-04,420.0
CUST10950,2024-04-08,968.01
CUST10279,2024-11-15,119.26
CUST10520,2025-02-10,691.01
CUST10282,2024-09-19,1489.9
CUST10983,2022-11-12,615.53
CUST10768,2024-11-24,459.04
CUST10522,2025-01-16,1544.77
CUST10448,2024-10-22,774.47
CUST10203,2024-10-03,867.61
CUST10264,2021-10-05,159.99
CUST10982,2023-10-10,236.87
CUST10483,2025-01-05,606.19
CUST10689,2023-10-18,954.48
CUST10092,2021-10-30,398.76
CUST10138,2024-02-11,2801.8
CUST10187,2025-05-10,664.64
CUST10561,2024-01-28,1835.35
CUST10244,2024-06-19,45.44
CUST10348,2025-03-15,1071.54
CUST10657,2023-01-15,957.89
CUST10279,2023-01-11,326.92
CUST10135,2025-05-22,2213.51
CUST10851,2025-04-28,1276.75
CUST10066,2025-03-08,635.81
CUST10516,2025-03-19,1404.54
CUST10794,2024-10-24,1104.46
CUST10139,2023-05-02,749.98
CUST10926,2023-03-26,519.78
CUST10876,2024-06-28,575.08
CUST10662,2024-08-11,1013.51
CUST10158,2023-10-27,1190.97
CUST10574,2022-09-24,2612.92
CUST10894,2025-04-22,657.88
CUST10428,2023-10-19,806.02
CUST10833,2022-07-24,314.64
CUST10028,2023-11-09,480.73
CUST10138,2024-05-04,1181.55
CUST10133,2023-08-26,379.04
CUST10691,2024-02-01,1390.25
CUST10800,2024-09-16,368.92
CUST10853,2025-06-09,558.95
CUST10005,2022-09-09,454.19
CUST10820,2023-05-15,1392.98
CUST10349,2023-07-10,353.5
CUST10218,2022-05-07,1052.94
CUST10328,2025-05-10,95.3
CUST10471,2024-04-29,930.2
CUST10345,2024-02-16,1757.48
CUST10606,2022-02-11,509.22
CUST10943,2024-12-08,672.37
CUST10488,2024-12-01,462.69
CUST10087,2024-07-07,330.05
CUST10595,2024-04-01,2378.66
CUST10739,2025-06-03,1229.89
CUST10775,2025-01-15,1357.4
CUST10799,2025-06-28,2474.44
CUST10887,2024-07-05,714.83
CUST10824,2024-05-13,987.58
CUST10254,2024-10-18,618.62
CUST10248,2022-10-30,332.52
CUST10475,2025-01-06,1607.54
CUST10074,2025-05-18,483.53
CUST10855,2025-01-24,540.35
CUST10769,2023-12-10,1185.48
CUST10696,2023-10-20,1885.55
CUST10615,2022-07-29,924.0
CUST10931,2021-12-11,1742.02
CUST10316,2024-12-29,907.72
CUST10745,2023-09-13,377.21
CUST10610,2025-03-19,334.25
CUST10822,2022-07-31,1742.52
CUST10802,2024-07-17,1206.89
CUST10940,2024-11-18,987.65
CUST10238,2023-01-04,948.37
CUST10924,2024-03-01,1669.75
CUST10392,2024-01-21,92.44
CUST10062,2023-09-15,1548.7
CUST10310,2025-01-09,1123.97
CUST10563,2025-05-22,443.69
CUST10660,2022-01-19,1078.1
CUST10397,2025-01-07,1474.93
CUST10109,2023-12-14,1146.32
CUST10421,2023-11-18,2705.28
CUST10835,2023-08-30,38.84
CUST10903,2024-02-11,637.92
CUST10000,2023-02-14,769.75
CUST10529,2024-06-24,1630.46
CUST10608,2022-12-24,456.67
CUST10965,2022-12-02,318.5
CUST10611,2024-01-29,657.4
CUST10297,2024-08-16,522.9
CUST10559,2021-08-20,2522.85
CUST10838,2024-03-07,657.46
CUST10692,2024-12-12,625.23
CUST10016,2024-02-27,991.55
CUST10286,2025-04-26,500.35
CUST10769,2025-04-07,339.07
CUST10063,2021-10-29,375.8
CUST10286,2024-07-29,935.64
CUST10210,2024-03-31,1002.58
CUST10385,2025-03-17,1339.71
CUST10935,2024-07-28,509.89
CUST10627,2025-06-30,1340.2
CUST10397,2025-02-17,1267.48
CUST10443,2024-07-09,976.03
CUST10248,2025-02-26,2039.86
CUST10374,2024-07-25,880.92
CUST10234,2022-07-19,612.02
CUST10090,2023-01-14,973.28
CUST10026,2025-05-22,383.43
CUST10097,2022-07-30,62.49
CUST10321,2024-03-17,1090.41
CUST10207,2023-04-21,1230.08
CUST10208,2024-06-23,1221.05
CUST10620,2024-09-19,781.23
CUST10161,2022-04-13,1267.66
CUST10980,2022-08-18,948.99
CUST10461,2025-02-14,204.83
CUST10361,2024-03-05,754.47
CUST10306,2025-04-17,784.59
CUST10932,2025-02-01,1277.7
CUST10869,2025-05-12,898.62
CUST10531,2025-04-09,1578.47
CUST10447,2025-07-08,1646.02
CUST10371,2025-07-15,722.71
CUST10433,2024-11-27,389.82
CUST10008,2025-05-30,689.02
CUST10627,2024-11-04,579.2
CUST10437,2022-04-17,2014.97
CUST10558,2024-09-27,75.47
CUST10934,2024-02-04,642.3
CUST10614,2023-04-17,281.19
CUST10059,2022-11-05,639.44
CUST10113,2021-10-27,2438.08
CUST10608,2023-12-08,473.58
CUST10691,2025-02-18,1893.38
CUST10384,2021-08-09,1055.46
CUST10480,2022-03-19,413.72
CUST10475,2024-02-21,235.88
CUST10745,2025-05-13,1091.43
CUST10989,2024-09-30,1926.85
CUST10021,2023-09-28,449.5
CUST10846,2024-06-01,546.69
CUST10094,2024-09-28,1815.58
CUST10048,2024-10-03,2146.11
CUST10614,2022-02-18,1567.33
CUST10514,2023-11-24,99.87
CUST10696,2023-08-19,542.93
CUST10325,2024-12-05,461.06
CUST10148,2023-09-01,105.24
CUST10811,2021-05-30,963.21
CUST10529,2024-04-20,942.01
CUST10334,2023-06-22,1189.82
CUST10180,2022-03-18,573.91
CUST10801,2024-08-27,857.31
CUST10482,2024-05-26,561.53
CUST10762,2024-08-27,948.8
CUST10041,2025-03-01,337.95
CUST10564,2025-03-15,1093.99
CUST10349,2024-05-25,250.11
CUST10212,2024-12-30,2039.59
CUST10124,2023-10-25,1284.98
CUST10797,2025-04-19,357.01
CUST10723,2023-04-13,854.78
CUST10916,2025-07-28,821.52
CUST10137,2023-10-13,664.02
CUST10634,2023-11-19,1184.77
CUST10562,2020-12-04,1156.04
CUST10235,2025-03-01,392.56
CUST10946,2025-07-08,737.88
CUST10370,2025-03-29,943.31
CUST10188,2024-11-28,596.58
CUST10073,2024-07-08,1282.9
CUST10477,2024-05-28,1389.58
CUST10398,2024-02-11,628.72
CUST10786,2024-06-16,576.05
CUST10546,2022-05-27,760.41
CUST10354,2024-07-25,901.63
CUST10645,2024-04-11,153.37
CUST10515,2023-12-02,112.87
CUST10595,2025-02-21,2663.01
CUST10330,2021-08-05,553.18
CUST10310,2022-02-28,613.56
CUST10553,2021-10-27,634.39
CUST10945,2025-05-15,759.71
CUST10648,2025-01-27,1024.44
CUST10863,2024-05-23,717.18
CUST10299,2023-12-18,498.1
CUST10465,2024-05-26,541.15
CUST10129,2025-01-15,1278.78
CUST10788,2024-06-17,514.82
CUST10645,2025-05-16,662.3
CUST10831,2022-05-08,382.38
CUST10197,2024-03-06,672.38
CUST10949,2022-03-17,1082.11
CUST10525,2024-07-03,1091.16
CUST10895,2022-05-24,616.74
CUST10257,2024-10-22,2414.39
CUST10895,2024-06-28,1162.97
CUST10679,2024-08-27,189.22
CUST10322,2023-05-14,879.36
CUST10327,2023-12-02,499.08
CUST10321,2024-10-21,497.85
CUST10552,2024-01-05,1973.14
CUST10275,2023-09-04,1506.4
CUST10899,2022-07-04,1176.48
CUST10082,2024-05-31,1594.74
CUST10892,2024-02-13,469.95
CUST10513,2023-06-09,534.81
CUST10241,2023-05-26,611.85
CUST10058,2023-03-07,1098.72
CUST10086,2024-02-27,342.24
CUST10055,2023-02-22,2666.24
CUST10907,2024-11-09,586.22
CUST10417,2024-06-05,337.06
CUST10961,2025-01-16,1510.03
CUST10398,2023-08-05,373.96
CUST10839,2024-09-24,1053.7
CUST10297,2021-01-26,423.23
CUST10875,2025-04-27,454.5
CUST10041,2025-02-24,591.11
CUST10721,2023-03-07,553.21
CUST10293,2025-01-29,275.85
CUST10496,2025-02-12,649.88
CUST10436,2023-06-14,722.3
CUST10928,2023-11-04,460.88
CUST10332,2023-01-08,1084.21
CUST10487,2025-07-25,594.3
CUST10517,2024-08-29,2061.99
CUST10486,2025-06-23,1347.57
CUST10506,2022-05-22,1531.63
CUST10557,2025-04-27,743.47
CUST10107,2025-05-07,1578.21
CUST10502,2024-05-29,310.28
CUST10240,2025-06-08,1778.7
CUST10642,2023-03-19,1392.82
CUST10075,2024-09-24,522.08
CUST10695,2023-08-06,250.1
CUST10528,2022-01-16,350.27
CUST10977,2024-02-07,173.16
CUST10809,2024-06-30,371.79
CUST10382,2022-01-27,2388.53
CUST10263,2024-04-08,419.43
CUST10774,2025-01-22,697.96
CUST10868,2025-07-13,513.24
CUST10927,2025-04-13,648.91
CUST10139,2023-10-03,1833.77
CUST10411,2025-01-02,524.33
CUST10260,2022-09-03,492.38
CUST10069,2024-11-25,807.91
CUST10651,2025-02-16,234.39
CUST10820,2024-10-02,247.36
CUST10721,2024-11-23,1747.31
CUST10404,2023-04-03,446.75
CUST10792,2025-02-11,2491.76
CUST10445,2025-07-19,2818.52
CUST10257,2022-06-14,1811.37
CUST10286,2024-10-10,97.18
CUST10902,2023-11-10,1485.5
CUST10875,2025-02-26,1078.2
CUST10502,2022-11-07,566.42
CUST10280,2023-06-06,821.55
CUST10896,2023-11-10,547.53
CUST10593,2023-11-15,290.83
CUST10788,2023-03-04,1123.2
CUST10205,2023-06-14,104.65
CUST10368,2023-12-31,908.39
CUST10753,2023-03-03,1907.88
CUST10323,2022-04-20,290.93
CUST10365,2023-12-16,371.4
CUST10077,2022-08-22,563.56
CUST10714,2024-03-14,662.59
CUST10986,2024-06-22,831.78
CUST10180,2021-12-31,699.45
CUST10689,2022-11-02,980.32
CUST10496,2025-05-16,677.78
CUST10325,2024-12-01,267.39
CUST10024,2024-01-07,1336.21
CUST10766,2025-02-28,568.47
CUST10337,2023-12-18,565.57
CUST10693,2024-12-26,1081.72
CUST10329,2024-02-14,1655.88
CUST10315,2025-03-29,1814.51
CUST10695,2024-04-06,269.08
CUST10661,2025-04-16,153.31
CUST10389,2021-11-05,145.28
CUST10092,2022-05-24,874.41
CUST10202,2022-10-28,537.59
CUST10532,2022-06-12,648.56
CUST10990,2024-07-05,260.28
CUST10757,2025-04-07,847.03
CUST10720,2025-06-14,406.43
CUST10326,2023-08-19,277.12
CUST10477,2023-06-26,932.31
CUST10647,2025-07-27,925.44
CUST10498,2024-12-10,1054.48
CUST10590,2025-03-18,1217.69
CUST10398,2024-01-20,809.63
CUST10529,2024-12-10,2612.1
CUST10938,2025-05-12,2185.81
CUST10744,2022-10-31,870.45
CUST10658,2025-05-01,1682.47
CUST10844,2024-05-23,2367.7
CUST10125,2022-12-07,1260.99
CUST10804,2025-07-05,213.61
CUST10833,2025-05-02,181.57
CUST10523,2025-01-09,1009.83
CUST10020,2025-03-10,1527.42
CUST10599,2024-09-14,333.76
CUST10666,2024-08-06,1350.55
CUST10203,2025-03-09,1419.41
CUST10640,2025-04-03,1195.98
CUST10220,2023-02-16,1090.38
CUST10530,2024-01-06,377.56
CUST10201,2025-06-11,441.71
CUST10328,2024-06-29,1393.81
CUST10887,2021-10-15,45.08
CUST10065,2023-07-03,1373.36
CUST10056,2025-04-11,1143.06
CUST10985,2024-06-21,936.68
CUST10208,2024-01-01,1249.83
CUST10672,2024-08-11,1363.85
CUST10305,2024-11-27,518.98
CUST10173,2024-01-26,814.49
CUST10183,2025-03-02,537.43
CUST10633,2024-08-05,227.88
CUST10288,2025-06-19,1171.03
CUST10030,2023-08-17,537.68
CUST10645,2025-07-20,114.54
CUST10797,2023-04-20,882.38
CUST10882,2020-11-10,447.4
CUST10831,2021-10-27,411.6
CUST10154,2022-07-14,1122.22
CUST10745,2025-07-12,223.9
CUST10973,2024-04-30,1704.87
CUST10259,2024-11-28,1179.21
CUST10686,2023-01-21,956.37
CUST10054,2023-03-19,1507.43
CUST10253,2023-05-15,619.54
CUST10003,2023-05-19,2285.81
CUST10548,2022-06-12,1532.98
CUST10292,2023-03-14,811.92
CUST10095,2023-02-14,2779.89
CUST10071,2023-07-31,690.14
CUST10622,2025-03-19,393.37
CUST10938,2024-08-07,758.84
CUST10976,2025-04-08,485.87
CUST10312,2024-11-30,1280.58
CUST10716,2024-09-08,825.87
CUST10940,2022-12-16,101.9
CUST10226,2022-12-10,973.96
CUST10471,2024-08-18,739.61
CUST10138,2025-05-25,1616.83
CUST10755,2023-10-14,2450.04
CUST10449,2024-03-11,549.25
CUST10747,2024-01-27,383.37
CUST10399,2024-06-20,911.62
CUST10104,2025-04-26,433.81
CUST10882,2022-04-05,623.3
CUST10125,2023-06-30,663.05
CUST10859,2025-05-19,1320.54
CUST10066,2025-05-15,970.99
CUST10649,2021-10-05,1045.53
CUST10025,2025-03-09,2546.61
CUST10019,2023-05-03,1201.98
CUST10539,2021-07-03,1921.31
CUST10307,2023-09-10,986.39
CUST10078,2024-01-04,172.9
CUST10261,2021-02-13,343.92
CUST10632,2024-06-08,946.94
CUST10837,2025-06-18,764.6
CUST10470,2024-08-25,928.49
CUST10963,2022-05-29,913.82
CUST10606,2022-12-26,460.94
CUST10949,2023-07-18,284.44
CUST10650,2023-09-22,963.64
CUST10775,2025-03-16,1410.6
CUST10115,2023-07-11,320.1
CUST10349,2023-08-15,179.55
CUST10587,2022-02-17,851.25
CUST10820,2025-07-10,1039.12
CUST10275,2024-12-19,1074.29
CUST10494,2023-01-18,1481.71
CUST10535,2023-07-30,1678.51
CUST10707,2023-05-26,1060.81
CUST10324,2023-06-23,221.91
CUST10125,2023-10-04,1017.83
CUST10560,2025-02-15,233.04
CUST10072,2025-04-27,827.53
CUST10043,2024-12-18,2729.15
CUST10233,2025-03-08,253.24
CUST10993,2025-02-26,449.48
CUST10497,2025-07-24,848.04
CUST10486,2024-07-02,1412.84
CUST10759,2025-07-13,1099.99
CUST10216,2023-02-06,1702.92
CUST10394,2024-03-09,72.7
CUST10585,2024-07-27,3013.13
CUST10482,2025-02-21,958.42
CUST10377,2025-01-24,1073.12
CUST10029,2025-02-27,255.11
CUST10811,2024-03-29,717.36
CUST10515,2022-01-20,2032.2
CUST10378,2024-04-01,136.94
CUST10257,2025-07-11,229.5
CUST10546,2022-07-17,473.93
CUST10786,2024-10-14,1198.89
CUST10958,2023-06-26,136.41
CUST10194,2024-09-15,402.21
CUST10830,2025-01-31,2179.67
CUST10277,2024-02-14,2155.84
CUST10607,2023-06-19,1218.45
CUST10658,2023-09-30,69.81
CUST10186,2024-03-14,2205.6
CUST10633,2023-05-22,546.84
CUST10549,2023-07-31,887.27
CUST10738,2023-06-12,243.28
CUST10513,2025-06-29,1234.97
CUST10205,2025-02-15,967.58
CUST10302,2025-05-23,282.78
CUST10637,2024-10-19,469.08
CUST10009,2025-07-23,187.9
CUST10747,2025-07-12,958.4
CUST10287,2022-09-21,798.65
CUST10238,2023-05-27,488.83
CUST10534,2024-03-25,191.34
CUST10795,2023-10-13,193.64
CUST10124,2024-02-08,1955.03
CUST10386,2025-07-29,348.5
CUST10442,2024-09-17,280.75
CUST10152,2025-07-11,2479.6
CUST10245,2022-11-16,901.23
CUST10371,2024-04-25,256.11
CUST10206,2024-03-25,2068.59
CUST10462,2022-01-08,2069.7
CUST10313,2024-03-24,1621.85
CUST10580,2023-05-15,411.19
CUST10151,2022-05-07,1491.96
CUST10614,2022-08-02,330.03
CUST10572,2024-11-11,1060.8
CUST10671,2024-05-04,2212.38
CUST10668,2024-02-09,875.06
CUST10903,2025-06-26,492.5
CUST10915,2023-07-26,192.02
CUST10635,2023-11-26,1019.63
CUST10454,2024-07-22,665.32
CUST10400,2021-03-06,1437.88
CUST10477,2022-12-28,922.19
CUST10626,2024-12-08,1596.99
CUST10662,2024-11-15,1082.69
CUST10005,2022-07-24,117.36
CUST10426,2024-10-06,182.81
CUST10117,2025-07-27,2064.87
CUST10518,2021-01-08,1567.4
CUST10095,2025-05-07,293.74
CUST10944,2024-09-05,889.81
CUST10445,2024-11-22,685.44
CUST10355,2021-10-16,2702.72
CUST10750,2023-06-20,585.02
CUST10797,2024-08-23,1074.88
CUST10949,2023-03-11,853.77
CUST10701,2024-09-15,451.88
CUST10027,2024-07-07,510.0
CUST10406,2024-11-05,621.38
CUST10822,2024-06-15,1800.27
CUST10599,2025-01-21,2261.09
CUST10683,2024-06-22,350.33
CUST10535,2024-05-02,453.23
CUST10134,2024-12-24,385.6
CUST10234,2022-07-17,842.1
CUST10626,2024-08-28,882.36
CUST10555,2023-02-01,972.26
CUST10072,2024-02-15,898.65
CUST10966,2025-03-13,806.5
CUST10309,2025-01-12,1352.15
CUST10544,2022-12-23,860.76
CUST10684,2023-11-23,503.12
CUST10090,2023-10-10,1695.39
CUST10866,2022-11-21,1646.09
CUST10973,2024-10-03,591.85
CUST10616,2024-11-08,1660.37
CUST10023,2025-05-12,601.88
CUST10767,2025-02-05,1499.83
CUST10588,2023-04-23,2395.9
CUST10869,2024-01-10,349.74
CUST10791,2024-07-28,368.26
CUST10394,2024-02-20,1301.83
CUST10621,2023-04-15,128.16
CUST10801,2025-07-26,547.88
CUST10649,2025-05-30,838.1
CUST10846,2024-06-17,447.93
CUST10550,2023-03-27,765.23
CUST10861,2023-12-12,892.17
CUST10355,2020-11-22,525.74
CUST10385,2023-10-09,191.47
CUST10955,2025-01-12,242.17
CUST10661,2023-04-24,1534.99
CUST10805,2024-10-23,868.94
CUST10864,2021-12-30,1502.06
CUST10771,2024-06-11,675.53
CUST10626,2024-01-05,417.19
CUST10545,2024-05-16,632.07
CUST10501,2025-05-11,1214.93
CUST10768,2024-12-01,1147.33
CUST10716,2025-06-01,822.58
CUST10093,2024-06-21,930.49
CUST10876,2025-05-08,669.57
CUST10141,2023-08-24,1628.93
CUST10772,2023-06-30,957.92
CUST10693,2024-06-19,571.94
CUST10957,2024-11-23,444.19
CUST10342,2023-01-13,378.09
CUST10070,2024-09-16,203.04
CUST10689,2023-11-24,399.96
CUST10344,2022-03-28,1074.71
CUST10538,2024-11-08,2322.43
CUST10136,2024-12-26,2141.39
CUST10287,2024-07-14,1906.83
CUST10818,2021-07-17,1106.83
CUST10922,2025-03-16,906.48
CUST10549,2024-12-17,926.5
CUST10788,2025-04-19,1235.16
CUST10852,2024-08-11,656.08
CUST10955,2022-09-10,482.28
CUST10186,2025-05-31,1590.07
CUST10681,2022-03-06,264.04
CUST10525,2022-05-13,420.53
CUST10595,2023-10-23,482.01
CUST10975,2021-10-13,150.04
CUST10161,2024-01-10,400.85
CUST10688,2025-05-21,220.25
CUST10659,2024-07-15,437.52
CUST10833,2024-04-02,343.41
CUST10740,2025-01-08,1152.66
CUST10237,2024-10-26,755.94
CUST10641,2022-06-23,1019.19
CUST10002,2025-03-03,853.49
CUST10756,2023-07-20,2762.35
CUST10774,2024-03-12,249.23
CUST10133,2022-07-26,110.42
CUST10633,2025-01-08,2214.23
CUST10285,2023-11-01,1632.43
CUST10738,2023-07-23,1462.34
CUST10859,2024-12-27,1046.28
CUST10440,2024-10-16,1042.93
CUST10252,2021-03-14,697.95
CUST10649,2023-01-28,1525.13
CUST10005,2023-12-05,3137.59
CUST10352,2023-03-25,1026.05
CUST10959,2022-02-05,785.62
CUST10966,2023-06-24,1338.33
CUST10556,2021-10-25,514.39
CUST10370,2025-02-23,1957.96
CUST10139,2023-11-15,66.93
CUST10332,2023-01-09,210.42
CUST10233,2020-12-12,313.87
CUST10090,2024-04-25,525.04
CUST10988,2024-11-24,1567.14
CUST10172,2025-04-25,451.83
CUST10450,2024-02-12,886.04
CUST10386,2024-10-14,140.44
CUST10484,2024-10-03,543.64
CUST10893,2023-09-07,1537.95
CUST10220,2023-04-30,257.69
CUST10435,2025-01-01,1179.05
CUST10427,2023-11-29,1572.91
CUST10289,2024-05-31,275.82
CUST10418,2024-03-16,540.04
CUST10793,2024-05-21,96.49
CUST10420,2021-03-22,834.46
CUST10118,2025-06-07,840.14
CUST10373,2023-03-18,640.08
CUST10826,2023-08-01,954.57
CUST10253,2021-02-24,492.94
CUST10566,2023-10-20,1013.63
CUST10123,2021-03-30,1286.17
CUST10934,2023-04-13,446.3
CUST10063,2021-11-16,747.15
CUST10883,2024-12-02,751.52
CUST10909,2024-09-06,205.9
CUST10494,2023-12-28,820.04
CUST10278,2024-05-22,1073.08
CUST10490,2024-04-22,750.58
CUST10787,2024-05-09,282.73
CUST10929,2023-02-11,1445.77
CUST10602,2023-10-14,832.7
CUST10872,2023-01-14,1033.73
CUST10436,2025-02-05,938.22
CUST10720,2025-01-14,828.17
CUST10192,2024-09-01,1432.89
CUST10226,2025-03-22,569.43
CUST10178,2022-12-07,485.31
CUST10218,2024-08-16,877.96
CUST10644,2023-12-13,481.12
CUST10180,2023-06-01,352.18
CUST10482,2024-07-26,849.84
CUST10694,2022-10-25,773.42
CUST10798,2023-05-03,1134.94
CUST10749,2023-05-06,1558.57
CUST10527,2025-05-11,1059.81
CUST10489,2024-07-14,1107.18
CUST10631,2025-04-03,2506.63
CUST10173,2023-02-09,1256.43
CUST10076,2023-11-28,520.59
CUST10712,2025-02-14,1050.42
CUST10404,2023-05-23,1818.26
CUST10308,2024-08-25,1558.84
CUST10859,2022-09-06,1927.95
CUST10548,2025-01-25,699.03
CUST10114,2024-12-18,853.15
CUST10432,2023-03-26,1143.03
CUST10695,2021-08-12,643.25
CUST10465,2024-10-08,3158.14
CUST10024,2024-01-07,642.63
CUST10260,2025-02-04,275.54
CUST10983,2025-06-24,850.21
CUST10745,2024-02-22,570.18
CUST10631,2024-10-12,482.5
CUST10819,2024-12-24,1294.83
CUST10370,2025-01-30,717.4
CUST10234,2024-08-11,518.64
CUST10411,2025-03-27,1863.88
CUST10013,2023-07-26,1331.9
CUST10135,2025-03-03,1299.77
CUST10755,2023-05-04,2152.71
CUST10561,2023-11-06,996.89
CUST10487,2024-12-03,745.25
CUST10634,2024-01-13,338.39
CUST10837,2021-12-29,1098.64
CUST10063,2025-05-19,907.57
CUST10873,2023-11-28,198.55
CUST10785,2023-10-30,413.31
CUST10337,2025-05-08,423.11
CUST10831,2024-09-22,1104.42
CUST10766,2023-07-27,657.41
CUST10905,2024-09-22,604.07
CUST10432,2024-09-05,2133.16
CUST10354,2024-12-17,2754.05
CUST10361,2024-12-30,2990.84
CUST10902,2024-10-30,933.45
CUST10820,2024-09-14,1048.51
CUST10191,2024-09-10,908.02
CUST10811,2023-01-03,1009.26
CUST10078,2024-07-27,360.2
CUST10373,2021-12-17,1234.73
CUST10772,2024-10-27,437.42
CUST10082,2025-01-20,154.84
CUST10057,2021-10-17,124.62
CUST10037,2025-02-06,1211.91
CUST10129,2025-07-22,1832.82
CUST10297,2024-07-03,1054.17
CUST10648,2022-11-22,203.52
CUST10877,2024-09-16,841.77
CUST10165,2024-10-24,376.36
CUST10733,2024-10-31,3633.0
CUST10215,2023-01-02,250.71
CUST10207,2022-11-01,740.47
CUST10134,2025-04-05,250.25
CUST10926,2023-06-05,637.16
CUST10770,2024-09-27,828.86
CUST10567,2025-06-10,386.76
CUST10778,2024-05-21,956.02
CUST10398,2023-12-18,1628.09
CUST10939,2024-07-29,479.76
CUST10406,2021-04-22,545.03
CUST10341,2024-10-11,146.13
CUST10687,2023-09-23,801.04
CUST10542,2023-01-17,709.7
CUST10444,2021-08-14,217.8
CUST10073,2024-08-30,503.03
CUST10600,2022-01-22,68.01
CUST10942,2023-05-16,1568.72
CUST10671,2023-04-05,195.78
CUST10400,2025-05-07,500.71
CUST10365,2023-10-19,1945.58
CUST10149,2021-11-05,767.75
CUST10150,2023-08-05,1176.78
CUST10744,2021-10-12,327.04
CUST10652,2024-04-18,1454.5
CUST10123,2021-09-13,184.03
CUST10237,2024-11-03,1666.33
CUST10936,2024-10-14,814.72
CUST10322,2023-02-12,1200.97
CUST10648,2025-06-05,896.95
CUST10466,2022-01-27,836.18
CUST10991,2025-01-20,1296.23
CUST10531,2024-02-15,932.0
CUST10391,2025-02-28,296.05
CUST10356,2023-12-01,149.67
CUST10788,2024-09-01,966.18
CUST10962,2023-12-12,898.07
CUST10748,2024-08-04,2058.24
CUST10225,2024-12-18,79.49
CUST10522,2023-11-13,97.75
CUST10134,2024-01-18,1430.87
CUST10182,2022-08-15,982.66
CUST10180,2022-11-13,949.49
CUST10275,2023-09-01,259.04
CUST10301,2024-08-13,299.27
CUST10241,2022-05-11,1371.49
CUST10232,2024-12-24,926.43
CUST10734,2024-03-30,1382.68
CUST10487,2024-04-25,730.48
CUST10159,2022-11-24,1045.92
CUST10914,2023-09-03,57.44
CUST10779,2023-06-26,2033.62
CUST10168,2023-10-04,381.88
CUST10358,2025-01-15,949.75
CUST10149,2021-12-17,590.55
CUST10647,2024-09-22,828.69
CUST10606,2024-11-13,1049.09
CUST10731,2021-10-08,3577.67
CUST10276,2023-12-03,1091.38
CUST10616,2022-06-20,492.76
CUST10477,2023-09-20,390.16
CUST10293,2025-04-08,153.49
CUST10157,2024-05-17,1125.51
CUST10053,2023-11-21,1632.91
CUST10277,2023-01-08,2136.69
CUST10300,2025-01-28,849.0
CUST10301,2024-05-20,1698.58
CUST10829,2024-04-16,741.82
CUST10233,2021-06-25,1051.28
CUST10096,2023-10-09,1069.06
CUST10752,2025-07-20,1904.27
CUST10582,2025-05-20,193.55
CUST10341,2022-07-15,1031.23
CUST10684,2024-04-24,511.95
CUST10764,2024-04-17,952.13
CUST10153,2023-05-14,2335.25
CUST10084,2025-05-02,1671.27
CUST10647,2023-08-03,182.8
CUST10782,2022-07-04,1135.95
CUST10889,2025-02-17,241.77
CUST10916,2022-04-25,696.57
CUST10927,2024-08-09,152.16
CUST10878,2025-04-06,492.27
CUST10289,2023-07-06,1791.43
CUST10632,2024-03-24,196.77
CUST10816,2024-03-19,1080.08
CUST10957,2025-05-26,1226.88
CUST10291,2024-08-24,1523.95
CUST10282,2024-10-09,518.98
CUST10759,2024-12-15,1542.19
CUST10934,2024-04-04,1658.32
CUST10506,2022-08-12,2081.51
CUST10338,2025-02-20,382.58
CUST10343,2022-11-12,2416.13
CUST10429,2022-12-23,416.61
CUST10457,2024-06-02,709.42
CUST10006,2023-10-13,825.7
CUST10037,2022-05-04,1908.76
CUST10708,2024-12-19,835.06
CUST10753,2024-09-21,750.73
CUST10307,2024-02-04,648.04
CUST10043,2024-10-24,136.85
CUST10393,2025-04-02,203.18
CUST10656,2025-04-09,1276.73
CUST10435,2022-05-14,1192.85
CUST10140,2024-03-20,105.15
CUST10540,2024-07-30,206.08
CUST10300,2022-02-25,322.3
CUST10726,2023-11-21,834.53
CUST10119,2024-12-06,986.06
CUST10660,2024-11-04,995.99
CUST10431,2022-11-22,884.47
CUST10495,2021-05-29,491.13
CUST10691,2024-06-21,387.06
CUST10412,2025-07-13,1649.77
CUST10994,2023-12-14,1316.94
CUST10127,2021-09-08,217.31
CUST10501,2024-10-06,955.38
CUST10106,2025-03-07,325.11
CUST10769,2023-02-25,1074.96
CUST10883,2024-09-25,1078.99
CUST10975,2024-01-07,572.13
CUST10804,2024-06-08,1040.72
CUST10701,2024-11-17,48.98
CUST10068,2022-10-18,441.96
CUST10586,2023-12-26,904.42
CUST10427,2024-07-09,774.84
CUST10461,2023-08-10,734.98
CUST10313,2024-10-25,1105.16
CUST10970,2023-06-03,1078.79
CUST10953,2023-02-23,1196.39
CUST10726,2023-05-18,147.17
CUST10657,2024-01-06,257.13
CUST10243,2024-01-04,339.54
CUST10565,2024-06-13,709.7
CUST10626,2024-09-21,388.32
CUST10995,2022-03-07,752.33
CUST10841,2024-03-19,1401.6
CUST10275,2023-09-04,80.13
CUST10767,2024-11-28,174.24
CUST10029,2024-12-29,1121.13
CUST10279,2024-08-03,2182.33
CUST10976,2024-10-14,622.9
CUST10136,2022-06-05,777.37
CUST10298,2024-03-26,1502.36
CUST10846,2024-11-08,720.8
CUST10896,2022-11-14,1301.42
CUST10792,2023-04-29,685.72
CUST10822,2022-05-19,646.91
CUST10470,2023-09-06,1362.28
CUST10146,2024-11-14,525.68
CUST10656,2022-05-13,366.05
CUST10294,2025-05-15,308.87
CUST10706,2024-12-15,1184.01
CUST10643,2021-08-04,641.4
CUST10454,2022-03-22,905.7
CUST10167,2022-12-24,672.27
CUST10437,2024-11-26,734.33
CUST10307,2021-09-21,1543.06
CUST10733,2025-04-01,1171.58
CUST10682,2022-02-18,663.67
CUST10931,2023-07-11,814.65
CUST10724,2020-09-02,956.37
CUST10275,2025-04-23,862.74
CUST10209,2024-11-23,1038.34
CUST10908,2025-05-12,237.06
CUST10169,2021-12-20,1816.41
CUST10699,2023-06-28,1153.2
CUST10243,2023-08-19,1181.39
CUST10121,2024-06-05,1135.63
CUST10403,2024-01-25,961.29
CUST10999,2025-05-20,377.81
CUST10017,2024-05-15,702.66
CUST10501,2024-05-25,1019.52
CUST10591,2025-04-18,164.78
CUST10154,2024-04-03,468.82
CUST10665,2023-04-29,1744.75
CUST10397,2024-05-04,537.36
CUST10313,2023-11-14,224.41
CUST10816,2023-10-28,3967.33
CUST10251,2023-10-03,1086.27
CUST10376,2023-01-20,1026.55
CUST10150,2025-04-19,2099.33
CUST10926,2022-07-29,1704.59
CUST10164,2023-12-05,1486.81
CUST10561,2025-05-24,1295.01
CUST10424,2024-12-22,1172.99
CUST10462,2023-09-20,313.85
CUST10381,2024-01-18,1405.53
CUST10129,2024-02-20,2153.99
CUST10555,2025-06-20,1718.21
CUST10491,2022-05-06,778.75
CUST10301,2023-01-13,2023.53
CUST10880,2021-05-19,770.12
CUST10277,2024-05-12,357.12
CUST10426,2023-03-27,430.43
CUST10616,2024-03-20,623.81
CUST10831,2023-09-15,674.54
CUST10568,2023-01-05,1372.31
CUST10972,2025-01-04,820.48
CUST10459,2023-11-24,604.13
CUST10977,2024-02-10,1175.96
CUST10439,2023-09-27,86.6
CUST10929,2024-11-16,1065.26
CUST10349,2024-06-17,582.36
CUST10145,2025-07-29,1045.41
CUST10620,2025-05-17,622.06
CUST10379,2022-05-22,523.67
CUST10803,2023-12-10,1613.71
CUST10026,2023-04-02,478.5
CUST10514,2025-07-07,411.59
CUST10613,2025-05-13,486.89
CUST10293,2024-11-20,1873.25
CUST10113,2024-02-23,915.11
CUST10331,2024-01-11,1883.54
CUST10243,2021-08-27,734.07
CUST10837,2021-04-30,1283.88
CUST10386,2025-03-07,322.99
CUST10908,2025-02-06,491.4
CUST10740,2024-02-27,387.02
CUST10861,2022-06-26,881.38
CUST10014,2025-06-01,952.77
CUST10230,2025-04-24,278.13
CUST10930,2023-04-15,634.0
CUST10811,2024-05-16,358.51
CUST10304,2025-02-09,440.51
CUST10714,2024-02-16,967.12
CUST10745,2025-06-16,592.76
CUST10869,2024-01-16,649.7
CUST10616,2022-05-20,618.35
CUST10952,2023-07-07,1704.11
CUST10129,2024-10-23,695.57
CUST10350,2025-02-21,399.49
CUST10191,2025-02-14,870.04
CUST10394,2024-03-02,289.92
CUST10803,2023-08-21,942.96
CUST10676,2025-05-17,2737.47
CUST10495,2021-03-10,1124.96
CUST10180,2022-08-23,3469.84
CUST10121,2024-11-11,310.75
CUST10713,2023-12-26,1030.74
CUST10459,2025-04-06,612.38
CUST10863,2024-06-07,272.14
CUST10879,2020-12-16,222.82
CUST10197,2023-10-10,850.05
CUST10923,2025-02-06,1257.58
CUST10773,2025-06-28,1038.35
CUST10659,2024-04-27,474.7
CUST10660,2021-10-05,2548.45
CUST10749,2022-08-28,285.13
CUST10879,2023-04-26,2509.36
CUST10486,2024-11-02,1003.5
CUST10120,2024-10-18,1426.06
CUST10070,2023-03-19,560.65
CUST10089,2020-11-26,1394.58
CUST10619,2024-11-14,489.5
CUST10373,2022-04-04,869.2
CUST10748,2021-02-17,667.21
CUST10488,2025-04-26,2892.83
CUST10977,2023-12-07,1806.12
CUST10584,2024-05-08,433.54
CUST10742,2025-07-15,2279.33
CUST10321,2023-09-18,2456.45
CUST10562,2024-11-04,332.68
CUST10463,2025-01-27,618.05
CUST10864,2025-07-06,324.74
CUST10439,2023-10-10,159.18
CUST10381,2024-09-16,434.98
CUST10186,2025-03-01,1497.9
CUST10221,2021-05-20,43.96
CUST10385,2022-10-02,2238.36
CUST10507,2023-10-26,2419.64
CUST10072,2022-06-20,467.37
CUST10837,2021-04-10,925.12
CUST10550,2024-06-08,96.15
CUST10509,2025-05-31,394.95
CUST10891,2025-01-31,468.1
CUST10345,2025-05-10,2004.36
CUST10554,2023-04-30,174.48
CUST10890,2024-01-21,331.53
CUST10774,2023-09-15,1163.84
CUST10009,2023-04-22,1426.69
CUST10329,2024-08-08,464.24
CUST10703,2025-02-03,459.76
CUST10424,2025-03-23,1632.45
CUST10091,2024-05-03,1077.35
CUST10725,2024-01-08,1452.59
CUST10360,2024-01-16,295.42
CUST10648,2024-06-12,444.3
CUST10381,2024-11-15,1387.44
CUST10710,2024-04-10,1045.56
CUST10128,2023-02-16,269.15
CUST10946,2025-06-27,270.92
CUST10117,2024-12-10,1223.8
CUST10284,2024-08-21,2458.6
CUST10531,2025-03-03,245.44
CUST10803,2025-02-15,969.02
CUST10208,2024-04-20,1270.66
CUST10414,2024-08-27,997.38
CUST10137,2024-09-17,911.3
CUST10564,2024-01-20,4432.9
CUST10767,2024-04-18,362.75
CUST10311,2025-06-03,1397.54
CUST10325,2024-01-05,865.87
CUST10539,2022-02-28,92.71
CUST10578,2022-10-23,894.44
CUST10785,2024-05-25,1563.68
CUST10916,2025-05-30,965.23
CUST10141,2025-01-12,1267.4
CUST10607,2024-10-06,895.81
CUST10069,2022-09-23,1705.65
CUST10214,2024-12-30,821.89
CUST10376,2022-06-10,1637.66
CUST10959,2024-06-07,410.73
CUST10868,2024-05-16,960.42
CUST10485,2025-02-13,4830.62
CUST10740,2022-10-12,579.49
CUST10679,2024-01-30,497.04
CUST10096,2023-11-10,1527.69
CUST10714,2024-05-15,882.26
CUST10048,2024-08-28,2635.53
CUST10985,2024-01-09,560.19
CUST10625,2023-11-17,706.76
CUST10059,2022-06-10,561.93
CUST10683,2024-12-11,2958.4
CUST10986,2021-12-25,692.28
CUST10387,2025-04-07,1532.55
CUST10177,2024-02-12,466.41
CUST10256,2023-08-25,600.67
CUST10512,2024-10-21,621.99
CUST10782,2025-01-21,2693.55
CUST10510,2023-06-20,3402.78
CUST10535,2023-02-20,1082.07
CUST10890,2025-02-17,1725.75
CUST10741,2022-12-12,17.29
CUST10895,2024-07-25,475.37
CUST10599,2024-08-01,463.37
CUST10988,2023-10-01,1609.71
CUST10173,2024-10-08,1335.06
CUST10974,2025-06-18,1709.98
CUST10386,2024-12-11,1335.19
CUST10671,2023-09-15,1708.0
CUST10856,2025-02-22,255.3
CUST10855,2025-06-29,353.95
CUST10553,2024-06-24,62.51
CUST10951,2023-12-10,1499.3
CUST10141,2022-10-24,1226.51
CUST10802,2023-12-02,1283.99
CUST10827,2024-08-29,507.42
CUST10877,2023-07-02,455.7
CUST10123,2024-06-18,902.17
CUST10449,2022-12-25,1374.7
CUST10129,2024-05-17,188.47
CUST10969,2024-07-05,221.5
CUST10902,2024-12-06,1143.92
CUST10054,2024-11-07,1700.86
CUST10079,2021-11-23,444.98
CUST10764,2023-05-25,2414.61
CUST10473,2024-05-20,745.37
CUST10142,2024-01-16,1463.39
CUST10220,2022-02-07,1422.86
CUST10556,2021-09-08,1754.67
CUST10174,2025-01-23,1051.87
CUST10092,2021-08-18,550.36
CUST10187,2025-02-18,323.83
CUST10316,2025-01-30,392.53
CUST10258,2023-03-31,1985.98
CUST10844,2023-11-08,463.71
CUST10709,2025-02-05,801.22
CUST10744,2022-03-28,481.23
CUST10753,2023-09-08,424.66
CUST10450,2024-10-20,389.65
CUST10475,2025-02-26,2231.61
CUST10604,2023-08-08,724.11
CUST10964,2023-09-09,956.03
CUST10511,2024-06-24,1264.06
CUST10636,2024-07-06,299.62
CUST10054,2021-07-30,1195.2
CUST10627,2025-07-04,1294.0
CUST10511,2025-04-06,1267.21
CUST10298,2024-09-23,2112.29
CUST10332,2024-10-31,548.65
CUST10159,2023-06-15,1294.94
CUST10644,2024-05-11,291.84
CUST10491,2022-10-07,666.08
CUST10260,2024-12-10,1736.94
CUST10237,2025-01-14,419.77
CUST10459,2023-02-28,152.3
CUST10743,2021-02-24,360.68
CUST10354,2025-02-01,501.04
CUST10043,2023-07-11,1508.23
CUST10667,2024-12-29,548.96
CUST10403,2023-06-17,496.59
CUST10315,2023-06-30,712.09
CUST10290,2022-11-15,716.4
CUST10530,2022-11-24,3374.43
CUST10402,2020-11-04,310.26
CUST10587,2022-06-24,1408.2
CUST10925,2025-01-28,1481.26
CUST10347,2024-07-31,1877.56
CUST10502,2023-01-28,1560.57
CUST10954,2024-06-06,2107.32
CUST10232,2025-05-07,65.11
CUST10458,2024-11-17,907.09
CUST10218,2023-10-29,206.32
CUST10265,2023-07-06,1070.64
CUST10759,2024-05-27,1099.62
CUST10358,2024-05-09,1342.17
CUST10907,2025-04-15,424.25
CUST10754,2025-07-06,1186.45
CUST10237,2025-04-10,907.63
CUST10157,2025-05-05,724.71
CUST10238,2024-12-28,1392.24
CUST10719,2025-06-27,2700.19
CUST10697,2023-02-23,693.93
CUST10591,2024-05-02,606.27
CUST10971,2024-04-19,995.04
CUST10996,2025-07-07,121.19
CUST10190,2025-02-02,709.52
CUST10498,2024-12-19,290.56
CUST10908,2024-07-09,1451.83
CUST10131,2024-04-22,683.6
CUST10834,2025-03-03,897.29
CUST10828,2025-05-07,2009.6
CUST10290,2022-12-01,490.75
CUST10741,2025-02-10,156.36
CUST10717,2025-07-03,973.11
CUST10556,2022-05-19,903.54
CUST10134,2024-10-10,1829.7
CUST10618,2024-04-11,123.3
CUST10369,2025-04-15,937.37
CUST10529,2024-03-28,847.13
CUST10598,2022-09-05,747.78
CUST10176,2024-06-20,614.1
CUST10843,2021-03-20,227.69
CUST10303,2022-07-07,767.74
CUST10852,2021-07-31,102.94
CUST10523,2022-05-26,409.86
CUST10648,2023-10-25,900.45
CUST10688,2024-11-23,385.86
CUST10876,2024-12-26,258.67
CUST10849,2025-07-11,1002.57
CUST10939,2025-04-27,1029.29
CUST10430,2024-09-30,980.38
CUST10024,2022-06-15,2204.96
CUST10435,2024-04-30,360.35
CUST10971,2024-12-18,828.63
CUST10348,2025-01-09,373.12
CUST10332,2023-05-03,523.79
CUST10769,2025-05-21,525.13
CUST10450,2023-09-12,451.46
CUST10291,2024-04-28,2017.84
CUST10705,2024-11-20,1986.18
CUST10917,2024-09-02,1971.79
CUST10716,2025-05-30,1065.77
CUST10950,2025-04-02,677.0
CUST10287,2024-04-17,1723.51
CUST10293,2025-05-11,652.92
CUST10629,2025-05-23,1008.29
CUST10527,2024-03-11,360.11
CUST10307,2022-07-28,1854.37
CUST10699,2023-04-12,2156.67
CUST10065,2025-03-07,1763.99
CUST10059,2023-06-22,332.37
CUST10986,2023-05-18,741.13
CUST10871,2022-04-20,2207.59
CUST10628,2025-05-15,913.32
CUST10846,2024-10-30,502.7
CUST10701,2025-03-27,731.35
CUST10513,2025-07-21,386.63
CUST10108,2022-12-31,234.91
CUST10494,2025-01-21,2089.02
CUST10076,2024-06-06,743.97
CUST10346,2023-08-17,265.95
CUST10723,2024-07-24,346.66
CUST10506,2025-05-08,303.4
CUST10517,2024-05-18,652.15
CUST10169,2025-05-16,1817.9
CUST10365,2024-01-12,2729.4
CUST10150,2024-05-15,958.22
CUST10606,2022-08-06,672.04
CUST10462,2024-11-16,1214.01
CUST10784,2024-06-15,373.98
CUST10536,2024-09-03,662.87
CUST10715,2025-03-03,273.08
CUST10130,2024-12-26,754.48
CUST10064,2024-04-15,553.58
CUST10669,2024-09-26,1378.7
CUST10269,2022-06-05,1245.67
CUST10136,2022-09-03,163.89
CUST10934,2025-05-02,603.47
CUST10616,2024-08-20,566.02
CUST10694,2023-01-20,418.44
CUST10041,2025-04-26,915.61
CUST10137,2023-04-10,1273.74
CUST10916,2024-08-20,165.03
CUST10125,2024-03-01,482.08
CUST10724,2022-11-16,1378.68
CUST10177,2024-06-26,1752.9
CUST10882,2022-06-26,2788.6
CUST10258,2025-04-13,1228.89
CUST10001,2024-07-19,204.51
CUST10136,2024-03-07,941.6
CUST10595,2024-10-12,1303.04
CUST10804,2024-07-17,357.54
CUST10621,2025-04-09,578.39
CUST10856,2024-01-21,2254.22
CUST10050,2024-10-09,817.69
CUST10561,2024-07-17,665.72
CUST10557,2025-06-01,767.19
CUST10060,2022-09-15,693.49
CUST10173,2025-07-19,1804.75
CUST10813,2023-02-27,1519.18
CUST10215,2023-04-19,855.98
CUST10999,2023-05-24,517.56
CUST10754,2023-04-29,2743.47
CUST10572,2025-02-22,1697.04
CUST10663,2023-06-05,742.55
CUST10252,2023-12-22,1320.82
CUST10655,2024-05-28,1003.23
CUST10273,2024-05-18,189.14
CUST10386,2025-05-02,299.26
CUST10802,2025-06-18,1300.08
CUST10149,2024-03-03,856.24
CUST10342,2023-12-10,1017.85
CUST10243,2022-07-07,1075.55
CUST10689,2023-11-21,434.77
CUST10445,2025-04-02,1031.62
CUST10578,2023-08-23,663.0
CUST10468,2024-12-10,463.01
CUST10743,2022-05-18,212.09
CUST10873,2022-11-11,1431.31
CUST10950,2023-10-06,51.83
CUST10887,2023-03-22,621.17
CUST10603,2023-06-11,343.6
CUST10055,2022-12-27,1301.99
CUST10497,2025-02-20,1147.23
CUST10313,2024-12-25,259.44
CUST10948,2024-08-06,856.54
CUST10214,2025-05-15,1108.58
CUST10100,2025-03-13,283.62
CUST10168,2023-09-16,183.93
CUST10330,2023-04-29,1236.22
CUST10706,2023-10-25,2645.83
CUST10813,2023-09-15,379.73
CUST10578,2022-08-08,343.09
CUST10543,2024-10-02,1193.36
CUST10126,2024-10-17,141.73
CUST10788,2022-06-27,418.69
CUST10609,2025-03-23,820.1
CUST10097,2021-08-08,765.75
CUST10415,2022-08-21,487.06
CUST10321,2024-10-02,1012.12
CUST10371,2025-05-07,1039.76
CUST10916,2025-05-13,982.78
CUST10905,2025-07-26,982.41
CUST10069,2025-06-09,575.74
CUST10781,2025-06-08,811.24
CUST10666,2022-04-14,333.3
CUST10129,2024-11-18,879.12
CUST10177,2024-06-24,683.85
CUST10921,2025-06-21,910.68
CUST10836,2021-08-10,544.93
CUST10877,2023-12-15,516.14
CUST10072,2025-05-29,889.79
CUST10383,2023-03-27,257.35
CUST10027,2024-11-21,407.89
CUST10919,2025-02-24,383.75
CUST10183,2022-02-09,281.34
CUST10271,2024-06-16,739.54
CUST10070,2022-11-05,586.75
CUST10863,2023-12-18,1694.28
CUST10649,2025-06-14,2404.96
CUST10557,2024-07-10,737.37
CUST10851,2024-09-17,454.58
CUST10331,2023-05-20,952.23
CUST10937,2023-02-19,569.28
CUST10420,2023-04-06,530.86
CUST10139,2023-11-06,1357.79
CUST10895,2021-02-27,136.01
CUST10703,2024-02-08,1400.71
CUST10177,2025-05-25,346.97
CUST10704,2025-05-11,1877.22
CUST10896,2024-12-04,719.51
CUST10481,2022-03-20,205.84
CUST10732,2025-05-08,176.16
CUST10127,2023-06-07,515.16
CUST10480,2022-09-10,1229.72
CUST10247,2025-07-19,1914.94
CUST10190,2023-04-18,135.04
CUST10405,2023-05-15,2943.46
CUST10384,2024-11-24,774.07
CUST10208,2023-02-08,632.26
CUST10124,2024-04-22,980.08
CUST10928,2024-06-15,313.51
CUST10960,2022-06-13,438.11
CUST10137,2024-11-30,762.43
CUST10349,2023-09-15,799.47
CUST10660,2024-01-18,601.54
CUST10783,2024-07-31,369.17
CUST10923,2025-07-11,1598.28
CUST10559,2024-11-04,498.81
CUST10529,2025-07-02,2422.56
CUST10806,2024-07-06,830.57
CUST10005,2022-06-15,384.38
CUST10696,2022-09-14,591.16
CUST10203,2024-08-28,459.31
CUST10643,2021-12-29,308.12
CUST10096,2025-05-17,479.86
CUST10566,2024-07-18,222.29
CUST10307,2023-08-12,79.51
CUST10133,2024-11-16,418.46
CUST10605,2025-04-29,380.37
CUST10220,2022-07-28,265.78
CUST10670,2025-06-23,156.77
CUST10758,2024-06-05,319.15
CUST10879,2023-12-17,974.38
CUST10515,2025-05-24,2111.96
CUST10554,2025-01-20,249.63
CUST10389,2021-11-03,945.2
CUST10910,2022-01-05,318.35
CUST10725,2024-02-12,170.17
CUST10853,2024-07-02,895.27
CUST10766,2023-03-01,839.82
CUST10456,2023-03-31,1205.85
CUST10787,2023-10-13,572.45
CUST10040,2022-05-06,1474.88
CUST10604,2023-08-18,1466.0
CUST10964,2024-11-06,548.6
CUST10542,2024-09-26,512.51
CUST10787,2023-06-08,1080.84
CUST10607,2025-02-27,528.7
CUST10412,2023-10-25,818.74
CUST10407,2025-06-26,2284.85
CUST10388,2025-04-24,174.78
CUST10519,2022-11-05,761.89
CUST10473,2023-01-16,273.11
CUST10157,2023-06-26,716.08
CUST10781,2025-07-15,1088.55
CUST10565,2021-07-14,977.43
CUST10222,2024-10-19,1506.14
CUST10897,2023-05-01,176.22
CUST10270,2022-05-03,2021.6
CUST10332,2022-10-29,305.35
CUST10275,2024-04-16,551.52
CUST10674,2024-01-28,609.62
CUST10718,2025-01-21,1263.59
CUST10774,2024-01-19,950.81
CUST10049,2024-11-02,1190.3
CUST10323,2022-05-22,145.5
CUST10743,2020-12-11,1173.25
CUST10764,2024-09-08,985.93
CUST10870,2025-07-05,557.77
CUST10967,2024-08-23,622.03
CUST10744,2024-04-06,1644.5
CUST10844,2025-01-22,721.26
CUST10697,2025-06-14,579.67
CUST10413,2023-01-13,1929.24
CUST10527,2024-10-31,844.69
CUST10913,2021-12-09,998.29
CUST10659,2025-05-05,1443.34
CUST10904,2021-11-07,573.26
CUST10063,2021-09-28,755.7
CUST10520,2024-10-04,1647.25
CUST10581,2025-06-17,442.42
CUST10505,2023-05-27,2294.74
CUST10757,2023-09-04,1558.08
CUST10763,2024-11-02,1513.89
CUST10867,2022-11-02,595.4
CUST10861,2021-03-16,1457.43
CUST10110,2023-11-09,599.07
CUST10240,2024-08-12,597.15
CUST10755,2023-10-21,400.21
CUST10210,2023-04-19,430.02
CUST10147,2023-11-07,542.43
CUST10024,2023-06-08,94.33
CUST10761,2022-10-19,1091.25
CUST10187,2024-07-04,1175.5
CUST10003,2023-07-05,184.1
CUST10441,2021-10-19,1698.75
CUST10586,2024-03-15,1006.78
CUST10279,2024-04-04,530.47
CUST10284,2022-03-20,219.97
CUST10786,2024-02-11,455.52
CUST10001,2023-12-26,55.05
CUST10990,2021-10-14,1272.14
CUST10965,2023-07-09,1992.12
CUST10747,2023-10-27,173.72
CUST10104,2025-04-25,169.97
CUST10693,2020-10-30,1534.96
CUST10054,2021-07-16,2697.88
CUST10629,2024-06-15,1241.2
CUST10871,2025-04-21,1873.45
CUST10591,2024-08-13,380.46
CUST10386,2024-07-09,258.29
CUST10188,2024-02-02,337.94
CUST10553,2025-07-15,1919.29
CUST10259,2024-09-23,405.63
CUST10701,2024-08-17,1180.81
CUST10024,2023-04-04,1947.37
CUST10416,2021-08-01,873.8
CUST10507,2024-08-24,2347.43
CUST10176,2023-01-08,2816.32
CUST10298,2025-06-11,384.49
CUST10273,2024-08-13,1768.82
CUST10710,2024-06-18,1330.9
CUST10700,2024-12-02,1175.21
CUST10169,2025-02-19,365.66
CUST10740,2024-03-12,1102.74
CUST10509,2023-06-16,244.37
CUST10364,2025-01-06,485.68
CUST10249,2025-01-18,939.26
CUST10263,2022-04-15,431.64
CUST10820,2024-10-12,588.68
CUST10730,2024-12-11,498.72
CUST10879,2022-12-21,1604.62
CUST10231,2024-06-25,830.81
CUST10350,2025-06-29,2203.0
CUST10220,2024-09-25,493.32
CUST10468,2023-04-19,2471.8
CUST10048,2024-11-24,1662.9
CUST10811,2024-07-18,329.04
CUST10821,2023-11-01,102.46
CUST10273,2023-03-13,1004.14
CUST10354,2023-10-28,1240.84
CUST10780,2024-08-09,815.85
CUST10508,2024-01-12,783.16
CUST10694,2024-11-06,1525.39
CUST10201,2025-06-19,663.49
CUST10215,2023-01-31,2576.37
CUST10439,2023-09-22,196.85
CUST10997,2025-06-28,1866.26
CUST10185,2025-05-22,384.7
CUST10771,2024-12-30,2326.42
CUST10889,2022-05-26,1361.46
CUST10331,2022-01-17,765.67
CUST10861,2022-11-29,503.62
CUST10492,2024-01-01,1533.69
CUST10022,2024-11-27,746.7
CUST10811,2024-09-01,1426.01
CUST10463,2023-07-27,748.34
CUST10938,2021-12-03,154.51
CUST10566,2024-12-05,780.26
CUST10953,2023-03-30,1484.15
CUST10705,2023-10-24,659.53
CUST10447,2023-06-14,352.64
CUST10995,2023-03-03,585.61
CUST10264,2023-04-14,771.9
CUST10206,2024-12-02,950.67
CUST10566,2025-01-16,2192.0
CUST10349,2024-09-03,1788.26
CUST10181,2021-04-26,679.85
CUST10452,2022-04-28,557.57
CUST10589,2025-07-22,1384.27
CUST10315,2023-09-20,803.28
CUST10186,2025-05-02,145.31
CUST10724,2022-02-20,1047.65
CUST10656,2025-05-25,414.73
CUST10432,2024-07-29,485.84
CUST10928,2025-04-08,581.7
CUST10221,2025-04-12,536.31
CUST10194,2025-03-09,665.61
CUST10060,2021-09-18,976.04
CUST10082,2025-06-23,749.17
CUST10659,2024-09-21,545.29
CUST10201,2025-07-02,146.25
CUST10958,2023-07-09,714.49
CUST10802,2024-11-29,879.99
CUST10971,2025-06-21,878.76
CUST10171,2023-08-21,888.33
CUST10369,2023-05-13,546.34
CUST10416,2025-06-10,181.11
CUST10928,2024-08-10,1228.87
CUST10769,2024-05-25,497.99
CUST10229,2023-03-06,1176.46
CUST10984,2024-07-27,854.4
CUST10701,2025-04-23,1056.35
CUST10210,2024-09-24,282.42
CUST10000,2025-06-28,1691.94
CUST10450,2025-07-19,1031.29
CUST10371,2025-07-24,2395.18
CUST10522,2023-03-28,1294.34
CUST10584,2024-08-10,333.38
CUST10808,2023-05-31,1043.75
CUST10038,2024-04-03,640.13
CUST10298,2023-08-25,1317.78
CUST10516,2022-03-08,1224.18
CUST10621,2025-04-11,2519.95
CUST10533,2024-10-13,693.19
CUST10705,2024-07-04,1579.95
CUST10887,2022-02-07,601.69
CUST10157,2022-06-24,495.74
CUST10848,2025-05-16,1777.78
CUST10118,2025-01-07,366.55
CUST10231,2024-07-16,1060.94
CUST10827,2023-04-08,2798.92
CUST10662,2025-04-02,222.09
CUST10524,2023-12-04,955.01
CUST10089,2022-08-16,194.68
CUST10644,2025-03-06,554.83
CUST10163,2025-01-26,996.57
CUST10814,2025-06-23,726.76
CUST10723,2024-09-03,994.17
CUST10952,2025-01-29,190.04
CUST10426,2024-01-17,697.91
CUST10448,2024-03-14,459.02
CUST10101,2025-02-23,360.79
CUST10583,2023-06-23,692.67
CUST10342,2024-01-18,1586.15
CUST10889,2025-01-21,1551.76
CUST10016,2025-03-27,636.79
CUST10534,2023-09-12,2058.65
CUST10649,2025-05-17,590.12
CUST10315,2025-02-02,168.39
CUST10062,2024-01-29,1032.12
CUST10431,2024-11-16,337.45
CUST10320,2023-08-18,1648.77
CUST10517,2024-05-31,1047.11
CUST10742,2023-11-11,204.95
CUST10893,2024-01-28,193.09
CUST10577,2021-11-04,646.15
CUST10641,2021-10-23,1605.85
CUST10257,2024-08-30,797.67
CUST10973,2025-05-14,905.76
CUST10814,2023-06-16,3111.59
CUST10578,2022-08-15,163.05
CUST10914,2022-01-03,1110.65
CUST10156,2024-01-28,625.91
CUST10397,2025-05-08,367.84
CUST10688,2023-02-01,2910.06
CUST10184,2023-04-18,1487.2
CUST10789,2023-05-01,753.82
CUST10380,2025-01-20,937.69
CUST10331,2021-01-10,72.13
CUST10139,2023-01-27,192.72
CUST10128,2021-09-13,365.96
CUST10548,2025-07-17,511.09
CUST10735,2024-01-02,1855.45
CUST10491,2023-01-07,748.11
CUST10893,2024-11-15,916.24
CUST10658,2024-10-14,1319.18
CUST10484,2021-09-22,1277.5
CUST10757,2024-03-27,1242.45
CUST10608,2021-04-27,741.57
CUST10401,2025-03-30,1330.28
CUST10413,2022-12-08,216.91
CUST10751,2025-01-03,667.76
CUST10182,2023-11-26,602.8
CUST10807,2025-01-13,1945.26
CUST10963,2024-04-17,944.34
CUST10280,2024-05-14,425.05
CUST10821,2023-04-15,1033.56
CUST10471,2025-02-18,451.06
CUST10397,2024-03-28,1615.64
CUST10346,2021-08-17,348.89
CUST10633,2024-05-28,333.96
CUST10705,2025-04-06,976.54
CUST10808,2022-10-19,324.6
CUST10790,2022-11-22,990.95
CUST10145,2025-06-18,1784.84
CUST10379,2025-07-11,624.48
CUST10074,2023-01-05,861.06
CUST10608,2021-06-10,1582.65
CUST10145,2024-09-25,369.59
CUST10022,2025-03-15,1696.16
CUST10111,2024-10-11,823.29
CUST10818,2023-09-25,2049.63
CUST10523,2024-07-01,2277.58
CUST10239,2024-06-08,502.93
CUST10275,2024-12-03,1657.19
CUST10680,2023-09-27,386.19
CUST10998,2023-06-27,3486.65
CUST10289,2025-06-14,1035.97
CUST10206,2024-11-22,1070.69
CUST10844,2024-05-09,2155.82
CUST10740,2024-04-01,1141.22
CUST10734,2025-02-01,1467.05
CUST10750,2023-08-25,1202.13
CUST10014,2024-11-04,1139.37
CUST10586,2024-08-12,402.37
CUST10010,2024-09-19,575.61
CUST10405,2023-10-25,647.93
CUST10053,2024-04-09,1972.01
CUST10879,2021-12-04,309.14
CUST10448,2025-02-12,829.16
CUST10936,2025-01-27,859.03
CUST10069,2023-06-30,719.4
CUST10460,2024-06-01,375.34
CUST10148,2023-07-16,1227.71
CUST10319,2022-03-27,554.29
CUST10550,2023-12-10,325.39
CUST10608,2022-05-10,1164.0
CUST10111,2025-07-05,435.04
CUST10797,2025-06-12,1514.72
CUST10686,2023-11-09,753.32
CUST10161,2023-07-28,300.98
CUST10748,2024-08-22,1575.64
CUST10174,2024-07-08,906.83
CUST10906,2024-11-06,2981.58
CUST10076,2025-06-04,3521.12
CUST10962,2023-12-20,352.76
CUST10537,2024-07-15,1420.68
CUST10663,2025-01-28,129.92
CUST10822,2023-01-03,318.7
CUST10117,2024-12-22,405.75
CUST10714,2024-12-25,1046.28
CUST10111,2024-07-16,519.21
CUST10977,2024-09-22,1404.9
CUST10155,2024-06-22,1078.03
CUST10916,2023-06-02,1064.52
CUST10534,2023-09-17,584.24
CUST10923,2025-04-19,919.7
CUST10963,2021-03-06,1190.88
CUST10742,2025-04-09,1668.22
CUST10006,2022-11-10,1103.95
CUST10785,2024-11-22,882.96
CUST10509,2024-10-11,1330.21
CUST10583,2024-01-30,285.71
CUST10956,2025-07-05,844.23
CUST10100,2024-11-08,1029.95
CUST10735,2024-04-01,770.24
CUST10758,2024-11-03,1571.8
CUST10911,2025-01-27,293.0
CUST10792,2023-05-11,933.48
CUST10354,2024-12-16,895.89
CUST10625,2023-03-10,530.82
CUST10144,2024-12-13,1624.67
CUST10694,2024-01-05,1552.06
CUST10017,2025-01-28,2274.33
CUST10518,2024-09-08,499.43
CUST10029,2025-06-19,826.34
CUST10335,2025-03-01,2099.91
CUST10508,2023-09-02,1188.27
CUST10779,2022-11-02,758.41
CUST10593,2025-01-22,2148.68
CUST10190,2023-07-12,381.33
CUST10615,2022-04-27,803.37
CUST10160,2024-05-09,999.38
CUST10509,2022-06-10,2324.14
CUST10678,2024-07-07,829.08
CUST10915,2024-01-29,1128.16
CUST10124,2025-03-24,589.02
CUST10909,2025-05-29,1137.98
CUST10265,2024-08-23,304.93
CUST10792,2025-03-28,1083.48
CUST10161,2024-07-09,680.64
CUST10344,2023-01-21,1635.84
CUST10666,2024-06-11,526.89
CUST10840,2022-11-12,2120.1
CUST10360,2023-12-26,428.57
CUST10232,2022-12-31,1070.07
CUST10518,2021-01-17,659.03
CUST10098,2024-12-06,222.29
CUST10000,2024-10-29,1303.84
CUST10999,2025-03-21,1176.79
CUST10489,2025-07-17,515.38
CUST10168,2025-04-08,190.51
CUST10849,2022-05-28,405.37
CUST10267,2024-03-25,2994.81
CUST10925,2022-05-06,649.95
CUST10057,2024-09-18,399.32
CUST10890,2022-02-26,819.2
CUST10623,2024-12-20,653.63
CUST10798,2024-03-13,535.7
CUST10799,2024-09-03,2286.02
CUST10546,2024-09-30,464.39
CUST10112,2024-05-07,1436.31
CUST10841,2025-04-05,884.17
CUST10600,2023-01-05,373.97
CUST10553,2022-04-08,813.91
CUST10282,2023-12-24,747.4
CUST10842,2024-04-16,740.57
CUST10322,2023-02-08,1642.26
CUST10904,2024-02-19,173.18
CUST10295,2025-04-09,1278.22
CUST10348,2025-03-03,768.29
CUST10369,2025-04-18,992.21
CUST10961,2024-10-10,410.68
CUST10282,2024-03-03,542.65
CUST10900,2024-10-20,266.11
CUST10165,2024-09-17,787.86
CUST10297,2024-06-20,1107.39
CUST10944,2023-06-05,973.32
CUST10611,2025-02-02,133.38
CUST10746,2025-05-05,158.32
CUST10859,2024-04-23,734.55
CUST10613,2024-05-25,990.55
CUST10387,2024-04-17,2584.97
CUST10405,2025-03-07,1025.98
CUST10720,2025-01-25,610.53
CUST10200,2022-05-12,429.99
CUST10863,2024-09-30,369.96
CUST10800,2024-08-15,935.87
CUST10647,2022-02-25,1440.6
CUST10354,2025-02-23,653.91
CUST10723,2021-10-15,1248.64
CUST10743,2023-05-31,1360.0
CUST10066,2024-04-06,285.68
CUST10640,2024-05-20,499.29
CUST10940,2022-09-16,635.58
CUST10450,2021-10-13,2216.94
CUST10888,2025-04-23,698.2
CUST10873,2024-07-15,845.91
CUST10023,2023-06-04,1457.22
CUST10477,2022-07-28,1103.44
CUST10672,2024-07-15,1954.93
CUST10317,2024-08-29,65.6
CUST10078,2024-12-29,2429.15
CUST10562,2021-12-19,1523.65
CUST10413,2024-09-17,1213.49
CUST10280,2021-08-23,2232.52
CUST10653,2023-08-18,2872.44
CUST10537,2024-10-22,1067.56
CUST10269,2025-06-11,1350.62
CUST10211,2023-12-09,527.66
CUST10475,2023-03-25,275.53
CUST10458,2024-05-30,730.98
CUST10237,2025-07-26,712.95
CUST10682,2022-01-13,998.42
CUST10839,2024-05-21,150.5
CUST10458,2025-07-24,801.89
CUST10007,2023-12-29,165.76
CUST10437,2021-05-05,2224.24
CUST10929,2024-01-31,1354.69
CUST10302,2024-06-15,337.0
CUST10798,2023-01-11,1124.88
CUST10955,2024-06-11,819.04
CUST10667,2024-01-17,525.14
CUST10287,2023-09-23,736.87
CUST10808,2024-04-03,836.68
CUST10061,2024-08-22,1156.32
CUST10037,2023-05-24,1644.59
CUST10216,2022-08-26,1610.95
CUST10438,2024-11-22,506.71
CUST10279,2025-03-24,781.8
CUST10247,2025-07-02,960.44
CUST10938,2025-05-15,2001.43
CUST10979,2024-05-20,1174.28
CUST10697,2024-02-10,938.37
CUST10455,2021-08-16,309.88
CUST10358,2024-05-23,1651.99
CUST10336,2024-01-19,2391.82
CUST10878,2022-11-06,858.82
CUST10417,2024-12-18,1585.4
CUST10299,2024-01-27,2145.76
CUST10532,2023-06-06,972.46
CUST10688,2022-05-21,967.47
CUST10001,2025-06-25,378.4
CUST10274,2025-02-02,1679.05
CUST10190,2022-11-26,411.23
CUST10282,2023-03-24,372.61
CUST10006,2023-05-05,843.37
CUST10673,2021-11-23,51.93
CUST10072,2025-05-14,1924.47
CUST10147,2023-12-03,441.04
CUST10669,2022-12-20,910.75
CUST10164,2024-01-18,855.61
CUST10752,2021-09-24,3084.6
CUST10483,2023-08-10,771.82
CUST10597,2023-09-30,2858.41
CUST10635,2023-07-22,116.24
CUST10106,2024-08-20,831.01
CUST10309,2024-10-02,1125.91
CUST10280,2023-04-28,881.55
CUST10407,2023-04-29,3473.43
CUST10637,2024-12-07,411.92
CUST10930,2022-05-31,304.38
CUST10332,2023-01-01,369.66
CUST10122,2023-06-08,1860.44
CUST10093,2025-04-21,996.43
CUST10603,2021-02-08,834.02
CUST10652,2024-08-27,2096.94
CUST10119,2023-06-25,1801.19
CUST10156,2024-10-26,630.76
CUST10975,2024-04-26,1511.37
CUST10370,2024-08-29,500.84
CUST10073,2024-06-17,388.29
CUST10103,2023-09-20,210.27
CUST10252,2022-04-27,1464.15
CUST10959,2024-08-09,1189.48
CUST10561,2024-12-11,1199.52
CUST10620,2025-01-29,1047.7
CUST10629,2023-11-26,1109.26
CUST10633,2025-01-29,1225.51
CUST10322,2025-06-27,606.25
CUST10978,2021-09-01,833.33
CUST10792,2023-11-13,748.55
CUST10658,2021-10-24,2012.06
CUST10626,2024-02-23,1654.98
CUST10969,2024-08-12,622.26
CUST10605,2024-07-20,927.6
CUST10616,2022-06-03,387.57
CUST10932,2024-04-26,616.37
CUST10864,2025-02-23,2430.01
CUST10036,2024-07-09,845.02
CUST10968,2025-01-17,42.92
CUST10218,2023-09-21,502.3
CUST10228,2022-10-29,2372.01
CUST10357,2023-03-04,500.78
CUST10885,2023-10-21,2004.87
CUST10143,2022-06-22,796.19
CUST10942,2023-12-21,1324.89
CUST10064,2025-05-13,1096.63
CUST10128,2025-06-09,674.75
CUST10518,2021-08-23,2768.61
CUST10119,2024-12-24,1196.75
CUST10243,2022-11-03,1020.76
CUST10143,2020-08-22,2104.07
CUST10202,2023-09-07,1570.96
CUST10488,2025-04-21,1263.86
CUST10265,2025-01-23,612.45
CUST10405,2025-02-06,2867.59
CUST10867,2025-02-17,753.36
CUST10365,2023-10-15,1608.03
CUST10650,2023-06-17,421.95
CUST10847,2022-06-06,274.98
CUST10541,2023-09-17,1084.29
CUST10098,2025-01-17,787.67
CUST10351,2024-07-18,1138.51
CUST10734,2025-04-15,1127.85
CUST10577,2024-07-13,273.69
CUST10001,2024-11-06,1894.33
CUST10210,2023-04-28,262.45
CUST10735,2024-09-08,777.36
CUST10783,2024-07-27,1887.15
CUST10814,2022-10-04,367.93
CUST10197,2024-05-27,2544.59
CUST10270,2023-02-12,690.17
CUST10535,2025-05-13,820.43
CUST10182,2024-07-22,550.89
CUST10093,2022-12-02,488.37
CUST10945,2024-07-02,960.4
CUST10991,2024-10-22,801.19
CUST10824,2024-09-08,1652.46
CUST10700,2025-03-25,303.9
CUST10488,2025-06-16,626.36
CUST10124,2024-11-22,851.07
CUST10023,2022-03-14,2512.34
CUST10719,2025-01-08,930.72
CUST10151,2025-01-01,1038.88
CUST10689,2024-12-21,1916.1
CUST10413,2023-07-06,460.49
CUST10804,2024-02-28,425.36
CUST10742,2023-10-17,515.27
CUST10298,2025-05-05,1546.51
CUST10851,2025-03-23,964.63
CUST10957,2025-01-21,570.29
CUST10272,2022-04-11,2238.86
CUST10674,2025-01-24,1152.51
CUST10611,2024-12-04,535.84
CUST10060,2023-11-02,2467.34
CUST10112,2023-03-23,1011.66
CUST10239,2024-05-07,2024.26
CUST10301,2025-02-15,1800.58
CUST10027,2023-11-26,335.18
CUST10892,2025-01-13,971.13
CUST10731,2023-06-24,964.5
CUST10775,2024-02-05,771.34
CUST10621,2022-10-24,868.4
CUST10754,2023-01-14,1377.38
CUST10937,2022-09-16,234.04
CUST10326,2023-12-11,1102.05
CUST10026,2024-01-16,2034.58
CUST10950,2024-09-20,2072.6
CUST10490,2024-04-30,626.18
CUST10161,2024-08-26,111.08
CUST10196,2025-04-04,3092.99
CUST10685,2024-04-28,3176.22
CUST10682,2024-03-24,171.04
CUST10996,2022-09-29,2054.04
CUST10657,2025-06-09,864.44
CUST10917,2024-07-18,864.48
CUST10689,2022-10-14,1952.67
CUST10180,2022-09-22,1264.07
CUST10431,2023-04-22,609.46
CUST10146,2024-10-30,162.04
CUST10467,2024-10-21,286.23
CUST10839,2024-10-31,941.09
CUST10455,2024-03-03,994.2
CUST10842,2024-12-30,454.91
CUST10132,2025-04-26,709.46
CUST10358,2024-06-12,1545.43
CUST10118,2024-10-23,177.2
CUST10831,2022-03-28,836.48
CUST10045,2024-11-27,310.77
CUST10652,2022-01-01,649.91
CUST10870,2025-02-25,1677.57
CUST10982,2023-11-30,2982.26
CUST10051,2024-07-08,2850.5
CUST10688,2023-06-27,400.13
CUST10620,2024-09-25,794.19
CUST10865,2025-06-19,1117.24
CUST10152,2025-07-01,619.5
CUST10580,2024-06-26,398.23
CUST10371,2025-06-18,1152.82
CUST10783,2023-04-29,2070.31
CUST10912,2023-12-27,1628.95
CUST10393,2023-06-08,2695.26
CUST10083,2025-01-16,472.71
CUST10913,2021-05-21,181.33
CUST10340,2022-04-04,182.6
CUST10326,2021-10-14,165.42
CUST10963,2024-02-12,1346.15
CUST10853,2024-05-20,2388.04
CUST10659,2025-06-28,1220.66
CUST10372,2024-08-16,1139.76
CUST10087,2023-09-15,984.26
CUST10049,2024-01-20,312.87
CUST10276,2024-03-16,694.33
CUST10894,2025-01-16,46.27
CUST10136,2025-01-08,478.46
CUST10548,2021-12-25,674.94
CUST10498,2024-07-07,947.18
CUST10274,2023-10-06,1641.07
CUST10267,2023-01-19,1377.88
CUST10549,2023-10-23,608.94
CUST10771,2024-10-19,458.61
CUST10083,2024-07-12,1263.17
CUST10155,2024-04-24,1897.38
CUST10351,2024-07-31,1950.23
CUST10136,2025-07-05,991.62
CUST10235,2025-03-13,671.51
CUST10450,2023-08-03,1432.14
CUST10652,2023-05-22,383.95
CUST10436,2023-02-03,370.89
CUST10729,2024-10-15,486.86
CUST10601,2024-08-06,2074.37
CUST10626,2025-03-24,772.29
CUST10784,2023-09-12,1939.32
CUST10551,2023-04-29,1429.47
CUST10095,2021-05-02,2189.8
CUST10255,2024-02-02,216.74
CUST10260,2024-05-16,1036.58
CUST10483,2024-07-25,684.74
CUST10921,2023-11-28,2018.05
CUST10898,2024-09-19,744.76
CUST10574,2024-01-11,1071.78
CUST10384,2023-05-10,1127.51
CUST10700,2024-08-11,1184.27
CUST10719,2025-07-24,1221.37
CUST10250,2024-12-04,658.6
CUST10915,2024-07-10,1219.86
CUST10021,2021-09-16,299.95
CUST10254,2025-06-01,569.92
CUST10721,2024-11-07,1234.79
CUST10596,2024-12-07,541.89
CUST10417,2024-05-06,730.02
CUST10425,2023-02-15,749.04
CUST10346,2022-05-31,1255.19
CUST10672,2024-09-20,855.11
CUST10046,2025-07-12,1869.05
CUST10104,2024-04-30,751.7
CUST10023,2024-08-05,2012.86
CUST10002,2023-10-28,825.86
CUST10261,2021-09-20,460.35
CUST10398,2025-07-18,1030.71
CUST10850,2022-05-13,610.13
CUST10112,2022-09-25,514.35
CUST10369,2024-05-28,1930.51
CUST10200,2024-06-21,222.36
CUST10419,2022-07-13,661.93
CUST10997,2025-05-22,1110.85
CUST10893,2025-02-18,731.6
CUST10069,2024-02-12,1333.49
CUST10514,2023-08-07,583.11
CUST10825,2024-08-07,790.49
CUST10481,2024-02-26,252.48
CUST10630,2024-12-13,799.52
CUST10856,2024-05-12,818.83
CUST10825,2025-01-08,976.41
CUST10633,2025-05-03,643.81
CUST10139,2024-09-24,388.02
CUST10734,2024-12-26,452.11
CUST10196,2024-03-05,221.8
CUST10708,2024-05-10,2453.68
CUST10682,2023-12-27,1494.53
CUST10813,2023-10-31,967.93
CUST10061,2024-07-02,977.96
CUST10096,2022-07-09,499.72
CUST10881,2024-03-19,326.99
CUST10640,2024-08-03,1769.2
CUST10556,2025-01-03,146.61
CUST10617,2022-08-29,621.05
CUST10550,2025-02-19,392.93
CUST10375,2024-09-14,256.25
CUST10372,2025-03-04,167.15
CUST10096,2023-10-30,1107.92
CUST10491,2021-08-23,1085.8
CUST10298,2023-09-11,154.3
CUST10766,2024-07-13,1155.53
CUST10351,2025-03-06,795.08
CUST10921,2024-03-28,2923.19
CUST10724,2021-09-03,432.46
CUST10973,2025-07-18,400.49
CUST10018,2022-02-17,1057.44
CUST10915,2022-12-27,2102.11
CUST10888,2025-06-17,111.9
CUST10455,2023-04-15,1378.88
CUST10022,2024-12-27,1050.5
CUST10189,2025-05-16,114.83
CUST10001,2024-05-08,1002.08
CUST10063,2022-12-19,1129.14
CUST10578,2022-06-14,1396.45
CUST10725,2025-02-03,865.58
CUST10570,2024-10-28,398.51
CUST10971,2025-04-27,1049.08
CUST10063,2025-04-17,1858.25
CUST10846,2021-10-03,1034.85
CUST10556,2025-03-23,561.32
CUST10606,2024-01-12,898.41
CUST10697,2021-04-23,2349.9
CUST10273,2023-08-31,1384.14
CUST10254,2025-01-31,390.37
CUST10172,2025-04-10,960.46
CUST10752,2025-06-15,367.71
CUST10597,2023-04-29,1293.88
CUST10652,2023-04-15,612.63
CUST10945,2025-05-30,595.84
CUST10051,2024-05-10,949.47
CUST10431,2023-07-14,225.73
CUST10555,2022-12-16,423.88
CUST10043,2023-03-19,2246.12
CUST10522,2025-02-13,521.45
CUST10317,2024-12-05,579.7
CUST10732,2023-10-21,135.1
CUST10332,2022-10-12,916.41
CUST10612,2024-09-07,1232.1
CUST10560,2025-06-20,956.01
CUST10974,2025-01-24,804.09
CUST10707,2025-05-12,243.86
CUST10744,2021-08-22,1012.55
CUST10195,2024-11-06,721.17
CUST10020,2025-02-09,235.86
CUST10731,2025-05-14,557.66
CUST10399,2023-08-23,780.36
CUST10561,2022-12-04,994.53
CUST10402,2022-12-28,1727.31
CUST10108,2024-02-05,1516.17
CUST10684,2024-07-05,2284.15
CUST10955,2023-06-24,1383.92
CUST10820,2023-03-28,942.8
CUST10528,2023-04-26,760.89
CUST10049,2023-07-30,1321.05
CUST10699,2023-04-22,602.0
CUST10823,2024-12-15,296.02
CUST10630,2024-09-26,313.68
CUST10701,2024-10-10,754.59
CUST10609,2024-09-21,750.73
CUST10965,2022-07-04,463.9
CUST10530,2024-07-30,469.77
CUST10433,2025-06-09,1105.22
CUST10377,2022-11-08,2108.12
CUST10601,2024-02-29,1133.5
CUST10021,2022-06-19,1900.71
CUST10201,2025-04-12,430.1
CUST10375,2023-03-03,944.18
CUST10451,2025-06-26,576.07
CUST10009,2025-02-02,257.54
CUST10781,2023-05-26,1545.47
CUST10130,2024-08-22,1481.29
CUST10857,2024-08-29,1020.79
CUST10674,2025-04-24,989.16
CUST10388,2024-02-15,586.93
CUST10595,2022-09-21,857.32
CUST10977,2025-03-03,1348.06
CUST10503,2023-02-19,1884.92
CUST10399,2023-04-11,1439.18
CUST10099,2023-02-21,775.83
CUST10329,2023-05-19,378.53
CUST10020,2025-03-21,2317.85
CUST10637,2024-09-27,124.97
CUST10916,2021-11-30,2613.26
CUST10206,2023-11-01,3540.35
CUST10103,2022-08-15,291.56
CUST10313,2025-07-09,407.49
CUST10032,2025-05-05,2005.72
CUST10448,2021-11-15,449.15
CUST10153,2022-11-26,533.9
CUST10006,2021-11-14,552.66
CUST10570,2024-08-01,2879.11
CUST10848,2024-10-03,1201.17
CUST10560,2024-10-19,1408.31
CUST10681,2022-06-20,959.55
CUST10839,2024-06-13,493.44
CUST10472,2024-12-03,43.14
CUST10835,2024-10-29,1728.74
CUST10644,2022-12-30,564.47
CUST10091,2021-11-29,658.39
CUST10163,2023-11-10,1478.62
CUST10388,2024-03-04,364.52
CUST10794,2024-09-22,403.14
CUST10650,2025-02-25,2071.94
CUST10771,2025-02-03,387.18
CUST10548,2022-05-23,1826.43
CUST10480,2024-05-19,1094.18
CUST10716,2024-06-01,1418.65
CUST10627,2025-07-13,2557.2
CUST10300,2021-01-22,1118.37
CUST10243,2023-02-17,102.41
CUST10350,2025-04-29,491.78
CUST10174,2024-10-22,1364.03
CUST10403,2023-09-28,2235.11
CUST10309,2024-03-18,511.68
CUST10720,2025-01-27,965.4
CUST10662,2024-08-07,364.05
CUST10589,2025-02-28,1365.31
CUST10128,2024-11-03,1451.06
CUST10852,2025-01-27,1061.65
CUST10241,2021-09-23,683.9
CUST10893,2022-07-01,2235.77
CUST10849,2022-09-27,189.27
CUST10348,2025-01-20,60.26
CUST10068,2023-09-29,4528.19
CUST10867,2025-03-05,162.54
CUST10768,2024-12-31,510.94
CUST10484,2023-11-13,809.15
CUST10301,2024-10-18,938.22
CUST10116,2024-05-16,1893.0
CUST10390,2023-10-19,411.07
CUST10447,2025-03-30,766.45
CUST10232,2022-02-02,1979.07
CUST10799,2024-07-07,908.54
CUST10254,2024-09-18,135.19
CUST10229,2022-06-11,638.41
CUST10920,2023-07-16,546.49
CUST10479,2023-09-11,815.48
CUST10227,2024-08-06,2236.88
CUST10341,2025-06-08,628.38
CUST10752,2022-04-23,933.19
CUST10857,2024-10-26,608.61
CUST10384,2021-05-25,2202.18
CUST10616,2021-04-12,501.19
CUST10470,2024-05-01,618.2
CUST10613,2023-08-09,900.84
CUST10498,2024-05-30,1180.01
CUST10925,2024-04-27,564.97
CUST10201,2025-02-11,1481.86
CUST10783,2023-11-07,692.97
CUST10082,2024-07-21,478.42
CUST10131,2024-02-25,2349.96
CUST10943,2024-10-12,310.38
CUST10572,2024-07-30,295.85
CUST10776,2024-04-20,989.82
CUST10974,2024-02-28,1026.88
CUST10547,2024-12-20,1654.82
CUST10379,2022-06-02,1251.49
CUST10014,2024-06-22,823.68
CUST10178,2025-02-24,285.89
CUST10210,2023-01-08,831.09
CUST10590,2025-06-29,889.98
CUST10054,2025-07-02,828.82
CUST10104,2025-04-23,2880.77
CUST10691,2022-09-25,626.57
CUST10671,2024-11-29,1000.56
CUST10686,2024-10-14,693.85
CUST10231,2025-06-27,848.96
CUST10033,2024-08-19,2430.74
CUST10852,2022-03-19,994.79
CUST10448,2024-08-27,1863.9
CUST10786,2023-03-12,78.23
CUST10341,2023-01-04,1031.9
CUST10743,2025-04-20,1601.75
CUST10533,2025-04-13,1013.03
CUST10981,2024-09-27,489.98
CUST10999,2024-01-17,1993.71
CUST10302,2023-12-23,228.03
CUST10994,2024-08-24,631.28
CUST10206,2022-12-10,1474.49
CUST10952,2024-10-26,3724.54
CUST10029,2024-10-29,2136.48
CUST10212,2021-11-09,141.46
CUST10966,2022-01-03,2422.49
CUST10941,2024-04-17,333.18
CUST10588,2024-09-24,1488.0
CUST10380,2023-07-27,530.48
CUST10349,2023-03-25,2590.73
CUST10661,2025-01-09,973.92
CUST10509,2025-04-15,159.76
CUST10590,2024-08-20,606.45
CUST10726,2024-08-20,1033.79
CUST10352,2023-11-14,966.33
CUST10107,2024-05-07,2454.91
CUST10536,2025-01-29,425.22
CUST10055,2024-08-05,438.45
CUST10098,2025-03-17,466.63
CUST10417,2025-07-10,1031.41
CUST10429,2023-09-08,200.43
CUST10747,2023-01-01,880.1
CUST10024,2024-08-15,1110.27
CUST10200,2022-03-19,768.1
CUST10961,2025-05-20,594.64
CUST10388,2022-12-05,1265.92
CUST10093,2024-06-06,2351.35
CUST10554,2022-09-06,851.74
CUST10572,2025-05-05,697.09
CUST10477,2024-07-18,1358.58
CUST10444,2021-07-24,1148.9
CUST10119,2023-03-06,811.99
CUST10645,2023-03-30,1161.19
CUST10210,2023-02-26,287.22
CUST10727,2021-09-04,666.62
CUST10070,2024-03-30,753.71
CUST10260,2024-04-06,730.49
CUST10096,2024-03-03,1711.54
CUST10684,2024-12-21,826.04
CUST10593,2024-04-25,1520.18
CUST10705,2024-03-28,2952.86
CUST10858,2024-04-23,600.83
CUST10178,2023-02-12,643.08
CUST10048,2024-09-16,897.89
CUST10136,2024-11-07,1037.03
CUST10730,2022-05-08,804.55
CUST10226,2023-04-09,551.04
CUST10859,2023-03-24,1289.34
CUST10581,2024-07-18,920.26
CUST10107,2025-06-22,1597.32
CUST10919,2025-03-12,410.57
CUST10984,2024-09-22,1111.1
CUST10574,2025-06-14,84.56
CUST10196,2025-06-02,487.98
CUST10859,2025-03-02,1618.98
CUST10292,2024-10-07,859.62
CUST10727,2023-07-31,1162.37
CUST10830,2023-07-10,586.06
CUST10210,2024-06-01,630.99
CUST10293,2025-07-15,1191.27
CUST10576,2024-10-27,566.47
CUST10617,2022-06-01,226.02
CUST10700,2024-12-09,260.44
CUST10439,2024-08-25,1358.16
CUST10698,2023-08-25,943.51
CUST10611,2022-11-06,468.87
CUST10914,2024-02-17,876.98
CUST10995,2023-05-11,420.4
CUST10267,2023-05-31,2472.93
CUST10855,2025-05-21,1899.71
CUST10176,2024-02-17,547.72
CUST10408,2023-12-02,924.98
CUST10320,2025-01-19,1867.44
CUST10002,2025-01-10,896.33
CUST10377,2024-02-13,2112.89
CUST10404,2024-01-29,88.17
CUST10121,2025-07-10,1144.74
CUST10834,2023-12-23,1242.03
CUST10769,2023-06-30,156.58
CUST10032,2024-02-22,1076.57
CUST10749,2023-12-16,1057.3
CUST10253,2024-02-18,672.27
CUST10190,2024-02-27,1607.66
CUST10803,2023-11-17,1170.53
CUST10178,2022-10-28,410.43
CUST10862,2023-04-23,1879.92
CUST10287,2024-11-16,732.88
CUST10304,2025-07-28,739.0
CUST10536,2024-02-10,309.86
CUST10752,2024-10-19,91.16
CUST10683,2023-07-04,355.95
CUST10131,2024-05-18,899.52
CUST10726,2023-07-26,527.66
CUST10525,2022-02-09,791.85
CUST10378,2024-06-02,699.01
CUST10150,2024-03-21,953.64
CUST10465,2023-02-08,708.8
CUST10467,2024-10-24,816.56
CUST10725,2025-02-05,1132.68
CUST10945,2023-11-16,1487.46
CUST10358,2024-07-28,1028.55
CUST10875,2023-09-01,461.85
CUST10482,2025-07-19,809.97
CUST10640,2024-05-28,350.32
CUST10733,2024-05-08,701.27
CUST10234,2022-09-05,787.49
CUST10647,2024-01-05,744.82
CUST10732,2024-01-03,1820.85
CUST10690,2024-03-29,148.63
CUST10817,2022-12-02,855.98
CUST10905,2025-03-28,1040.59
CUST10262,2023-04-27,917.64
CUST10827,2022-10-09,338.8
CUST10182,2021-01-03,1293.58
CUST10320,2023-03-28,2052.36
CUST10504,2022-09-30,127.97
CUST10021,2025-07-11,972.99
CUST10706,2024-08-03,208.85
CUST10629,2024-03-09,809.37
CUST10464,2025-06-26,1625.01
CUST10412,2023-02-18,1053.76
CUST10744,2021-05-16,2167.55
CUST10155,2024-12-16,53.83
CUST10445,2025-07-10,1133.11
CUST10558,2024-09-26,419.85
CUST10652,2025-04-19,855.29
CUST10344,2022-03-17,871.73
CUST10876,2024-09-26,3338.08
CUST10795,2024-03-09,1301.4
CUST10170,2024-10-31,2514.68
CUST10000,2022-04-14,1591.37
CUST10525,2024-12-26,1484.24
CUST10853,2025-07-27,561.59
CUST10743,2022-04-06,450.25
CUST10603,2021-10-28,1267.43
CUST10523,2020-11-17,670.69
CUST10421,2023-01-02,1440.27
CUST10082,2025-06-14,907.83
CUST10663,2024-09-20,984.62
CUST10842,2024-12-19,525.45
CUST10797,2023-11-21,187.94
CUST10210,2024-11-26,642.58
CUST10005,2025-07-06,1575.86
CUST10058,2022-02-20,467.65
CUST10969,2025-01-07,359.95
CUST10970,2022-03-13,637.64
CUST10100,2024-09-26,775.35
CUST10128,2021-09-13,102.18
CUST10111,2024-10-05,1536.62
CUST10253,2024-11-01,328.3
CUST10191,2025-06-19,819.13
CUST10544,2022-09-04,378.45
CUST10423,2022-01-25,1655.41
CUST10626,2024-06-19,2824.25
CUST10942,2024-01-19,904.9
CUST10260,2022-10-11,3043.19
CUST10054,2025-02-17,159.59
CUST10691,2024-08-30,1140.47
CUST10743,2021-02-18,1401.29
CUST10268,2024-02-29,1334.44
CUST10059,2025-07-11,846.38
CUST10188,2025-06-28,4468.26
CUST10901,2023-03-23,616.49
CUST10864,2022-10-11,306.26
CUST10838,2024-10-25,565.98
CUST10647,2022-01-23,579.2
CUST10377,2025-07-02,545.1
CUST10831,2022-04-24,302.29
CUST10327,2024-01-05,356.84
CUST10516,2022-04-29,194.52
CUST10692,2023-11-12,1375.07
CUST10161,2024-04-12,74.69
CUST10592,2025-02-23,1971.94
CUST10490,2025-04-07,518.41
CUST10776,2022-06-05,1224.05
CUST10345,2025-07-16,1224.47
CUST10157,2025-03-12,388.6
CUST10662,2025-07-15,869.68
CUST10698,2023-04-16,676.86
CUST10057,2023-05-02,302.55
CUST10523,2024-07-04,518.57
CUST10076,2022-11-01,2019.84
CUST10678,2024-05-08,920.03
CUST10677,2025-01-07,1391.61
CUST10934,2023-12-22,3985.15
CUST10375,2023-10-08,1423.07
CUST10600,2021-11-30,1601.87
CUST10297,2021-03-15,194.18
CUST10482,2024-03-19,1007.73
CUST10301,2024-06-17,2273.56
CUST10462,2024-03-31,1523.88
CUST10222,2024-08-02,746.94
CUST10799,2024-02-10,693.06
CUST10067,2023-04-13,1002.24
CUST10677,2025-02-28,281.17
CUST10635,2025-03-02,2841.58
CUST10610,2024-07-04,1874.67
CUST10137,2023-12-25,517.33
CUST10211,2024-05-13,452.45
CUST10494,2024-06-12,360.25
CUST10842,2024-12-13,569.85
CUST10281,2023-06-24,355.39
CUST10290,2024-12-10,1080.32
CUST10934,2023-08-24,1456.27
CUST10855,2025-06-10,705.3
CUST10897,2024-05-23,408.95
CUST10596,2025-03-17,601.3
CUST10658,2025-05-08,250.19
CUST10633,2024-09-08,1182.86
CUST10040,2022-06-21,988.68
CUST10527,2024-03-20,866.38
CUST10118,2024-08-02,533.16
CUST10188,2024-11-10,442.54
CUST10374,2023-10-05,1592.59
CUST10307,2021-10-05,233.62
CUST10157,2024-06-02,1467.61
CUST10738,2022-12-25,689.29
CUST10223,2023-07-28,2239.02
CUST10015,2024-02-02,1550.06
CUST10269,2023-03-26,598.3
CUST10864,2023-05-16,361.8
CUST10586,2025-01-29,748.97
CUST10406,2022-07-24,443.23
CUST10446,2024-08-29,797.62
CUST10352,2025-01-23,225.41
CUST10458,2024-05-26,82.73
CUST10394,2025-05-13,2160.27
CUST10914,2024-08-24,361.1
CUST10128,2024-03-30,3269.28
CUST10716,2024-07-21,1079.19
CUST10396,2023-12-17,1277.28
CUST10205,2024-07-26,799.15
CUST10460,2025-07-03,390.02
CUST10059,2023-08-29,2262.02
CUST10741,2024-10-24,160.17
CUST10291,2023-07-04,144.79
CUST10271,2023-10-03,688.67
CUST10265,2024-07-27,677.88
CUST10040,2025-03-23,379.7
CUST10680,2023-09-27,1608.85
CUST10584,2024-08-30,543.14
CUST10776,2022-05-24,219.47
CUST10201,2024-12-08,468.74
CUST10388,2024-03-02,789.77
CUST10475,2025-05-27,929.06
CUST10238,2023-07-22,418.34
CUST10551,2024-10-13,642.26
CUST10725,2023-08-04,604.23
CUST10236,2024-02-06,1073.25
CUST10259,2025-01-17,578.26
CUST10855,2024-03-18,314.68
CUST10134,2023-12-31,426.19
CUST10575,2021-10-01,308.87
CUST10758,2025-03-19,824.13
CUST10995,2022-03-03,1393.34
CUST10344,2024-10-16,1362.74
CUST10928,2024-04-27,532.04
CUST10044,2024-08-23,3495.58
CUST10904,2022-02-25,233.89
CUST10993,2021-06-28,716.09
CUST10828,2025-05-20,454.66
CUST10010,2023-04-05,889.9
CUST10903,2023-06-08,136.49
CUST10502,2021-07-31,1387.46
CUST10122,2022-10-24,1922.83
CUST10155,2024-12-07,177.54
CUST10144,2024-08-08,268.61
CUST10897,2024-05-08,1897.43
CUST10034,2021-02-02,1560.45
CUST10641,2022-04-11,607.66
CUST10519,2024-09-29,204.99
CUST10286,2024-04-24,301.93
CUST10852,2025-07-04,255.12
CUST10758,2025-02-22,926.82
CUST10830,2025-07-21,857.47
CUST10309,2025-07-06,695.05
CUST10784,2024-11-22,123.74
CUST10006,2025-05-29,148.89
CUST10533,2025-01-13,1892.4
CUST10009,2025-04-18,1110.69
CUST10637,2025-01-23,1019.98
CUST10634,2025-01-26,1597.83
CUST10625,2021-10-05,484.45
CUST10879,2020-10-19,226.63
CUST10221,2021-10-28,377.27
CUST10701,2025-04-28,1462.33
CUST10849,2022-12-14,164.93
CUST10412,2024-11-16,1547.53
CUST10893,2023-11-12,2018.08
CUST10593,2025-07-08,161.16
CUST10112,2024-12-22,1607.85
CUST10750,2022-01-10,997.82
CUST10364,2024-10-26,4418.83
CUST10709,2023-05-03,625.63
CUST10437,2023-06-21,455.66
CUST10520,2022-03-31,1303.57
CUST10130,2024-08-27,550.68
CUST10217,2023-10-02,2107.37
CUST10080,2023-02-27,925.55
CUST10695,2022-10-20,1860.84
CUST10101,2021-10-12,1080.55
CUST10621,2024-09-26,665.28
CUST10457,2025-06-17,730.86
CUST10627,2024-09-28,1204.34
CUST10847,2024-01-08,2535.97
CUST10448,2022-02-09,929.24
CUST10791,2022-04-21,751.83
CUST10079,2023-03-23,1855.16
CUST10529,2024-11-13,399.09
CUST10018,2022-02-17,614.65
CUST10523,2022-11-22,343.97
CUST10832,2024-09-05,142.8
CUST10907,2024-04-19,386.64
CUST10223,2025-05-17,1019.87
CUST10110,2025-02-05,889.9
CUST10037,2021-09-18,878.36
CUST10675,2025-04-12,427.36
CUST10006,2024-08-13,952.85
CUST10177,2024-05-10,702.94
CUST10499,2023-12-20,429.6
CUST10820,2023-09-28,724.04
CUST10495,2025-07-01,604.13
CUST10270,2021-06-20,1491.79
CUST10692,2023-07-31,1045.62
CUST10628,2023-10-07,1082.97
CUST10484,2024-05-02,1152.33
CUST10612,2023-09-11,1182.6
CUST10313,2024-01-09,1304.21
CUST10437,2023-07-20,2835.19
CUST10972,2024-09-20,546.43
CUST10715,2024-08-27,716.26
CUST10621,2023-06-27,625.36
CUST10304,2025-03-21,1719.88
CUST10903,2022-09-09,2112.96
CUST10937,2023-12-27,1741.55
CUST10724,2023-06-24,2461.32
CUST10974,2025-04-11,679.57
CUST10750,2023-04-19,2100.3
CUST10016,2025-05-21,1188.38
CUST10576,2025-01-01,2379.74
CUST10413,2024-09-22,411.52
CUST10373,2023-05-05,914.36
CUST10503,2024-11-07,625.94
CUST10262,2025-06-23,1035.69
CUST10231,2024-08-04,644.94
CUST10820,2024-08-28,1062.28
CUST10519,2022-04-27,810.52
CUST10788,2022-10-05,239.15
CUST10326,2023-04-23,1790.59
CUST10358,2024-11-12,657.88
CUST10179,2025-05-14,1407.02
CUST10710,2025-05-30,200.92
CUST10724,2024-07-16,792.23
CUST10017,2023-03-17,434.45
CUST10093,2023-10-11,1767.86
CUST10956,2024-12-22,948.12
CUST10391,2025-03-09,1083.37
CUST10371,2025-05-28,1233.98
CUST10276,2023-09-09,2044.44
CUST10476,2024-10-02,588.46
CUST10828,2023-10-18,1442.02
CUST10398,2024-01-20,219.39
CUST10237,2024-09-08,2060.62
CUST10323,2024-02-22,2973.17
CUST10962,2024-09-21,763.24
CUST10242,2022-05-21,897.28
CUST10757,2025-03-23,1226.91
CUST10967,2024-01-26,584.41
CUST10705,2024-09-23,2119.44
CUST10818,2022-12-24,515.19
CUST10445,2025-05-31,845.2
CUST10162,2023-09-29,574.86
CUST10096,2025-03-05,1230.53
CUST10175,2023-09-04,696.41
CUST10578,2022-09-24,778.46
CUST10112,2024-01-02,1429.7
CUST10948,2024-10-23,762.22
CUST10762,2025-02-08,238.73
CUST10449,2024-01-01,759.57
CUST10180,2023-07-17,1264.85
CUST10131,2023-07-12,572.37
CUST10020,2025-05-22,618.59
CUST10672,2024-06-05,978.71
CUST10337,2025-06-26,517.27
CUST10197,2024-09-04,356.19
CUST10008,2024-08-02,610.84
CUST10304,2025-05-18,901.52
CUST10064,2024-03-25,172.2
CUST10218,2024-04-30,1957.57
CUST10575,2021-03-18,302.87
CUST10617,2025-05-30,1511.97
CUST10060,2025-06-28,463.29
CUST10184,2024-04-23,1172.56
CUST10630,2025-05-26,1827.43
CUST10320,2023-09-19,212.83
CUST10263,2024-04-15,968.58
CUST10637,2024-11-10,599.24
CUST10020,2024-10-08,498.87
CUST10919,2025-03-02,2564.38
CUST10337,2023-02-12,393.38
CUST10687,2024-07-11,603.86
CUST10802,2025-07-10,425.4
CUST10490,2025-06-10,1518.27
CUST10345,2024-06-01,448.21
CUST10371,2025-01-01,269.04
CUST10074,2022-12-19,99.92
CUST10937,2022-05-15,236.41
CUST10592,2025-03-11,1967.27
CUST10993,2023-07-01,2146.75
CUST10816,2025-03-10,630.31
CUST10370,2024-12-14,595.16
CUST10281,2024-07-08,551.43
CUST10515,2024-07-11,1038.2
CUST10579,2024-07-14,1103.42
CUST10181,2022-04-09,1355.26
CUST10328,2025-02-12,942.06
CUST10044,2021-08-03,890.72
CUST10904,2023-05-25,1636.74
CUST10243,2022-06-13,13.21
CUST10070,2024-06-24,1036.47
CUST10305,2024-10-25,1447.95
CUST10568,2023-11-29,89.37
CUST10110,2023-01-01,597.33
CUST10925,2023-09-12,771.05
CUST10503,2024-06-26,429.28
CUST10895,2025-07-19,829.36
CUST10499,2022-07-01,585.87
CUST10362,2024-10-15,1878.14
CUST10201,2024-08-21,767.3
CUST10576,2025-06-07,337.11
CUST10430,2025-07-08,1503.37
CUST10206,2023-11-25,203.28
CUST10228,2023-07-16,1204.22
CUST10670,2022-08-31,1419.58
CUST10592,2024-07-25,2163.97
CUST10719,2025-05-04,1469.72
CUST10956,2024-06-06,544.12
CUST10176,2024-02-26,2381.3
CUST10244,2023-04-25,794.76
CUST10465,2022-12-17,425.69
CUST10845,2022-07-10,439.76
CUST10211,2024-01-24,352.49
CUST10044,2022-10-12,1314.31
CUST10836,2022-08-12,145.58
CUST10597,2024-12-18,170.19
CUST10702,2023-07-24,377.98
CUST10935,2023-08-03,574.29
CUST10650,2025-01-10,339.54
CUST10199,2024-03-08,1675.88
CUST10854,2024-05-13,292.99
CUST10663,2024-05-23,628.59
CUST10610,2025-05-10,159.74
CUST10370,2025-07-20,1614.07
CUST10249,2025-04-06,4496.27
CUST10201,2025-03-16,84.67
CUST10719,2024-11-08,184.71
CUST10793,2021-04-30,449.83
CUST10512,2025-03-09,718.91
CUST10146,2023-06-20,295.41
CUST10193,2024-04-14,2337.65
CUST10591,2023-10-05,389.2
CUST10690,2024-07-08,1634.11
CUST10748,2024-08-18,928.95
CUST10779,2025-01-15,606.44
CUST10892,2025-02-28,217.47
CUST10024,2022-10-18,1483.69
CUST10276,2024-03-28,406.44
CUST10081,2024-11-16,468.3
CUST10016,2023-10-29,463.92
CUST10722,2024-07-26,1000.76
CUST10562,2024-04-16,615.34
CUST10724,2021-01-18,1126.09
CUST10608,2023-04-04,1635.36
CUST10586,2024-12-05,774.5
CUST10362,2024-12-06,1481.9
CUST10540,2022-06-04,490.97
CUST10849,2021-07-14,1649.85
CUST10001,2025-03-29,122.89
CUST10731,2022-08-13,582.2
CUST10987,2023-11-06,1203.57
CUST10976,2025-05-10,1710.18
CUST10788,2024-04-29,1298.62
CUST10012,2023-01-15,899.03
CUST10772,2024-12-13,936.35
CUST10075,2025-02-01,1011.46
CUST10285,2022-06-29,3147.82
CUST10182,2025-06-21,192.6
CUST10549,2024-08-17,530.7
CUST10103,2025-01-16,814.72
CUST10434,2025-03-02,763.34
CUST10196,2024-12-10,657.03
CUST10848,2025-06-09,1072.96
CUST10297,2023-10-07,544.46
CUST10400,2021-12-05,2280.08
CUST10881,2025-04-14,1598.36
CUST10520,2025-06-28,2909.86
CUST10318,2024-07-07,302.53
CUST10707,2023-03-08,1334.13
CUST10928,2025-02-24,338.29
CUST10619,2025-06-22,1383.9
CUST10045,2024-09-14,704.51
CUST10816,2025-07-10,874.99
CUST10947,2025-04-16,727.07
CUST10417,2024-11-18,1257.35
CUST10427,2023-11-28,1256.25
CUST10180,2025-07-11,955.2
CUST10476,2025-07-28,263.0
CUST10841,2024-10-31,1385.12
CUST10622,2024-09-13,503.86
CUST10522,2021-03-10,2828.08
CUST10285,2023-01-14,1879.23
CUST10716,2025-04-24,715.12
CUST10710,2024-10-08,870.87
CUST10744,2022-06-30,579.22
CUST10133,2025-02-16,342.34
CUST10968,2021-11-29,398.38
CUST10030,2023-04-09,276.16
CUST10258,2022-10-31,355.84
CUST10961,2025-05-03,1668.34
CUST10068,2022-08-29,569.71
CUST10779,2024-07-01,842.72
CUST10996,2024-03-24,1319.37
CUST10479,2022-12-14,1067.54
CUST10222,2024-05-02,612.73
CUST10446,2024-10-18,328.35
CUST10408,2023-08-26,594.47
CUST10268,2023-06-25,349.64
CUST10100,2023-08-07,166.39
CUST10195,2024-11-17,608.7
CUST10186,2024-02-09,1115.13
CUST10778,2021-01-30,1214.23
CUST10336,2023-11-07,1333.57
CUST10089,2022-04-13,545.97
CUST10023,2023-10-19,962.06
CUST10191,2025-07-18,1156.79
CUST10581,2023-11-19,1556.4
CUST10078,2024-12-24,694.81
CUST10237,2024-06-10,535.43
CUST10121,2024-05-16,344.36
CUST10718,2024-03-26,201.0
CUST10291,2024-02-19,1393.75
CUST10377,2023-09-04,1150.45
CUST10116,2024-06-26,689.1
CUST10081,2022-06-28,711.29
CUST10881,2023-01-16,693.29
CUST10320,2023-10-17,1183.51
CUST10025,2025-07-26,36.1
CUST10194,2024-07-20,77.0
CUST10201,2024-11-29,1940.8
CUST10740,2024-08-31,645.25
CUST10363,2024-12-12,1216.46
CUST10524,2024-09-15,1630.96
CUST10015,2022-03-19,1115.1
CUST10393,2025-01-12,1236.68
CUST10963,2025-03-12,1735.69
CUST10289,2023-03-20,1016.15
CUST10274,2024-09-01,3689.98
CUST10480,2020-12-27,1081.36
CUST10149,2023-11-24,780.23
CUST10720,2024-12-26,591.21
CUST10039,2025-03-23,1317.7
CUST10616,2022-04-22,637.11
CUST10409,2024-04-17,1669.77
CUST10482,2024-06-12,745.03
CUST10481,2023-12-02,1049.54
CUST10007,2021-09-14,319.24
CUST10559,2025-06-15,526.37
CUST10201,2025-03-01,1185.33
CUST10117,2024-03-22,175.04
CUST10522,2022-04-12,1032.3
CUST10690,2025-01-12,4121.29
CUST10285,2023-10-07,554.58
CUST10465,2025-03-14,1393.31
CUST10148,2025-01-28,402.07
CUST10185,2025-03-24,551.08
CUST10487,2025-05-20,389.66
CUST10231,2024-04-28,925.23
CUST10120,2024-09-21,1769.23
CUST10594,2021-11-13,518.98
CUST10128,2021-08-13,1338.91
CUST10650,2023-10-04,823.61
CUST10653,2022-09-13,498.99
CUST10575,2024-02-27,548.49
CUST10339,2025-01-14,621.33
CUST10207,2022-03-02,1520.85
CUST10317,2023-12-16,1747.67
CUST10440,2022-12-14,1341.45
CUST10853,2025-05-21,1422.78
CUST10423,2022-07-16,1776.66
CUST10430,2024-06-29,1555.63
CUST10661,2024-09-16,982.83
CUST10172,2025-06-28,856.02
CUST10919,2025-07-22,534.86
CUST10873,2022-08-04,383.31
CUST10856,2022-07-14,1061.17
CUST10813,2023-01-30,403.07
CUST10553,2022-06-07,824.06
CUST10461,2024-06-13,635.35
CUST10731,2025-05-05,1216.52
CUST10917,2025-04-03,2332.53
CUST10879,2023-12-05,861.57
CUST10252,2024-03-15,1450.97
CUST10679,2024-09-14,559.26
CUST10024,2022-11-11,604.66
CUST10897,2022-07-31,990.83
CUST10395,2024-01-08,1060.51
CUST10909,2024-12-17,1187.08
CUST10953,2024-03-05,861.83
CUST10028,2025-01-29,1005.09
CUST10744,2022-02-03,174.24
CUST10214,2024-10-03,519.05
CUST10171,2022-06-15,2014.38
CUST10691,2025-03-19,892.87
CUST10134,2023-11-07,2309.96
CUST10943,2024-06-07,1235.29
CUST10458,2023-09-17,1000.22
CUST10650,2023-07-13,2172.21
CUST10607,2025-05-29,1310.75
CUST10528,2022-01-09,715.01
CUST10852,2025-01-24,2505.06
CUST10216,2022-08-11,501.63
CUST10736,2024-10-12,823.29
CUST10746,2025-06-10,537.7
CUST10800,2024-09-04,593.0
CUST10752,2025-03-08,820.02
CUST10298,2025-05-03,655.32
CUST10812,2023-10-06,322.49
CUST10456,2023-04-16,986.43
CUST10564,2023-11-16,437.38
CUST10818,2022-12-17,320.3
CUST10793,2024-04-22,594.67
CUST10189,2022-08-25,1127.8
CUST10530,2024-01-10,1520.31
CUST10205,2025-06-05,832.46
CUST10795,2024-07-03,1599.9
CUST10768,2025-07-17,225.73
CUST10287,2025-06-30,150.96
CUST10952,2024-03-25,365.88
CUST10179,2025-01-17,740.89
CUST10782,2024-01-13,800.54
CUST10175,2025-02-11,937.54
CUST10525,2021-02-06,296.82
CUST10542,2023-01-01,686.9
CUST10803,2024-09-20,1438.61
CUST10951,2024-06-05,416.86
CUST10075,2024-04-08,864.7
CUST10023,2021-09-24,657.77
CUST10816,2024-02-13,447.57
CUST10531,2023-10-06,1638.74
CUST10912,2024-05-18,777.68
CUST10398,2024-02-05,587.04
CUST10270,2021-11-08,697.71
CUST10797,2025-07-23,356.08
CUST10025,2024-03-22,456.98
CUST10190,2023-02-22,283.89
CUST10303,2025-07-09,1421.49
CUST10537,2024-06-26,1406.87
CUST10787,2025-07-10,1404.49
CUST10287,2024-09-02,1020.24
CUST10639,2024-01-05,720.16
CUST10429,2022-12-05,351.77
CUST10576,2025-07-17,164.69
CUST10951,2024-11-21,875.83
CUST10078,2025-02-09,895.35
CUST10365,2025-05-16,961.15
CUST10061,2024-03-11,1140.08
CUST10925,2025-04-05,385.89
CUST10840,2024-03-31,328.13
CUST10543,2025-04-19,1072.62
CUST10679,2023-11-06,488.71
CUST10378,2023-10-29,910.19
CUST10434,2024-12-11,701.47
CUST10116,2024-08-25,731.91
CUST10458,2024-12-14,1111.52
CUST10657,2025-05-23,1254.57
CUST10355,2023-11-07,574.88
CUST10473,2024-07-21,1231.77
CUST10763,2024-12-03,760.07
CUST10356,2023-03-02,470.98
CUST10658,2024-04-06,963.29
CUST10422,2023-07-27,1568.72
CUST10705,2025-05-31,609.31
CUST10071,2024-06-06,1074.52
CUST10672,2024-07-18,913.17
CUST10662,2025-03-04,1072.93
CUST10043,2024-06-25,1323.2
CUST10337,2023-07-14,1611.52
CUST10654,2022-09-29,1209.88
CUST10802,2024-08-22,73.23
CUST10576,2025-01-16,1038.68
CUST10722,2024-04-18,1157.28
CUST10161,2022-12-22,64.06
CUST10289,2024-10-13,95.13
CUST10224,2022-06-02,446.53
CUST10728,2025-04-29,751.16
CUST10130,2024-04-09,541.29
CUST10157,2020-09-19,603.33
CUST10000,2023-05-21,1020.0
CUST10526,2023-02-01,1695.74
CUST10592,2025-05-16,787.5
CUST10452,2023-05-10,326.6
CUST10755,2024-07-16,2075.47
CUST10635,2025-01-17,1253.02
CUST10747,2025-05-08,427.98
CUST10778,2020-10-30,1173.0
CUST10026,2024-05-22,212.8
CUST10852,2022-04-26,500.73
CUST10897,2024-01-30,1990.83
CUST10681,2023-02-05,229.69
CUST10212,2025-06-13,299.32
CUST10437,2022-02-16,837.49
CUST10161,2023-11-30,1349.25
CUST10508,2023-10-29,571.67
CUST10096,2023-08-07,975.89
CUST10619,2024-05-31,1936.97
CUST10102,2022-05-13,651.81
CUST10951,2025-06-22,448.38
CUST10259,2025-01-29,719.28
CUST10831,2023-09-13,566.63
CUST10833,2025-03-10,1968.7
CUST10391,2024-08-02,1439.44
CUST10218,2023-09-08,3215.85
CUST10702,2023-09-27,412.25
CUST10464,2023-02-25,183.64
CUST10078,2024-12-24,77.52
CUST10429,2024-12-29,2908.25
CUST10389,2022-09-17,530.83
CUST10434,2024-12-31,1137.88
CUST10882,2021-05-20,1153.73
CUST10293,2024-12-20,487.85
CUST10485,2025-03-27,1471.77
CUST10909,2024-02-09,815.44
CUST10969,2023-09-29,871.49
CUST10474,2024-01-06,1045.47
CUST10643,2022-11-02,746.88
CUST10389,2024-02-09,2735.12
CUST10591,2024-02-12,495.04
CUST10788,2022-11-06,522.29
CUST10713,2024-04-04,2053.92
CUST10550,2024-08-30,661.65
CUST10876,2024-10-07,2257.12
CUST10581,2023-07-11,1083.51
CUST10664,2023-11-07,645.5
CUST10125,2025-04-04,1553.56
CUST10352,2024-09-04,880.0
CUST10925,2024-02-26,908.86
CUST10045,2025-01-28,1332.9
CUST10878,2022-11-28,1761.3
CUST10497,2025-07-17,1250.85
CUST10241,2022-10-03,811.7
CUST10378,2024-06-19,102.73
CUST10215,2021-11-30,54.17
CUST10117,2025-03-19,671.22
CUST10385,2021-06-11,594.35
CUST10393,2023-08-31,1240.0
CUST10636,2023-09-03,4640.66
CUST10104,2024-08-21,713.66
CUST10408,2025-07-18,148.28
CUST10851,2025-03-27,250.35
CUST10416,2022-10-22,880.77
CUST10195,2025-07-20,234.67
CUST10746,2023-11-24,384.43
CUST10185,2024-12-17,1242.92
CUST10054,2022-12-30,1270.31
CUST10066,2025-04-03,2491.09
CUST10764,2023-05-04,263.03
CUST10846,2023-02-07,160.47
CUST10437,2023-05-06,855.87
CUST10044,2022-03-05,619.01
CUST10381,2024-07-20,293.88
CUST10415,2022-12-12,2242.25
CUST10169,2022-06-23,1615.39
CUST10919,2024-05-28,601.4
CUST10083,2024-01-07,1202.4
CUST10647,2024-04-27,1741.51
CUST10146,2024-08-11,1445.27
CUST10970,2023-02-13,295.67
CUST10644,2023-01-14,1709.4
CUST10528,2022-11-01,1366.18
CUST10974,2023-07-31,437.43
CUST10975,2022-06-09,1264.78
CUST10711,2024-07-05,259.04
CUST10948,2024-08-20,506.96
CUST10142,2022-09-02,1520.04
CUST10157,2023-04-27,414.47
CUST10790,2023-10-30,937.92
CUST10155,2024-12-02,187.72
CUST10393,2022-12-22,951.02
CUST10634,2024-04-13,1009.0
CUST10466,2025-04-03,252.08
CUST10713,2023-01-21,938.48
CUST10481,2025-06-02,480.26
CUST10473,2023-08-25,172.73
CUST10987,2022-08-01,1855.29
CUST10577,2023-04-30,1680.88
CUST10378,2024-02-06,390.22
CUST10856,2023-05-19,1027.55
CUST10267,2022-12-29,1367.48
CUST10054,2023-02-05,347.68
CUST10485,2023-12-27,868.91
CUST10389,2022-12-04,296.08
CUST10847,2022-01-16,486.59
CUST10392,2024-05-26,535.0
CUST10649,2021-07-05,1569.47
CUST10386,2025-07-20,1986.19
CUST10512,2024-08-04,504.76
CUST10660,2024-06-21,683.35
CUST10105,2024-03-14,840.22
CUST10944,2023-03-14,940.39
CUST10647,2021-12-12,1121.31
CUST10072,2024-01-26,85.68
CUST10494,2023-12-02,103.3
CUST10722,2022-06-09,177.67
CUST10298,2025-04-03,575.63
CUST10043,2021-10-05,511.02
CUST10620,2024-02-23,1315.26
CUST10722,2022-07-22,986.2
CUST10463,2024-07-09,674.64
CUST10111,2024-04-04,839.75
CUST10741,2022-10-23,1171.8
CUST10284,2024-06-19,1039.63
CUST10593,2025-01-04,729.79
CUST10727,2023-08-13,814.9
CUST10178,2024-09-17,761.22
CUST10028,2024-02-09,1949.82
CUST10985,2023-09-25,1881.29
CUST10870,2024-11-14,1422.86
CUST10950,2025-02-16,240.36
CUST10490,2025-03-02,1024.46
CUST10035,2024-11-17,682.71
CUST10999,2025-07-25,1393.82
CUST10651,2024-11-28,61.84
CUST10772,2025-03-18,491.47
CUST10213,2024-09-01,930.6
CUST10724,2024-03-14,1362.12
CUST10503,2023-09-29,1197.02
CUST10031,2024-10-17,1779.56
CUST10882,2024-10-09,919.43
CUST10548,2024-12-23,1507.91
CUST10991,2025-01-05,832.94
CUST10504,2025-01-28,501.66
CUST10908,2025-02-24,961.13
CUST10998,2023-10-18,812.59
CUST10345,2024-03-06,517.05
CUST10501,2024-08-31,52.84
CUST10301,2023-12-29,1263.02
CUST10473,2023-08-29,225.08
CUST10513,2025-06-29,190.82
CUST10375,2024-06-26,456.94
CUST10174,2025-07-23,1465.11
CUST10886,2025-04-15,2332.47
CUST10981,2025-05-06,239.65
CUST10904,2020-11-26,573.62
CUST10321,2025-02-11,102.51
CUST10893,2023-07-11,1743.11
CUST10341,2024-05-23,206.79
CUST10410,2024-04-16,633.93
CUST10308,2025-07-20,782.75
CUST10836,2025-07-01,1637.76
CUST10040,2022-08-05,1644.03
CUST10565,2024-12-29,560.83
CUST10010,2023-08-23,1735.26
CUST10289,2023-01-17,1022.22
CUST10715,2025-03-16,98.57
CUST10498,2023-05-29,423.66
CUST10524,2024-08-13,240.64
CUST10298,2025-05-19,989.83
CUST10216,2022-04-06,90.28
CUST10405,2024-08-10,1684.38
CUST10049,2025-01-10,1138.07
CUST10872,2024-05-05,920.7
CUST10956,2024-12-06,2844.25
CUST10348,2024-12-01,892.21
CUST10416,2023-11-14,530.94
CUST10595,2024-12-16,2560.14
CUST10722,2024-04-29,1398.35
CUST10998,2024-07-30,1317.62
CUST10563,2023-01-01,2341.42
CUST10787,2023-09-24,488.25
CUST10138,2024-08-05,489.98
CUST10697,2024-03-27,332.45
CUST10551,2025-01-28,1223.84
CUST10906,2021-03-05,828.23
CUST10533,2025-07-10,681.1
CUST10834,2022-11-13,767.07
CUST10148,2025-03-25,1746.99
CUST10138,2023-08-10,984.44
CUST10373,2024-09-19,511.21
CUST10081,2022-01-11,1046.78
CUST10935,2023-11-12,855.23
CUST10658,2023-03-04,918.49
CUST10601,2025-05-25,1950.96
CUST10574,2024-04-30,3297.71
CUST10055,2024-04-21,1220.9
CUST10433,2025-01-15,126.38
CUST10467,2025-01-31,2309.32
CUST10987,2024-07-30,905.03
CUST10463,2024-03-01,1060.46
CUST10863,2024-11-10,1551.52
CUST10560,2024-08-05,1749.0
CUST10564,2024-06-27,708.14
CUST10447,2023-11-14,743.24
CUST10546,2025-05-09,1259.91
CUST10979,2025-02-28,1613.02
CUST10655,2024-12-15,390.18
CUST10086,2025-07-19,216.66
CUST10556,2023-06-06,771.29
CUST10824,2023-02-16,1599.3
CUST10580,2023-06-26,256.59
CUST10014,2025-05-21,563.38
CUST10004,2025-07-14,377.64
CUST10230,2024-05-06,837.24
CUST10211,2023-10-14,1093.47
CUST10957,2024-07-11,1012.9
CUST10115,2022-02-06,198.21
CUST10334,2023-03-07,1007.18
CUST10382,2023-11-18,286.66
CUST10570,2024-06-23,818.72
CUST10665,2023-09-03,116.96
CUST10838,2023-11-06,586.16
CUST10609,2025-02-03,988.87
CUST10521,2025-05-06,1241.33
CUST10363,2024-09-16,3090.55
CUST10852,2023-09-21,1688.53
CUST10904,2021-05-21,390.42
CUST10960,2025-02-01,496.12
CUST10302,2023-04-20,211.4
CUST10761,2021-06-16,2302.93
CUST10075,2024-09-20,591.99
CUST10759,2024-06-06,562.36
CUST10383,2025-01-03,1049.27
CUST10156,2022-08-03,1810.94
CUST10676,2025-01-04,2444.81
CUST10539,2022-03-27,1383.01
CUST10939,2024-01-12,577.52
CUST10053,2023-12-13,1671.59
CUST10884,2025-05-09,616.79
CUST10069,2023-07-08,2105.41
CUST10479,2023-06-19,274.25
CUST10551,2023-06-06,329.92
CUST10933,2023-09-01,1057.25
CUST10524,2023-07-19,1325.89
CUST10270,2025-03-26,432.21
CUST10359,2024-11-23,1876.81
CUST10613,2023-03-21,895.64
CUST10213,2025-02-28,113.97
CUST10183,2022-11-11,498.48
CUST10813,2024-04-26,613.8
CUST10255,2024-03-05,572.82
CUST10152,2025-06-14,800.47
CUST10857,2024-09-13,1225.97
CUST10896,2023-03-03,432.75
CUST10823,2023-03-02,332.71
CUST10476,2025-04-08,294.55
CUST10449,2025-01-13,512.85
CUST10813,2024-01-29,192.47
CUST10861,2021-05-04,1227.65
CUST10004,2025-07-22,1711.45
CUST10326,2022-04-22,381.63
CUST10749,2024-09-25,843.57
CUST10677,2023-12-21,1277.69
CUST10391,2025-01-19,1354.77
CUST10429,2025-02-19,2304.51
CUST10732,2024-03-28,553.26
CUST10732,2022-04-19,1269.42
CUST10090,2025-04-19,255.48
CUST10450,2022-02-01,2082.98
CUST10417,2025-02-23,1665.34
CUST10430,2024-04-28,1141.74
CUST10541,2023-10-21,1155.13
CUST10049,2024-05-23,1293.31
CUST10774,2025-04-28,1013.68
CUST10620,2024-03-02,417.49
CUST10960,2021-09-12,576.99
CUST10198,2025-01-02,849.27
CUST10714,2024-12-30,499.69
CUST10582,2025-03-09,924.92
CUST10639,2023-09-07,277.24
CUST10159,2024-02-27,1116.09
CUST10407,2023-07-06,714.93
CUST10937,2022-12-26,515.59
CUST10036,2024-06-14,245.34
CUST10418,2025-03-20,1545.0
CUST10062,2024-10-17,734.98
CUST10809,2024-04-28,2330.46
CUST10131,2025-07-11,1695.14
CUST10874,2024-11-11,1742.2
CUST10732,2022-07-30,797.57
CUST10601,2024-09-10,1160.06
CUST10422,2022-11-02,465.61
CUST10492,2024-03-21,378.95
CUST10976,2024-05-18,726.82
CUST10287,2022-07-09,908.43
CUST10434,2024-04-05,2259.38
CUST10038,2025-07-12,1107.84
CUST10463,2025-03-24,2036.08
CUST10058,2022-11-15,274.01
CUST10411,2023-11-28,303.96
CUST10080,2022-01-07,848.76
CUST10591,2024-12-15,1259.89
CUST10073,2024-12-17,924.9
CUST10571,2024-10-06,814.49
CUST10606,2021-03-07,1927.08
CUST10437,2025-07-05,1135.21
CUST10320,2025-07-28,609.45
CUST10157,2023-05-09,693.28
CUST10097,2022-04-03,1332.05
CUST10296,2022-12-07,1026.09
CUST10292,2025-04-29,1593.85
CUST10269,2021-03-07,985.06
CUST10238,2023-09-20,747.81
CUST10968,2022-06-06,898.57
CUST10004,2025-05-26,605.01
CUST10128,2025-03-28,1619.45
CUST10975,2025-01-23,736.03
CUST10430,2024-05-21,318.6
CUST10933,2023-12-18,2321.16
CUST10293,2024-04-10,2620.83
CUST10088,2022-12-27,2007.6
CUST10896,2025-06-27,646.87
CUST10555,2024-04-09,1312.08
CUST10353,2023-10-23,1610.47
CUST10321,2023-05-04,991.7
CUST10992,2022-04-26,339.7
CUST10142,2024-10-12,339.74
CUST10759,2025-07-25,993.58
CUST10098,2024-12-08,762.45
CUST10048,2025-05-18,2570.92
CUST10064,2025-06-27,997.34
CUST10479,2023-06-14,1659.62
CUST10526,2021-10-27,3772.88
CUST10415,2022-03-23,533.03
CUST10716,2024-12-25,2023.1
CUST10723,2022-10-06,292.12
CUST10200,2022-02-25,1272.25
CUST10880,2024-09-28,2177.73
CUST10583,2023-07-07,986.97
CUST10490,2024-10-11,2495.72
CUST10143,2021-10-14,898.26
CUST10894,2024-05-17,894.84
CUST10023,2021-12-10,1223.99
CUST10882,2022-12-23,223.26
CUST10180,2023-05-22,1389.56
CUST10825,2022-06-05,403.44
CUST10020,2024-01-24,2937.1
CUST10347,2024-07-10,754.73
CUST10995,2022-09-28,651.31
CUST10687,2023-09-09,579.72
CUST10392,2023-05-15,621.75
CUST10330,2025-01-03,588.62
CUST10404,2023-07-10,401.32
CUST10366,2024-04-04,1373.56
CUST10384,2022-04-23,1318.85
CUST10611,2023-12-29,710.87
CUST10538,2022-08-27,332.99
CUST10267,2022-11-10,939.38
CUST10622,2024-08-02,430.98
CUST10861,2021-10-17,209.08
CUST10166,2024-02-11,399.92
CUST10475,2025-07-07,446.46
CUST10634,2025-07-01,1357.1
CUST10394,2025-06-26,2327.73
CUST10319,2021-08-11,468.38
CUST10303,2025-06-05,726.79
CUST10375,2024-04-24,1223.79
CUST10238,2023-04-27,991.57
CUST10041,2022-11-11,1304.71
CUST10617,2023-12-24,884.32
CUST10385,2025-03-25,1984.81
CUST10625,2023-12-12,462.62
CUST10703,2021-08-08,408.02
CUST10886,2025-01-12,1668.14
CUST10643,2024-05-30,1870.66
CUST10263,2022-05-01,1139.07
CUST10092,2021-04-01,1348.72
CUST10153,2022-11-22,1076.65
CUST10532,2021-03-27,178.06
CUST10805,2024-06-20,613.58
CUST10516,2022-05-16,193.82
CUST10253,2023-12-12,338.86
CUST10375,2023-05-04,1219.26
CUST10756,2020-10-01,737.75
CUST10913,2021-10-15,805.51
CUST10539,2024-08-12,1763.41
CUST10800,2024-04-14,484.6
CUST10823,2024-05-07,1055.6
CUST10282,2023-08-21,968.75
CUST10499,2023-10-14,1564.66
CUST10810,2021-11-05,312.09
CUST10380,2024-03-14,492.12
CUST10686,2023-04-28,1125.43
CUST10123,2025-07-05,1070.19
CUST10381,2024-08-28,743.11
CUST10038,2023-05-09,655.42
CUST10730,2025-05-15,382.39
CUST10963,2021-08-29,1208.52
CUST10717,2024-08-16,159.51
CUST10007,2023-09-16,3418.05
CUST10209,2024-10-30,579.74
CUST10353,2024-04-24,558.15
CUST10592,2025-05-28,85.44
CUST10385,2022-05-25,891.44
CUST10012,2025-01-02,1507.68
CUST10650,2023-09-20,569.8
CUST10130,2024-04-16,453.51
CUST10874,2024-07-31,796.16
CUST10481,2022-04-13,610.36
CUST10048,2024-11-02,1752.75
CUST10937,2024-08-07,485.15
CUST10764,2022-10-10,951.37
CUST10706,2024-01-22,1168.62
CUST10306,2025-07-20,642.01
CUST10618,2024-02-01,278.29
CUST10993,2024-06-11,837.84
CUST10612,2025-07-25,2837.19
CUST10100,2023-02-27,166.56
CUST10625,2023-02-15,174.75
CUST10769,2023-07-07,57.24
CUST10261,2021-07-31,559.77
CUST10393,2024-01-17,1237.4
CUST10357,2022-10-15,744.67
CUST10816,2023-06-23,473.28
CUST10588,2022-06-26,237.0
CUST10258,2024-01-28,1309.95
CUST10989,2023-06-28,1451.54
CUST10352,2025-04-20,759.92
CUST10951,2024-03-05,678.12
CUST10649,2024-01-01,1511.09
CUST10733,2024-06-05,922.19
CUST10555,2022-10-12,1642.93
CUST10493,2023-11-12,1442.91
CUST10352,2025-01-26,1355.43
CUST10421,2023-03-24,539.5
CUST10255,2024-02-07,3016.57
CUST10920,2022-08-25,563.13
CUST10624,2024-12-21,384.17
CUST10988,2024-12-04,777.48
CUST10210,2024-09-27,267.72
CUST10570,2022-06-13,1173.68
CUST10630,2024-11-17,1699.58
CUST10199,2022-09-20,2090.75
CUST10686,2024-12-29,512.37
CUST10849,2024-12-20,703.85
CUST10242,2021-11-11,487.39
CUST10698,2023-04-02,1266.35
CUST10889,2023-02-17,680.02
CUST10016,2025-07-26,690.73
CUST10411,2025-05-12,310.58
CUST10085,2022-04-08,646.09
CUST10182,2022-11-03,1268.46
CUST10214,2024-08-21,967.12
CUST10568,2024-02-18,149.66
CUST10005,2022-10-02,576.18
CUST10762,2024-09-06,459.48
CUST10257,2022-02-21,809.29
CUST10652,2024-11-05,1355.08
CUST10817,2024-03-13,736.22
CUST10149,2025-01-09,500.92
CUST10468,2022-08-25,316.41
CUST10562,2024-01-28,339.27
CUST10256,2022-09-21,641.86
CUST10888,2025-06-12,1983.07
CUST10072,2022-11-25,43.15
CUST10817,2024-09-14,1647.62
CUST10154,2022-01-02,111.2
CUST10229,2021-06-11,1294.5
CUST10583,2025-05-27,642.86
CUST10281,2024-03-25,680.95
CUST10169,2023-09-27,789.75
CUST10094,2024-10-26,971.85
CUST10743,2023-08-27,1336.95
CUST10565,2024-11-16,665.95
CUST10304,2025-04-11,845.73
CUST10990,2024-02-29,325.82
CUST10428,2024-07-09,2490.57
CUST10720,2024-11-12,533.18
CUST10574,2024-09-27,514.7
CUST10254,2025-07-15,634.16
CUST10262,2025-02-07,97.93
CUST10789,2023-09-14,790.49
CUST10238,2025-07-05,134.86
CUST10197,2023-09-04,439.86
CUST10739,2024-08-30,1254.49
CUST10987,2022-11-05,591.52
CUST10094,2024-09-22,1996.49
CUST10016,2024-04-03,548.09
CUST10231,2024-03-18,1143.81
CUST10156,2024-01-07,358.52
CUST10054,2024-08-08,866.08
CUST10647,2023-01-21,1698.25
CUST10226,2024-02-05,1430.67
CUST10196,2023-11-05,1122.7
CUST10703,2024-11-18,150.57
CUST10819,2023-03-16,1243.26
CUST10760,2022-07-16,1116.48
CUST10110,2023-03-12,904.94
CUST10248,2023-07-11,2485.89
CUST10899,2024-06-12,3600.73
CUST10501,2024-09-25,465.63
CUST10656,2021-10-13,1254.59
CUST10093,2025-03-26,299.86
CUST10288,2024-06-22,47.94
CUST10458,2023-07-04,1478.81
CUST10614,2025-07-29,869.86
CUST10548,2023-02-21,1399.07
CUST10477,2022-07-10,399.17
CUST10448,2023-09-19,1599.02
CUST10548,2023-01-05,1154.3
CUST10715,2025-01-11,138.27
CUST10597,2024-02-07,1015.45
CUST10458,2025-03-07,318.4
CUST10619,2024-06-27,619.85
CUST10142,2023-03-04,459.55
CUST10777,2025-05-25,785.05
CUST10704,2024-05-15,327.55
CUST10350,2024-12-15,943.04
CUST10697,2023-06-19,1479.96
CUST10317,2024-06-13,1417.52
CUST10778,2022-08-12,179.13
CUST10130,2024-09-10,998.8
CUST10107,2024-12-25,1037.65
CUST10140,2024-06-10,504.89
CUST10129,2024-08-14,457.15
CUST10738,2022-03-25,388.13
CUST10723,2025-07-14,374.65
CUST10714,2024-12-10,1380.48
CUST10677,2023-11-27,1447.08
CUST10299,2024-04-10,1515.58
CUST10526,2021-05-26,1092.55
CUST10890,2022-07-30,381.03
CUST10230,2025-03-25,233.19
CUST10436,2024-11-30,1177.97
CUST10673,2023-03-04,503.33
CUST10389,2023-12-21,1575.01
CUST10180,2024-10-16,255.79
CUST10639,2022-02-05,2366.09
CUST10620,2024-09-27,835.59
CUST10920,2024-03-15,1006.92
CUST10911,2024-09-09,1348.61
CUST10995,2023-01-26,2159.13
CUST10420,2022-04-06,1132.17
CUST10176,2024-01-15,1086.69
CUST10493,2022-09-01,2613.87
CUST10056,2023-10-01,2225.19
CUST10770,2024-07-06,415.97
CUST10082,2025-03-26,1184.32
CUST10923,2025-01-05,314.04
CUST10445,2024-10-14,1783.54
CUST10420,2023-04-05,491.74
CUST10103,2024-08-12,48.37
CUST10944,2025-02-05,1955.42
CUST10804,2024-09-13,945.19
CUST10640,2025-01-29,2406.45
CUST10752,2021-03-09,2474.18
CUST10291,2024-04-01,1668.64
CUST10036,2025-05-26,422.06
CUST10807,2024-08-13,319.74
CUST10695,2023-10-05,2609.24
CUST10222,2024-04-22,1510.74
CUST10865,2025-02-01,198.23
CUST10053,2025-02-13,709.68
CUST10924,2024-08-05,1961.3
CUST10599,2023-04-11,58.33
CUST10036,2024-12-02,1382.41
CUST10637,2025-01-27,410.48
CUST10178,2024-07-04,1583.89
CUST10568,2023-06-29,894.42
CUST10400,2023-12-14,163.78
CUST10335,2022-07-18,1738.93
CUST10245,2024-12-30,2476.2
CUST10500,2024-05-02,668.76
CUST10937,2022-05-26,776.41
CUST10513,2025-04-03,397.07
CUST10247,2024-09-02,565.14
CUST10373,2022-05-06,829.2
CUST10474,2024-01-13,600.38
CUST10945,2024-09-10,917.07
CUST10336,2024-06-28,1201.34
CUST10756,2023-07-30,892.68
CUST10665,2022-11-22,1820.72
CUST10595,2024-11-12,1236.95
CUST10223,2024-06-24,976.48
CUST10730,2022-09-10,2002.77
CUST10710,2024-09-22,673.29
CUST10179,2025-06-18,519.15
CUST10602,2023-10-18,1263.63
CUST10138,2025-05-25,736.42
CUST10560,2025-02-22,1020.39
CUST10116,2024-12-14,1320.82
CUST10447,2022-11-12,610.17
CUST10978,2022-06-03,2244.34
CUST10331,2025-03-14,412.3
CUST10059,2024-08-13,846.96
CUST10961,2024-08-05,854.42
CUST10109,2023-04-03,1101.47
CUST10486,2024-07-02,398.83
CUST10978,2023-03-04,271.68
CUST10171,2021-08-25,1709.11
CUST10398,2023-05-26,1351.54
CUST10273,2025-01-13,490.85
CUST10353,2023-08-10,1212.27
CUST10404,2024-03-24,1002.27
CUST10002,2023-12-05,1328.88
CUST10418,2024-03-01,1320.59
CUST10506,2024-02-26,1123.81
CUST10488,2023-06-11,1263.85
CUST10787,2023-07-25,466.42
CUST10706,2025-07-08,1322.6
CUST10596,2025-06-25,457.75
CUST10362,2025-05-09,1273.33
CUST10254,2024-08-27,1575.78
CUST10707,2024-06-03,457.31
CUST10193,2024-08-07,1939.37
CUST10500,2023-04-03,750.4
CUST10532,2023-09-28,955.83
CUST10314,2023-03-16,722.99
CUST10883,2024-09-29,2182.59
CUST10906,2021-03-18,649.8
CUST10121,2025-02-19,1185.42
CUST10170,2024-10-24,493.71
CUST10482,2023-04-14,933.83
CUST10791,2024-01-21,264.37
CUST10979,2025-05-13,881.84
CUST10257,2024-11-16,718.82
CUST10083,2023-01-06,2605.1
CUST10102,2022-09-29,1132.75
CUST10388,2023-07-21,695.95
CUST10915,2023-12-18,1159.14
CUST10324,2021-11-14,1110.46
CUST10021,2024-02-13,1043.08
CUST10086,2022-01-24,1091.38
CUST10348,2024-12-01,444.51
CUST10039,2023-12-14,420.03
CUST10568,2022-04-03,501.11
CUST10985,2025-02-17,1677.48
CUST10207,2023-02-15,443.84
CUST10564,2024-08-03,117.36
CUST10083,2023-11-25,1203.98
CUST10421,2024-05-14,1863.35
CUST10202,2023-12-10,761.47
CUST10104,2024-11-11,199.99
CUST10842,2025-01-18,538.54
CUST10320,2024-12-11,1771.27
CUST10471,2024-11-12,747.99
CUST10769,2025-02-07,675.6
CUST10492,2024-05-31,602.33
CUST10101,2022-06-28,1002.43
CUST10598,2022-04-05,743.05
CUST10447,2023-04-24,1702.33
CUST10519,2023-03-06,3503.31
CUST10348,2024-12-08,479.67
CUST10093,2025-05-15,1230.71
CUST10970,2023-05-05,221.04
CUST10218,2022-05-10,699.22
CUST10871,2025-05-18,1561.5
CUST10553,2025-03-19,502.5
CUST10692,2025-03-09,1000.02
CUST10757,2024-09-23,257.37
CUST10583,2025-03-11,777.76
CUST10396,2025-04-04,2333.73
CUST10805,2024-09-17,275.49
CUST10820,2022-11-21,215.72
CUST10181,2024-02-13,1232.55
CUST10563,2025-04-15,773.56
CUST10366,2023-07-15,394.98
CUST10161,2022-10-26,1207.08
CUST10912,2025-04-24,3007.2
CUST10052,2022-02-16,981.58
CUST10469,2024-03-13,31.18
CUST10076,2024-06-10,238.63
CUST10178,2023-11-06,988.6
CUST10674,2025-01-30,945.95
CUST10232,2025-05-19,1534.61
CUST10920,2023-10-18,1517.84
CUST10195,2024-02-20,1149.05
CUST10270,2023-06-15,456.26
CUST10001,2025-03-22,1112.21
CUST10448,2024-08-07,336.85
CUST10840,2023-02-14,1405.38
CUST10938,2024-11-17,1912.16
CUST10522,2025-03-13,1628.93
CUST10666,2022-08-04,1060.68
CUST10529,2025-04-16,309.72
CUST10229,2023-01-20,1530.78
CUST10342,2022-01-05,1091.92
CUST10356,2023-08-19,808.93
CUST10488,2023-12-14,747.15
CUST10384,2021-10-31,1474.44
CUST10057,2022-01-28,487.84
CUST10233,2022-03-20,1359.4
CUST10963,2021-01-01,651.38
CUST10928,2025-06-26,1242.71
CUST10185,2025-06-23,881.27
CUST10275,2025-07-08,80.34
CUST10815,2024-08-08,398.28
CUST10986,2023-02-22,632.84
CUST10084,2025-03-18,584.94
CUST10726,2023-05-14,1109.16
CUST10722,2025-03-07,429.63
CUST10758,2023-08-18,897.42
CUST10302,2024-07-22,307.55
CUST10420,2024-04-07,763.9
CUST10570,2023-08-15,1428.85
CUST10402,2021-11-17,1412.6
CUST10239,2024-11-30,1916.96
CUST10006,2024-01-12,488.01
CUST10924,2023-09-26,491.55
CUST10965,2025-05-14,338.13
CUST10654,2024-10-02,427.23
CUST10533,2024-05-25,621.03
CUST10197,2025-06-18,1149.44
CUST10943,2024-08-23,785.1
CUST10602,2025-02-06,259.9
CUST10160,2024-05-23,881.95
CUST10124,2023-06-19,1540.67
CUST10022,2024-11-21,2639.37
CUST10464,2023-07-22,1154.84
CUST10737,2023-05-23,961.46
CUST10318,2024-05-19,1013.84
CUST10574,2025-07-04,298.64
CUST10077,2022-07-27,1359.51
CUST10802,2023-11-01,372.42
CUST10300,2022-10-25,1350.95
CUST10055,2023-04-29,324.48
CUST10225,2022-12-04,504.62
CUST10596,2024-06-20,636.92
CUST10923,2025-04-22,1589.24
CUST10797,2023-08-14,50.91
CUST10011,2021-02-09,515.34
CUST10081,2025-07-11,1698.85
CUST10112,2022-03-07,230.31
CUST10071,2025-06-10,867.89
CUST10816,2023-05-07,976.53
CUST10537,2025-01-10,573.91
CUST10755,2023-08-30,603.16
CUST10236,2022-12-15,908.25
CUST10513,2024-02-05,2378.38
CUST10789,2023-05-13,1916.64
CUST10983,2023-05-10,601.24
CUST10113,2022-04-27,1458.41
CUST10470,2024-01-26,941.63
CUST10981,2025-02-11,1177.7
CUST10875,2024-03-23,669.53
CUST10375,2024-08-11,1349.18
CUST10743,2023-10-23,738.37
CUST10732,2023-02-03,1048.49
CUST10734,2025-03-16,2147.95
CUST10805,2024-08-11,595.51
CUST10833,2022-09-21,1631.52
CUST10256,2023-11-06,873.89
CUST10576,2025-02-23,770.54
CUST10529,2025-04-23,249.74
CUST10833,2025-02-15,1521.38
CUST10785,2024-03-04,1849.92
CUST10173,2023-04-04,724.58
CUST10831,2023-05-11,633.16
CUST10095,2024-04-21,571.79
CUST10868,2025-07-06,812.34
CUST10932,2023-08-08,358.12
CUST10962,2023-09-24,252.02
CUST10279,2023-04-01,211.38
CUST10087,2024-11-12,696.48
CUST10693,2025-07-08,256.91
CUST10542,2023-04-12,593.21
CUST10003,2023-10-22,732.66
CUST10763,2025-01-07,414.88
CUST10854,2022-11-22,960.51
CUST10064,2023-08-14,242.7
CUST10410,2024-09-29,863.2
CUST10649,2024-11-09,168.76
CUST10054,2024-04-21,1006.58
CUST10876,2025-04-27,335.32
CUST10478,2024-04-23,1460.81
CUST10659,2025-03-20,895.14
CUST10458,2023-01-19,1419.14
CUST10498,2024-09-08,772.44
CUST10046,2025-02-25,860.61
CUST10936,2024-07-29,1540.1
CUST10053,2024-07-10,1838.57
CUST10953,2023-11-21,1321.44
CUST10871,2025-05-14,228.13
CUST10152,2024-10-30,612.95
CUST10700,2024-05-11,3031.18
CUST10027,2025-05-15,441.76
CUST10932,2023-04-27,994.89
CUST10106,2024-07-12,799.47
CUST10690,2025-03-21,2379.8
CUST10770,2024-03-13,860.84
CUST10759,2025-05-06,1012.7
CUST10924,2025-02-02,1304.73
CUST10789,2024-02-04,1037.22
CUST10915,2022-06-10,296.28
CUST10886,2023-09-18,1097.59
CUST10779,2022-11-08,900.69
CUST10401,2024-09-02,1820.62
CUST10162,2022-06-19,2215.18
CUST10991,2024-10-09,765.05
CUST10910,2021-06-05,2064.76
CUST10086,2025-07-06,1756.75
CUST10962,2024-05-21,1986.23
CUST10280,2023-06-20,1433.25
CUST10754,2024-03-16,754.01
CUST10388,2024-08-01,1216.6
CUST10903,2024-08-25,1103.87
CUST10718,2024-06-07,693.13
CUST10450,2023-02-10,843.97
CUST10643,2022-05-27,1324.05
CUST10045,2024-09-05,552.0
CUST10646,2024-04-01,464.89
CUST10504,2025-01-25,260.87
CUST10026,2023-07-09,813.75
CUST10985,2024-08-02,915.87
CUST10641,2023-12-24,228.37
CUST10131,2024-11-12,363.32
CUST10248,2022-10-24,1235.35
CUST10291,2023-01-17,656.48
CUST10797,2023-05-11,177.21
CUST10144,2025-06-22,1366.36
CUST10018,2022-06-05,594.5
CUST10760,2023-10-10,249.42
CUST10401,2025-03-18,1316.05
CUST10504,2025-06-06,1113.98
CUST10030,2023-05-30,1072.44
CUST10892,2025-03-18,1392.37
CUST10242,2021-08-15,1428.24
CUST10959,2022-03-13,349.64
CUST10470,2024-05-02,138.65
CUST10177,2025-05-02,1429.64
CUST10366,2021-05-25,470.7
CUST10036,2024-10-18,695.48
CUST10570,2021-06-08,2912.7
CUST10845,2021-08-06,384.42
CUST10890,2024-06-27,1131.93
CUST10912,2024-03-24,958.55
CUST10103,2024-12-26,1487.48
CUST10794,2025-05-15,963.97
CUST10483,2023-11-29,1001.53
CUST10354,2025-06-27,1174.25
CUST10855,2025-02-04,950.13
CUST10136,2025-06-02,1159.5
CUST10380,2024-04-16,322.66
CUST10523,2023-09-15,1349.61
CUST10367,2024-11-08,595.24
CUST10362,2025-06-12,1353.46
CUST10220,2023-04-02,121.31
CUST10071,2025-02-27,1044.05
CUST10791,2021-09-06,763.82
CUST10875,2023-10-26,732.39
CUST10170,2024-06-18,339.35
CUST10344,2025-04-05,1249.01
CUST10550,2023-05-05,733.34
CUST10902,2024-06-17,4878.35
CUST10456,2024-09-21,634.9
CUST10155,2025-06-22,660.67
CUST10266,2025-07-19,993.38
CUST10906,2024-01-02,240.16
CUST10003,2023-10-30,646.57
CUST10698,2023-08-25,633.97
CUST10786,2024-03-04,305.76
CUST10500,2025-07-10,1814.27
CUST10766,2024-10-02,1008.89
CUST10127,2024-07-20,276.12
CUST10842,2024-11-12,1703.12
CUST10820,2024-04-25,502.76
CUST10279,2025-04-19,1509.82
CUST10462,2022-12-24,1026.04
CUST10196,2024-08-02,572.37
CUST10610,2025-07-25,2748.76
CUST10893,2022-01-10,503.42
CUST10934,2022-09-30,874.45
CUST10930,2025-02-16,503.0
CUST10085,2021-05-15,790.24
CUST10002,2025-03-22,1074.56
CUST10217,2025-07-25,579.48
CUST10586,2024-07-03,510.78
CUST10355,2022-04-28,305.25
CUST10802,2024-04-04,496.95
CUST10892,2024-03-27,588.87
CUST10171,2023-08-18,808.93
CUST10383,2024-01-16,563.38
CUST10901,2025-01-06,1276.96
CUST10508,2023-12-10,2223.53
CUST10833,2024-03-12,129.75
CUST10458,2024-02-12,648.32
CUST10437,2024-06-01,3065.92
CUST10138,2024-05-03,338.92
CUST10928,2024-06-15,3202.55
CUST10321,2023-07-14,2970.25
CUST10511,2024-12-22,528.99
CUST10400,2024-10-16,220.85
CUST10216,2022-11-22,730.51
CUST10941,2025-05-25,823.01
CUST10099,2023-10-17,843.51
CUST10844,2024-08-06,250.8
CUST10744,2023-11-20,490.37
CUST10046,2025-06-28,335.91
CUST10733,2024-03-16,241.51
CUST10363,2024-08-26,1069.41
CUST10424,2023-11-07,990.89
CUST10094,2025-05-20,384.54
CUST10272,2022-09-13,2782.33
CUST10547,2024-08-01,1328.71
CUST10973,2024-11-03,487.45
CUST10584,2022-08-06,545.98
CUST10322,2024-09-12,1233.65
CUST10005,2021-12-29,404.58
CUST10357,2024-08-27,933.09
CUST10924,2024-02-14,325.93
CUST10023,2024-06-12,1358.27
CUST10101,2023-02-13,3475.75
CUST10163,2024-08-23,1534.03
CUST10236,2022-09-05,1328.95
CUST10579,2024-12-24,939.86
CUST10039,2024-05-10,753.48
CUST10130,2024-03-28,1682.92
CUST10727,2025-03-14,980.88
CUST10963,2024-06-10,1428.42
CUST10427,2022-06-18,94.68
CUST10551,2024-11-26,2034.03
CUST10760,2024-12-10,2358.22
CUST10568,2023-06-22,651.59
CUST10155,2024-07-29,1253.47
CUST10434,2024-09-08,1014.5
CUST10373,2023-07-05,1459.32
CUST10930,2024-12-08,2669.97
CUST10529,2024-06-21,1262.34
CUST10311,2024-05-02,463.95
CUST10745,2024-06-27,146.49
CUST10811,2021-09-29,904.36
CUST10183,2023-12-22,588.65
CUST10770,2023-12-06,133.56
CUST10268,2025-04-13,781.25
CUST10058,2023-11-11,269.77
CUST10324,2023-07-14,331.88
CUST10407,2024-11-17,811.49
CUST10382,2024-07-04,784.31
CUST10041,2023-09-06,1873.09
CUST10669,2023-09-01,918.46
CUST10060,2023-11-22,922.85
CUST10697,2021-04-05,464.83
CUST10003,2023-04-07,1614.15
CUST10333,2022-06-10,1429.27
CUST10433,2025-07-17,1747.56
CUST10899,2024-01-17,1043.63
CUST10865,2025-01-28,1396.34
CUST10697,2024-03-03,1111.74
CUST10883,2025-06-08,252.41
CUST10113,2024-03-19,1020.7
CUST10717,2025-01-03,2967.04
CUST10835,2025-06-07,168.36
CUST10187,2024-01-08,1493.44
CUST10999,2025-06-25,1883.6
CUST10863,2024-11-10,332.45
CUST10485,2023-11-27,1354.5
CUST10904,2023-09-16,474.13
CUST10996,2025-02-01,102.78
CUST10760,2022-06-14,637.8
CUST10022,2024-10-06,840.73
CUST10958,2023-09-30,435.12
CUST10347,2025-07-09,536.69
CUST10619,2025-06-23,500.15
CUST10104,2025-03-22,1089.93
CUST10360,2024-12-11,1586.47
CUST10578,2024-08-10,564.04
CUST10882,2025-07-09,287.99
CUST10841,2025-01-17,1446.2
CUST10345,2024-04-05,797.07
CUST10153,2025-02-12,419.0
CUST10171,2023-05-10,459.83
CUST10060,2024-01-10,2113.27
CUST10171,2024-02-21,970.57
CUST10317,2025-03-20,780.7
CUST10507,2024-08-30,2310.23
CUST10873,2023-12-07,419.55
CUST10476,2024-11-24,898.06
CUST10152,2024-06-24,404.34
CUST10935,2023-06-04,574.02
CUST10496,2024-09-15,782.17
CUST10864,2024-07-08,625.88
CUST10632,2025-07-25,650.17
CUST10032,2024-01-05,377.51
CUST10353,2022-09-19,2246.08
CUST10353,2024-09-14,2048.97
CUST10758,2022-01-31,627.33
CUST10342,2024-02-09,860.82
CUST10833,2023-10-14,1448.09
CUST10345,2025-04-11,1305.41
CUST10040,2021-04-20,1406.69
CUST10936,2024-05-12,516.11
CUST10104,2025-06-06,950.71
CUST10769,2024-07-15,1305.91
CUST10830,2024-12-01,708.27
CUST10414,2021-10-09,729.08
CUST10417,2024-10-13,939.86
CUST10510,2025-02-01,118.39
CUST10830,2024-01-14,619.73
CUST10475,2025-07-15,2116.01
CUST10729,2024-06-08,266.49
CUST10854,2025-05-04,1007.49
CUST10898,2024-04-18,572.08
CUST10647,2021-12-11,1095.14
CUST10214,2025-03-01,592.28
CUST10205,2023-09-05,1708.86
CUST10111,2024-02-19,455.72
CUST10046,2025-07-03,1213.14
CUST10544,2022-05-15,3281.75
CUST10056,2023-01-22,1479.12
CUST10493,2024-11-02,355.95
CUST10964,2024-01-14,703.9
CUST10257,2022-06-05,1615.5
CUST10610,2024-04-16,2410.59
CUST10241,2021-07-30,2694.93
CUST10539,2023-04-06,1694.18
CUST10730,2024-01-12,1480.99
CUST10553,2022-12-19,2289.53
CUST10082,2025-06-18,1062.98
CUST10394,2025-02-08,1514.63
CUST10547,2025-01-03,353.05
CUST10527,2025-02-24,302.22
CUST10347,2024-01-12,858.36
CUST10779,2024-09-28,876.77
CUST10879,2024-02-08,835.92
CUST10102,2024-12-13,1325.96
CUST10562,2025-03-12,764.03
CUST10236,2022-10-18,96.35
CUST10402,2023-04-04,493.86
CUST10300,2021-07-23,1750.64
CUST10867,2022-05-26,1188.75
CUST10626,2024-09-08,370.67
CUST10665,2025-05-12,1164.96
CUST10871,2022-01-19,642.21
CUST10355,2023-11-18,1878.01
CUST10433,2025-02-19,1538.23
CUST10014,2025-04-27,3493.05
CUST10694,2023-03-29,1138.73
CUST10901,2024-10-24,1061.62
CUST10047,2023-05-08,395.92
CUST10263,2021-10-21,1539.21
CUST10746,2023-12-24,4064.75
CUST10123,2022-02-23,342.59
CUST10923,2024-12-07,431.97
CUST10993,2022-07-05,899.0
CUST10339,2023-04-01,943.37
CUST10521,2023-11-26,1618.87
CUST10131,2024-07-28,727.7
CUST10347,2023-04-06,330.09
CUST10057,2022-01-18,1135.83
CUST10600,2025-02-01,1539.62
CUST10100,2024-08-16,757.61
CUST10381,2023-11-01,1397.82
CUST10331,2025-05-18,2074.28
CUST10586,2024-07-24,1473.47
CUST10484,2022-03-13,668.67
CUST10286,2024-05-25,1258.46
CUST10794,2023-11-21,1713.46
CUST10865,2025-02-20,1168.03
CUST10653,2023-10-07,796.11
CUST10784,2022-11-14,421.32
CUST10259,2025-06-03,487.13
CUST10180,2024-05-10,1143.12
CUST10490,2024-09-24,706.29
CUST10954,2024-05-13,397.14
CUST10915,2023-04-16,1822.07
CUST10317,2024-07-25,1698.54
CUST10187,2024-02-19,1431.43
CUST10002,2025-07-12,561.68
CUST10213,2023-11-26,539.0
CUST10706,2025-03-17,758.1
CUST10172,2024-07-12,1144.27
CUST10697,2023-08-20,836.71
CUST10155,2024-11-19,673.77
CUST10284,2024-06-19,786.42
CUST10642,2022-10-24,284.33
CUST10934,2024-05-15,1487.69
CUST10497,2024-06-12,1048.32
CUST10974,2025-07-04,1347.61
CUST10918,2023-02-26,549.3
CUST10096,2022-09-13,1287.96
CUST10849,2025-07-15,2090.67
CUST10589,2025-07-28,515.47
CUST10506,2022-05-17,1732.63
CUST10286,2024-07-22,853.42
CUST10158,2025-07-07,1080.46
CUST10184,2023-06-27,437.52
CUST10026,2023-06-18,942.79
CUST10983,2024-10-09,941.13
CUST10059,2025-01-28,447.15
CUST10617,2024-11-28,697.08
CUST10986,2023-02-25,228.54
CUST10034,2021-12-23,4033.7
CUST10511,2024-10-18,1224.85
CUST10184,2022-12-06,2165.71
CUST10380,2024-07-05,133.91
CUST10224,2021-07-12,1289.83
CUST10570,2024-09-17,144.66
CUST10217,2022-06-11,642.66
CUST10029,2024-09-22,717.77
CUST10572,2025-06-11,1895.95
CUST10554,2024-04-07,1224.62
CUST10882,2023-02-22,1341.44
CUST10545,2024-12-15,3407.06
CUST10282,2023-12-27,1989.52
CUST10605,2022-12-12,1031.03
CUST10706,2024-10-20,596.86
CUST10233,2023-02-20,917.71
CUST10498,2024-08-02,2810.48
CUST10595,2023-09-11,964.56
CUST10547,2024-10-01,785.13
CUST10043,2023-06-21,1519.36
CUST10104,2025-05-28,135.59
CUST10093,2022-11-09,531.75
CUST10328,2024-12-06,2922.01
CUST10461,2023-05-26,1263.68
CUST10487,2024-12-26,342.39
CUST10246,2024-04-14,2688.57
CUST10439,2024-04-09,888.39
CUST10216,2023-01-23,1582.47
CUST10020,2024-05-01,796.34
CUST10134,2023-10-28,997.39
CUST10731,2024-11-27,632.03
CUST10821,2024-07-12,1249.89
CUST10943,2024-05-15,2545.45
CUST10193,2024-04-06,1234.96
CUST10164,2025-03-14,1296.68
CUST10277,2024-03-31,321.83
CUST10023,2024-11-21,1012.45
CUST10963,2021-04-23,1180.1
CUST10383,2024-01-18,206.48
CUST10467,2024-10-26,777.4
CUST10290,2023-04-08,1368.91
CUST10975,2022-04-08,558.98
CUST10302,2023-01-22,1504.94
CUST10669,2024-11-07,200.13
CUST10382,2024-11-13,210.13
CUST10148,2024-04-17,709.44
CUST10509,2023-02-16,775.89
CUST10781,2023-05-08,1597.42
CUST10334,2022-05-29,905.41
CUST10448,2022-07-22,1159.82
CUST10770,2024-12-15,350.91
CUST10356,2022-01-21,1298.97
CUST10000,2023-09-21,784.13
CUST10773,2024-09-26,326.13
CUST10190,2023-06-09,844.12
CUST10854,2024-10-29,593.91
CUST10040,2025-04-22,457.64
CUST10532,2025-04-27,1208.02
CUST10675,2024-11-18,465.35
CUST10901,2023-04-28,115.08
CUST10109,2024-06-27,802.4
CUST10444,2022-07-29,652.94
CUST10152,2024-10-30,2781.52
CUST10426,2023-04-30,2023.2
CUST10333,2023-11-11,321.32
CUST10901,2024-04-28,1270.54
CUST10291,2025-06-17,2499.17
CUST10655,2025-01-21,206.47
CUST10576,2024-11-20,793.93
CUST10168,2024-03-14,362.9
CUST10163,2024-09-19,2490.0
CUST10496,2025-07-20,1962.24
CUST10942,2024-03-13,186.73
CUST10777,2023-09-17,1189.76
CUST10432,2023-08-20,471.85
CUST10055,2024-04-19,464.59
CUST10190,2024-09-09,610.08
CUST10652,2022-03-23,426.47
CUST10889,2023-12-14,1739.16
CUST10134,2024-02-29,1588.88
CUST10986,2022-02-23,2019.13
CUST10367,2023-03-26,1219.32
CUST10754,2022-08-15,2955.31
CUST10963,2023-01-18,623.67
CUST10114,2022-03-07,1048.31
CUST10400,2022-12-05,77.53
CUST10431,2023-10-30,787.64
CUST10959,2022-03-19,1392.37
CUST10290,2024-04-28,1546.18
CUST10592,2025-02-16,1009.01
CUST10346,2022-08-22,919.43
CUST10811,2025-03-17,1344.7
CUST10178,2025-02-17,340.45
CUST10404,2024-02-10,118.16
CUST10272,2021-08-17,984.01
CUST10486,2025-03-08,317.31
CUST10416,2023-03-14,200.69
CUST10232,2022-03-10,273.87
CUST10224,2023-10-30,822.51
CUST10402,2022-05-10,1563.53
CUST10592,2024-12-16,601.99
CUST10248,2022-11-08,1097.88
CUST10134,2023-12-25,864.36
CUST10658,2023-03-09,476.71
CUST10071,2022-05-24,420.14
CUST10613,2024-01-25,891.38
CUST10358,2024-10-05,931.99
CUST10633,2024-12-21,428.85
CUST10888,2025-05-05,193.27
CUST10429,2024-11-15,893.74
CUST10890,2025-05-16,1893.54
CUST10932,2023-02-28,1121.19
CUST10504,2024-02-01,678.96
CUST10195,2024-09-14,621.44
CUST10796,2023-10-20,567.0
CUST10572,2024-10-05,953.96
CUST10812,2025-05-21,1391.49
CUST10313,2025-07-16,231.69
CUST10677,2024-11-21,569.98
CUST10576,2025-07-22,406.97
CUST10876,2024-12-28,575.8
CUST10696,2024-01-19,1683.25
CUST10239,2025-02-14,1372.19
CUST10530,2023-05-10,421.6
CUST10534,2025-04-11,1218.88
CUST10813,2022-11-23,663.32
CUST10876,2024-12-07,2090.01
CUST10366,2021-06-15,1467.39
CUST10093,2023-08-01,266.89
CUST10192,2022-12-04,2012.03
CUST10034,2024-05-01,1113.0
CUST10130,2024-07-25,1075.0
CUST10436,2023-05-01,698.17
CUST10164,2023-05-21,1585.97
CUST10591,2024-12-13,1384.21
CUST10603,2021-04-22,252.15
CUST10908,2025-05-22,351.26
CUST10506,2022-03-09,1606.3
CUST10472,2024-12-17,1425.05
CUST10624,2025-06-06,4198.46
CUST10107,2023-11-20,944.65
CUST10462,2024-03-11,235.82
CUST10180,2025-07-12,286.68
CUST10225,2023-07-07,962.34
CUST10796,2024-03-22,2079.1
CUST10945,2023-12-11,1682.59
CUST10569,2024-10-05,351.48
CUST10323,2025-06-11,383.37
CUST10638,2024-10-01,388.99
CUST10551,2025-06-03,90.97
CUST10703,2023-01-06,1382.1
CUST10789,2024-02-25,920.62
CUST10535,2024-08-25,1802.05
CUST10843,2023-11-05,127.99
CUST10194,2024-05-24,1036.92
CUST10120,2024-11-26,1421.22
CUST10697,2021-08-20,732.89
CUST10295,2024-09-08,442.45
CUST10510,2025-05-30,2025.1
CUST10893,2025-02-12,559.35
CUST10799,2025-02-25,386.71
CUST10686,2023-12-02,1566.7
CUST10985,2024-09-22,1273.27
CUST10241,2021-08-22,438.32
CUST10797,2023-11-06,85.61
CUST10936,2025-05-05,1540.84
CUST10803,2023-05-16,464.93
CUST10008,2025-05-25,1572.22
CUST10299,2024-03-18,191.65
CUST10326,2021-07-17,1523.82
CUST10815,2024-08-30,1690.97
CUST10667,2023-09-19,2163.05
CUST10305,2024-10-21,1292.13
CUST10849,2021-04-29,427.36
CUST10957,2024-10-22,2601.49
CUST10195,2024-12-02,2095.31
CUST10187,2025-04-04,490.23
CUST10485,2024-05-29,1531.19
CUST10922,2025-02-08,1053.21
CUST10355,2024-08-07,1025.35
CUST10799,2024-11-30,1119.77
CUST10224,2022-10-09,2911.48
CUST10463,2024-08-31,913.23
CUST10183,2023-09-04,729.54
CUST10491,2024-11-09,260.48
CUST10423,2024-09-01,1372.12
CUST10798,2023-03-31,2560.06
CUST10871,2022-12-12,542.51
CUST10442,2024-07-21,1696.11
CUST10865,2024-09-11,968.73
CUST10748,2022-10-09,350.89
CUST10916,2023-05-10,247.99
CUST10884,2024-01-09,918.47
CUST10071,2025-05-09,81.61
CUST10439,2025-07-14,1279.39
CUST10044,2022-09-08,1046.73
CUST10580,2024-09-29,507.92
CUST10631,2024-10-16,2015.64
CUST10877,2025-01-12,1033.91
CUST10129,2025-07-02,826.92
CUST10763,2024-09-18,454.8
CUST10509,2022-08-30,568.8
CUST10121,2025-02-18,1538.29
CUST10311,2024-12-20,884.64
CUST10310,2024-11-26,1092.12
CUST10368,2024-09-14,1438.46
CUST10440,2023-09-28,1187.01
CUST10426,2022-08-16,822.69
CUST10296,2021-12-29,1372.97
CUST10408,2024-12-10,612.38
CUST10727,2025-01-10,687.04
CUST10780,2025-05-29,882.18
CUST10913,2022-04-13,560.39
CUST10510,2022-09-11,795.57
CUST10506,2021-10-23,796.23
CUST10730,2022-04-22,409.75
CUST10880,2024-02-19,2048.87
CUST10145,2025-05-16,296.09
CUST10269,2021-12-16,3453.38
CUST10976,2025-05-28,2364.79
CUST10636,2025-03-02,617.33
CUST10667,2023-09-06,369.12
CUST10355,2022-03-05,1165.92
CUST10406,2021-09-21,858.46
CUST10046,2024-11-20,238.1
CUST10309,2025-03-24,2143.44
CUST10149,2025-05-28,746.03
CUST10309,2023-11-07,1878.83
CUST10314,2022-07-26,637.68
CUST10173,2022-11-21,700.29
CUST10035,2020-11-20,2425.86
CUST10786,2023-01-08,2006.51
CUST10677,2025-07-21,444.32
CUST10389,2024-10-22,618.25
CUST10825,2025-06-13,555.3
CUST10897,2022-12-27,548.01
CUST10080,2024-11-03,260.2
CUST10569,2024-09-10,135.77
CUST10596,2025-01-03,690.06
CUST10268,2021-01-06,844.03
CUST10523,2024-10-07,1598.39
CUST10941,2023-10-30,545.06
CUST10187,2023-11-11,1507.98
CUST10444,2021-12-12,356.84
CUST10411,2023-12-15,2080.01
CUST10055,2021-07-06,452.71
CUST10613,2024-08-01,323.6
CUST10569,2025-05-14,1075.24
CUST10457,2024-08-19,1614.92
CUST10179,2024-12-31,1259.22
CUST10464,2024-09-22,494.38
CUST10533,2025-06-20,361.9
CUST10503,2023-05-20,1314.74
CUST10051,2025-06-10,1543.17
CUST10313,2023-12-05,755.73
CUST10804,2024-01-27,1447.15
CUST10494,2024-12-18,497.37
CUST10959,2025-01-20,633.78
CUST10122,2025-06-23,340.98
CUST10608,2024-06-17,2793.86
CUST10085,2020-12-21,1227.14
CUST10654,2023-10-23,1215.91
CUST10393,2024-09-07,313.14
CUST10727,2022-04-26,1884.59
CUST10086,2024-08-16,436.58
CUST10448,2022-05-24,1665.45
CUST10380,2024-02-24,2963.05
CUST10848,2025-07-03,1110.74
CUST10227,2022-12-25,2319.63
CUST10430,2024-10-03,3043.16
CUST10331,2021-07-23,909.21
CUST10086,2024-06-20,425.93
CUST10681,2025-02-21,694.26
CUST10864,2022-01-24,642.96
CUST10695,2025-06-26,1457.68
CUST10386,2024-09-09,1719.08
CUST10354,2023-09-09,1274.78
CUST10716,2025-04-07,2161.16
CUST10523,2023-06-04,2620.7
CUST10083,2024-08-23,517.33
CUST10528,2022-04-14,856.89
CUST10751,2024-07-16,668.01
CUST10054,2022-09-13,1433.55
CUST10227,2024-12-04,409.15
CUST10441,2025-04-16,1539.46
CUST10077,2022-07-08,911.64
CUST10573,2023-03-07,97.05
CUST10038,2025-03-22,1645.04
CUST10190,2023-08-04,2692.91
CUST10863,2025-06-03,611.85
CUST10904,2021-04-09,1150.98
CUST10215,2022-07-13,3626.06
CUST10944,2023-05-30,3960.68
CUST10423,2021-07-20,517.78
CUST10106,2025-03-20,3446.25
CUST10397,2024-04-18,1505.21
CUST10223,2023-06-10,657.19
CUST10211,2023-09-08,962.21
CUST10858,2024-03-23,268.85
CUST10443,2023-11-07,2587.44
CUST10544,2024-02-12,671.39
CUST10466,2024-05-03,200.57
CUST10541,2025-03-25,1888.04
CUST10338,2024-07-14,723.59
CUST10244,2023-08-01,992.55
CUST10365,2025-02-12,698.07
CUST10041,2022-07-28,781.63
CUST10747,2025-02-22,370.95
CUST10897,2024-08-31,1113.38
CUST10781,2025-02-11,658.8
CUST10479,2021-10-29,2210.25
CUST10567,2023-04-15,1599.71
CUST10866,2024-12-13,1407.86
CUST10032,2022-08-04,349.69
CUST10292,2024-05-03,1126.42
CUST10801,2024-03-12,714.69
CUST10472,2024-09-27,883.43
CUST10560,2025-06-08,900.5
CUST10694,2023-01-20,699.22
CUST10851,2025-02-20,1101.28
CUST10196,2024-07-30,729.81
CUST10831,2023-11-27,2731.42
CUST10325,2024-07-28,1242.76
CUST10901,2021-09-16,146.37
CUST10779,2022-09-22,567.23
CUST10737,2022-10-12,243.04
CUST10573,2024-12-23,872.19
CUST10283,2024-07-28,912.05
CUST10318,2024-03-23,1165.45
CUST10020,2024-10-06,228.98
CUST10952,2025-01-08,1143.32
CUST10350,2025-06-29,2297.65
CUST10361,2025-04-26,378.68
CUST10512,2024-04-09,440.77
CUST10825,2023-12-11,327.7
CUST10720,2025-04-08,489.93
CUST10333,2024-04-25,903.83
CUST10905,2025-05-17,376.31
CUST10509,2024-07-23,368.26
CUST10228,2025-07-12,1498.06
CUST10877,2023-09-25,961.91
CUST10330,2025-04-23,1460.37
CUST10208,2023-09-15,1305.34
CUST10290,2024-01-03,401.53
CUST10336,2024-06-30,1043.19
CUST10604,2024-05-25,524.41
CUST10384,2021-07-04,2928.57
CUST10488,2023-01-04,321.06
CUST10165,2025-06-03,1084.9
CUST10240,2024-06-01,2255.39
CUST10501,2024-06-24,231.32
CUST10591,2025-07-16,482.77
CUST10423,2024-02-01,1376.91
CUST10576,2025-05-06,447.16
CUST10332,2024-07-28,693.38
CUST10507,2023-07-21,672.02
CUST10779,2024-12-16,1081.06
CUST10751,2021-02-23,675.73
CUST10329,2025-07-23,1560.45
CUST10061,2024-03-29,1770.47
CUST10154,2024-10-26,2233.31
CUST10945,2023-06-18,305.75
CUST10466,2022-05-01,339.46
CUST10427,2024-03-23,1992.42
CUST10714,2025-07-18,109.27
CUST10561,2024-11-16,521.67
CUST10059,2025-04-15,763.62
CUST10584,2025-02-12,1185.28
CUST10958,2025-04-11,2413.33
CUST10140,2025-01-24,3145.57
CUST10353,2025-06-07,2303.45
CUST10443,2024-12-28,189.26
CUST10713,2023-05-10,1204.84
CUST10270,2024-02-22,1234.14
CUST10731,2021-10-13,697.77
CUST10692,2024-06-21,308.88
CUST10828,2023-04-03,351.27
CUST10951,2025-01-04,881.34
CUST10829,2024-04-13,1202.49
CUST10227,2022-12-06,495.64
CUST10028,2021-11-29,1149.4
CUST10812,2025-06-19,502.7
CUST10440,2024-04-17,416.53
CUST10186,2025-02-20,699.02
CUST10638,2022-04-30,866.31
CUST10737,2023-06-10,1180.78
CUST10185,2024-04-21,1225.48
CUST10241,2023-01-06,1599.9
CUST10510,2022-08-05,3532.15
CUST10750,2024-06-06,2399.6
CUST10219,2023-09-14,1639.3
CUST10649,2023-02-16,1034.4
CUST10973,2024-11-12,1389.52
CUST10137,2025-03-07,1847.73
CUST10561,2024-06-20,125.06
CUST10933,2025-04-17,389.12
CUST10738,2022-03-05,537.7
CUST10925,2025-01-20,380.61
CUST10173,2023-10-24,3275.9
CUST10666,2025-01-16,389.04
CUST10505,2025-06-12,778.0
CUST10151,2021-05-09,2149.0
CUST10019,2024-10-22,351.41
CUST10793,2024-08-11,737.37
CUST10597,2024-02-05,539.76
CUST10034,2024-12-04,786.85
CUST10490,2025-04-29,582.54
CUST10149,2024-08-03,553.91
CUST10193,2024-05-08,1133.9
CUST10775,2023-11-05,799.94
CUST10804,2025-01-10,327.47
CUST10953,2023-11-22,415.4
CUST10440,2023-09-19,324.51
CUST10249,2025-07-20,1849.74
CUST10986,2022-10-23,590.83
CUST10464,2022-11-04,116.61
CUST10669,2024-06-18,365.4
CUST10818,2022-07-03,652.81
CUST10154,2021-08-27,1735.2
CUST10709,2022-01-10,169.88
CUST10264,2024-04-21,523.09
CUST10386,2024-06-15,735.09
CUST10255,2025-04-27,1619.89
CUST10133,2023-07-21,271.86
CUST10777,2023-08-05,438.19
CUST10151,2021-02-09,256.88
CUST10099,2025-03-16,1179.95
CUST10501,2024-12-04,1615.99
CUST10693,2023-11-30,1363.9
CUST10903,2023-02-05,947.72
CUST10275,2024-01-03,220.34
CUST10859,2023-12-27,792.88
CUST10713,2023-02-15,1921.8
CUST10625,2021-10-28,226.13
CUST10679,2025-01-03,1331.25
CUST10495,2024-02-16,413.62
CUST10536,2024-11-21,1772.29
CUST10822,2021-06-29,2387.19
CUST10505,2022-12-20,1533.66
CUST10155,2025-04-20,700.08
CUST10957,2024-09-23,438.75
CUST10454,2024-12-05,1331.9
CUST10673,2024-03-19,1938.07
CUST10575,2025-02-08,186.29
CUST10653,2024-12-31,1120.05
CUST10066,2024-11-13,507.07
CUST10883,2024-11-29,941.28
CUST10141,2024-05-05,914.51
CUST10722,2025-06-08,1645.0
CUST10884,2024-12-28,190.69
CUST10342,2021-09-08,3330.21
CUST10598,2022-01-15,300.78
CUST10031,2024-10-11,414.99
CUST10092,2020-12-27,1379.47
CUST10621,2023-05-08,795.32
CUST10441,2024-10-29,234.08
CUST10390,2024-10-06,1067.98
CUST10585,2024-07-25,801.18
CUST10003,2024-01-08,879.4
CUST10536,2025-04-06,1180.31
CUST10380,2024-12-28,1263.29
CUST10738,2021-09-08,472.45
CUST10314,2021-03-20,480.58
CUST10878,2023-07-10,559.66
CUST10617,2023-01-25,433.29
CUST10336,2025-05-01,1376.02
CUST10653,2024-04-22,339.08
CUST10565,2023-02-12,1329.33
CUST10047,2022-12-30,1603.58
CUST10610,2025-02-24,121.6
CUST10180,2023-02-07,580.25
CUST10230,2023-09-26,1393.87
CUST10144,2025-02-22,1691.3
CUST10698,2023-03-29,896.09
CUST10462,2024-11-06,1108.51
CUST10013,2024-06-19,1075.49
CUST10820,2025-05-20,801.52
CUST10242,2021-11-30,971.55
CUST10453,2024-12-28,556.21
CUST10374,2024-06-17,3137.91
CUST10073,2025-04-22,2390.73
CUST10054,2025-07-10,2246.89
CUST10373,2025-02-09,1434.5
CUST10009,2025-04-28,466.12
CUST10237,2024-10-22,1275.7
CUST10633,2023-11-22,359.25
CUST10364,2025-05-31,211.2
CUST10127,2025-05-17,640.24
CUST10749,2022-11-30,856.72
CUST10650,2025-06-20,1454.53
CUST10687,2023-03-17,161.96
CUST10822,2025-02-16,379.14
CUST10459,2025-07-07,799.61
CUST10782,2024-05-22,707.62
CUST10538,2024-03-14,2386.15
CUST10397,2024-07-04,135.0
CUST10312,2024-09-14,990.93
CUST10485,2024-10-26,1727.84
CUST10479,2023-02-15,1028.48
CUST10159,2022-10-19,523.19
CUST10365,2025-01-01,3225.09
CUST10867,2023-10-31,1181.89
CUST10212,2024-10-31,1243.42
CUST10826,2024-03-29,95.19
CUST10060,2022-10-26,939.32
CUST10174,2024-09-03,1835.84
CUST10404,2024-09-13,1258.94
CUST10727,2020-11-11,2088.07
CUST10907,2025-07-13,398.22
CUST10389,2024-06-20,245.95
CUST10407,2022-12-12,575.63
CUST10644,2025-04-07,1168.7
CUST10113,2025-07-24,2563.39
CUST10364,2025-07-22,958.1
CUST10393,2022-11-16,1127.87
CUST10918,2025-02-13,443.24
CUST10136,2021-12-11,958.3
CUST10524,2023-07-24,863.86
CUST10003,2024-03-04,1370.82
CUST10851,2024-12-06,828.51
CUST10477,2023-02-06,972.6
CUST10586,2025-04-02,3200.89
CUST10123,2025-03-05,168.68
CUST10433,2024-08-13,372.29
CUST10925,2023-10-28,371.42
CUST10258,2024-01-27,786.97
CUST10911,2022-12-27,895.66
CUST10998,2024-05-06,1556.92
CUST10838,2025-05-31,1381.1
CUST10033,2024-11-30,1015.59
CUST10389,2025-02-01,568.95
CUST10429,2025-03-27,1791.39
CUST10292,2025-04-06,562.81
CUST10054,2025-03-27,1213.2
CUST10434,2024-06-30,1254.39
CUST10383,2024-03-26,1352.94
CUST10274,2024-04-13,477.42
CUST10028,2024-05-15,1587.79
CUST10267,2023-11-05,514.84
CUST10532,2024-04-20,317.55
CUST10185,2024-10-01,654.37
CUST10696,2022-08-30,1336.85
CUST10785,2025-07-23,1716.99
CUST10051,2024-11-12,209.86
CUST10953,2024-06-06,1783.38
CUST10219,2022-08-20,2981.74
CUST10752,2022-03-11,2053.62
CUST10370,2025-07-06,589.37
CUST10021,2023-08-12,391.48
CUST10087,2025-03-09,157.54
CUST10434,2023-08-01,1525.85
CUST10301,2025-07-01,769.9
CUST10987,2022-10-10,749.47
CUST10239,2024-12-05,151.54
CUST10002,2025-04-14,165.82
CUST10255,2025-05-06,1086.78
CUST10746,2024-04-03,595.12
CUST10725,2025-07-18,459.88
CUST10463,2025-06-07,2043.69
CUST10114,2024-05-16,1534.57
CUST10329,2022-07-09,846.71
CUST10339,2023-10-02,447.66
CUST10597,2024-09-25,1866.39
CUST10514,2025-02-20,1772.43
CUST10537,2025-02-28,891.64
CUST10190,2024-12-09,1123.66
CUST10628,2022-12-27,2299.8
CUST10881,2023-04-22,275.35
CUST10060,2024-09-04,301.95
CUST10672,2024-07-03,2570.18
CUST10565,2025-05-23,247.39
CUST10319,2022-09-19,265.27
CUST10251,2025-06-26,812.21
CUST10547,2024-06-27,472.01
CUST10781,2023-03-29,1053.92
CUST10878,2025-05-15,1144.82
CUST10306,2022-02-26,1443.21
CUST10757,2025-07-12,1007.51
CUST10190,2024-11-12,192.94
CUST10788,2024-03-14,1740.3
CUST10282,2023-03-19,1158.09
CUST10621,2022-04-21,377.88
CUST10538,2025-04-24,1248.29
CUST10566,2024-05-12,1060.43
CUST10751,2024-09-16,461.12
CUST10862,2023-05-08,479.42
CUST10357,2022-03-16,1827.93
CUST10896,2023-10-23,280.88
CUST10218,2023-12-05,2660.86
CUST10199,2025-01-26,1516.47
CUST10031,2024-04-05,410.68
CUST10374,2023-12-14,1200.19
CUST10907,2024-08-28,1654.69
CUST10017,2025-06-18,308.38
CUST10331,2024-06-04,1028.82
CUST10533,2024-07-07,449.08
CUST10648,2024-06-12,797.4
CUST10919,2025-07-24,1701.43
CUST10625,2021-04-05,842.4
CUST10426,2023-08-18,748.27
CUST10223,2024-06-18,1017.48
CUST10807,2023-12-14,317.01
CUST10393,2025-04-04,1411.93
CUST10269,2024-08-31,295.3
CUST10701,2024-10-18,437.47
CUST10914,2022-12-21,710.98
CUST10811,2023-01-31,748.23
CUST10876,2024-08-16,2183.3
CUST10082,2025-05-23,1366.25
CUST10376,2021-09-28,577.58
CUST10397,2024-10-09,1112.13
CUST10233,2025-05-13,1370.76
CUST10439,2024-01-27,900.41
CUST10068,2020-11-12,1551.15
CUST10221,2022-10-27,328.77
CUST10528,2021-05-14,482.13
CUST10704,2023-12-25,949.48
CUST10809,2024-05-16,667.77
CUST10238,2023-08-28,2788.98
CUST10191,2022-02-20,1595.76
CUST10835,2025-05-02,934.39
CUST10194,2024-09-10,116.7
CUST10013,2025-07-17,159.21
CUST10571,2024-06-02,758.32
CUST10021,2023-08-13,1004.96
CUST10540,2023-05-23,1080.91
CUST10830,2025-02-27,785.96
CUST10035,2023-08-19,1595.54
CUST10065,2025-02-24,2115.09
CUST10381,2023-09-06,407.82
CUST10486,2025-02-01,1334.48
CUST10440,2024-02-18,1884.53
CUST10223,2025-05-28,332.81
CUST10497,2025-03-02,221.43
CUST10336,2023-12-25,809.61
CUST10179,2023-10-13,2028.4
CUST10172,2025-04-27,1611.07
CUST10813,2023-07-09,695.02
CUST10851,2025-03-20,1078.77
CUST10594,2024-05-03,2242.53
CUST10666,2021-10-26,1134.79
CUST10200,2022-09-16,450.63
CUST10353,2025-04-06,1153.53
CUST10344,2024-06-30,3268.39
CUST10085,2025-06-21,803.97
CUST10142,2022-09-23,511.82
CUST10501,2024-08-12,2041.04
CUST10999,2025-02-12,243.54
CUST10026,2022-10-07,122.13
CUST10755,2024-10-08,282.2
CUST10095,2025-07-27,4861.48
CUST10211,2023-02-22,649.29
CUST10635,2024-08-28,3044.81
CUST10367,2025-04-29,1113.44
CUST10973,2024-11-15,817.07
CUST10711,2024-11-05,1353.69
CUST10202,2022-07-12,1140.94
CUST10982,2024-09-21,155.42
CUST10319,2024-01-30,520.96
CUST10243,2021-06-08,1530.1
CUST10895,2024-04-15,1357.09
CUST10778,2023-01-11,1874.55
CUST10011,2022-10-29,1513.31
CUST10708,2024-05-11,575.34
CUST10985,2025-01-01,770.38
CUST10958,2023-06-24,594.4
CUST10532,2024-12-27,596.27
CUST10159,2023-05-10,349.67
CUST10217,2025-02-11,1837.71
CUST10312,2025-07-09,485.87
CUST10780,2023-11-14,477.2
CUST10715,2024-06-19,1475.35
CUST10422,2024-12-17,487.89
CUST10314,2024-05-19,275.36
CUST10181,2025-03-28,895.4
CUST10045,2023-10-09,955.22
CUST10349,2023-02-16,439.52
CUST10216,2024-06-26,603.99
CUST10784,2024-07-04,280.98
CUST10237,2024-05-11,1156.15
CUST10594,2024-06-23,95.56
CUST10483,2024-01-01,1312.48
CUST10659,2024-12-22,839.64
CUST10587,2025-05-03,2279.63
CUST10169,2024-12-25,162.73
CUST10560,2025-06-09,732.96
CUST10062,2024-07-04,1481.51
CUST10998,2024-06-26,1928.41
CUST10651,2025-02-23,209.55
CUST10905,2024-08-23,1130.65
CUST10518,2021-01-06,1398.96
CUST10576,2024-11-28,231.98
CUST10475,2024-09-20,953.11
CUST10846,2025-01-07,1173.59
CUST10641,2022-01-24,398.15
CUST10415,2023-04-16,1456.46
CUST10623,2023-11-18,1950.04
CUST10884,2024-11-04,2315.49
CUST10401,2022-03-01,1565.82
CUST10044,2021-03-31,487.32
CUST10720,2025-02-07,2345.62
CUST10277,2025-07-06,668.15
CUST10088,2022-10-20,1352.99
CUST10595,2024-10-11,95.91
CUST10722,2021-03-15,490.3
CUST10105,2023-07-17,1486.96
CUST10345,2024-01-30,370.87
CUST10590,2024-11-20,1186.02
CUST10531,2024-04-09,383.21
CUST10404,2023-02-25,1248.02
CUST10692,2024-03-31,778.91
CUST10764,2025-01-02,1153.73
CUST10874,2023-10-27,2114.57
CUST10968,2024-08-01,1178.97
CUST10307,2022-03-29,168.24
CUST10431,2022-10-14,322.46
CUST10554,2024-01-24,1129.16
CUST10509,2023-03-26,572.12
CUST10638,2024-11-26,1627.1
CUST10476,2024-11-29,818.85
CUST10817,2023-07-12,390.92
CUST10922,2025-01-12,415.21
CUST10321,2022-11-09,959.41
CUST10728,2025-02-19,1678.52
CUST10389,2024-10-08,336.13
CUST10669,2022-03-22,1670.21
CUST10892,2024-06-06,709.35
CUST10025,2025-01-19,510.55
CUST10985,2025-01-23,150.46
CUST10230,2024-02-10,890.75
CUST10805,2024-03-26,650.24
CUST10048,2025-03-19,314.82
CUST10496,2024-07-24,335.85
CUST10498,2023-12-13,326.07
CUST10354,2023-09-18,650.12
CUST10292,2024-07-15,974.7
CUST10240,2025-02-21,57.52
CUST10626,2024-01-16,3432.03
CUST10199,2021-07-03,993.94
CUST10113,2023-11-23,755.49
CUST10190,2024-04-25,997.21
CUST10734,2025-06-25,1234.05
CUST10419,2022-04-29,1309.66
CUST10019,2023-11-27,1954.46
CUST10154,2023-03-25,1229.59
CUST10539,2022-04-25,1350.26
CUST10646,2024-07-20,1447.03
CUST10220,2024-06-14,921.88
CUST10705,2025-02-25,699.35
CUST10496,2025-02-17,201.13
CUST10794,2021-06-26,72.38
CUST10528,2021-06-14,984.92
CUST10623,2025-01-23,858.65
CUST10429,2023-09-07,2254.2
CUST10965,2023-10-09,115.39
CUST10189,2023-12-18,1517.39
CUST10317,2025-01-07,971.94
CUST10233,2023-08-09,947.3
CUST10540,2025-06-08,1436.69
CUST10967,2023-04-28,111.08
CUST10451,2025-02-20,613.29
CUST10188,2024-04-30,1072.89
CUST10405,2024-09-23,379.72
CUST10158,2024-10-31,1883.35
CUST10417,2023-12-29,1268.82
CUST10038,2024-03-21,799.06
CUST10485,2025-05-19,750.86
CUST10874,2024-05-21,1635.62
CUST10081,2022-11-04,2113.61
CUST10819,2024-11-22,396.46
CUST10222,2024-07-31,1782.85
CUST10129,2025-07-15,898.47
CUST10541,2024-05-20,587.69
CUST10992,2023-05-17,1387.67
CUST10388,2024-02-03,337.03
CUST10250,2025-03-28,1466.96
CUST10657,2024-06-11,649.53
CUST10223,2024-11-17,924.76
CUST10788,2025-05-07,362.63
CUST10971,2024-11-26,2111.18
CUST10924,2024-10-13,579.34
CUST10185,2024-05-18,1222.7
CUST10470,2024-03-10,2940.93
CUST10621,2025-03-22,614.0
CUST10917,2024-12-06,1614.13
CUST10265,2023-04-09,2615.1
CUST10850,2023-06-03,255.72
CUST10564,2024-09-28,804.23
CUST10534,2023-05-17,1915.79
CUST10456,2025-03-11,667.14
CUST10264,2024-02-10,632.75
CUST10520,2025-05-07,1041.94
CUST10347,2024-07-29,564.83
CUST10953,2024-11-05,591.44
CUST10248,2024-02-28,180.71
CUST10206,2022-10-19,1306.03
CUST10446,2023-12-22,460.27
CUST10092,2023-07-27,842.18
CUST10598,2021-12-18,1359.41
CUST10588,2023-06-09,1370.33
CUST10981,2025-05-05,350.96
CUST10400,2021-07-21,1167.73
CUST10736,2022-06-15,646.23
CUST10041,2022-10-26,857.79
CUST10054,2023-12-25,1017.55
CUST10901,2021-07-06,1300.0
CUST10157,2022-02-13,909.11
CUST10247,2023-02-18,625.95
CUST10413,2023-12-17,1274.72
CUST10212,2023-12-21,556.39
CUST10279,2025-06-16,502.46
CUST10775,2023-08-23,3202.43
CUST10544,2021-11-05,912.41
CUST10299,2025-04-23,2311.45
CUST10956,2025-07-29,1577.77
CUST10303,2025-02-14,1447.21
CUST10758,2021-09-20,578.42
CUST10725,2021-04-09,2236.52
CUST10648,2023-08-24,715.12
CUST10948,2024-12-19,215.81
CUST10454,2024-04-12,2179.27
CUST10202,2022-08-07,1435.73
CUST10308,2022-06-03,773.11
CUST10186,2025-06-09,944.69
CUST10759,2025-04-05,1216.77
CUST10530,2022-09-16,479.38
CUST10620,2024-12-21,524.43
CUST10079,2023-10-02,1877.33
CUST10395,2025-06-07,1111.75
CUST10534,2024-05-01,773.86
CUST10422,2023-03-24,1470.67
CUST10311,2024-12-13,1151.45
CUST10695,2024-01-23,863.74
CUST10464,2022-12-26,1398.08
CUST10131,2024-12-30,2940.87
CUST10884,2024-05-10,307.03
CUST10608,2024-02-10,1587.58
CUST10930,2022-02-16,2595.49
CUST10444,2024-01-15,705.62
CUST10679,2023-06-08,799.99
CUST10639,2023-02-05,1021.49
CUST10739,2025-01-30,1478.83
CUST10903,2023-12-19,851.19
CUST10570,2022-01-07,1415.94
CUST10400,2022-03-10,761.75
CUST10680,2025-07-08,2082.39
CUST10677,2025-04-23,1199.12
CUST10461,2023-08-08,512.65
CUST10309,2024-07-02,484.29
CUST10522,2022-08-13,340.84
CUST10474,2024-05-03,770.31
CUST10304,2025-02-25,369.7
CUST10234,2022-11-12,676.86
CUST10126,2021-11-07,2353.0
CUST10418,2024-10-04,921.83
CUST10977,2024-09-20,573.64
CUST10777,2023-06-30,542.54
CUST10184,2024-11-03,996.37
CUST10750,2023-06-04,354.41
CUST10258,2025-02-10,303.56
CUST10866,2023-03-26,814.7
CUST10064,2024-07-19,1272.6
CUST10529,2025-05-19,414.95
CUST10707,2024-01-18,373.11
CUST10684,2024-05-03,352.61
CUST10660,2025-02-21,312.1
CUST10695,2022-03-20,504.48
CUST10689,2023-03-04,1566.28
CUST10469,2024-06-05,321.92
CUST10941,2025-02-28,1863.73
CUST10886,2025-04-17,411.92
CUST10436,2024-09-17,1790.75
CUST10746,2025-03-28,153.47
CUST10483,2025-01-23,1249.9
CUST10301,2024-11-09,496.72
CUST10438,2024-11-20,997.33
CUST10496,2025-06-10,653.85
CUST10746,2024-08-20,1059.01
CUST10736,2022-02-08,2829.22
CUST10984,2024-07-09,667.16
CUST10117,2024-08-05,943.88
CUST10948,2025-03-05,439.94
CUST10455,2025-03-07,515.55
CUST10817,2025-01-30,1507.42
CUST10647,2024-01-08,1010.25
CUST10433,2025-03-04,385.52
CUST10885,2023-11-16,1048.94
CUST10308,2024-01-22,99.92
CUST10161,2021-11-11,3767.69
CUST10347,2023-11-16,826.5
CUST10980,2023-10-30,747.85
CUST10596,2024-06-30,721.41
CUST10759,2025-03-13,1039.52
CUST10991,2024-07-09,1136.29
CUST10282,2024-08-12,1182.97
CUST10901,2024-01-29,650.61
CUST10836,2022-09-18,81.26
CUST10624,2025-04-14,433.37
CUST10955,2025-05-07,1167.53
CUST10438,2025-04-05,1323.43
CUST10497,2024-09-26,1344.36
CUST10275,2025-04-11,256.47
CUST10598,2022-12-02,576.55
CUST10455,2022-07-24,1069.09
CUST10192,2023-03-02,172.91
CUST10776,2023-07-26,1661.14
CUST10714,2024-09-15,174.56
CUST10165,2024-02-22,1259.02
CUST10397,2025-03-20,890.27
CUST10617,2023-10-12,487.56
CUST10911,2023-02-15,1309.31
CUST10531,2025-03-30,335.28
CUST10615,2022-02-24,176.95
CUST10931,2022-04-01,877.92
CUST10026,2022-09-02,781.88
CUST10791,2022-01-26,863.94
CUST10660,2024-06-05,560.7
CUST10730,2025-04-23,1791.91
CUST10857,2025-03-02,1111.54
CUST10508,2024-12-02,869.25
CUST10259,2025-04-18,1393.03
CUST10396,2024-04-23,912.94
CUST10892,2025-01-02,1105.7
CUST10516,2024-05-18,1324.62
CUST10002,2023-12-07,2388.08
CUST10303,2023-01-03,803.5
CUST10871,2023-05-10,1118.18
CUST10831,2023-03-05,244.71
CUST10415,2024-03-30,826.9
CUST10115,2022-04-05,302.63
CUST10727,2024-06-20,818.15
CUST10829,2025-05-27,314.23
CUST10800,2022-09-08,468.84
CUST10297,2024-07-08,617.51
CUST10577,2021-11-16,271.21
CUST10893,2023-10-16,1221.01
CUST10895,2022-04-14,890.39
CUST10731,2024-02-16,609.53
CUST10750,2023-11-06,660.25
CUST10998,2024-05-24,1731.01
CUST10615,2024-08-01,1209.34
CUST10025,2025-03-14,268.46
CUST10550,2023-06-14,956.89
CUST10160,2022-03-09,1093.42
CUST10290,2025-03-28,224.37
CUST10038,2024-09-10,667.27
CUST10602,2024-01-10,692.52
CUST10062,2022-06-01,123.13
CUST10318,2021-01-21,289.12
CUST10982,2025-03-14,360.94
CUST10327,2025-05-23,225.5
CUST10836,2024-06-23,524.33
CUST10384,2021-11-15,558.72
CUST10772,2022-12-20,583.0
CUST10220,2021-04-21,1235.68
CUST10336,2024-06-09,804.86
CUST10832,2024-07-19,1177.03
CUST10013,2024-04-03,451.55
CUST10422,2023-02-01,1515.02
CUST10338,2024-04-06,260.44
CUST10628,2022-08-04,673.06
CUST10515,2022-01-03,187.45
CUST10837,2024-09-24,689.31
CUST10950,2025-06-04,301.57
CUST10367,2023-03-03,767.05
CUST10320,2024-12-26,1054.19
CUST10614,2024-03-15,1506.29
CUST10252,2025-04-28,1168.81
CUST10391,2025-05-06,1175.75
CUST10332,2025-04-18,2472.12
CUST10978,2024-06-22,969.28
CUST10990,2023-09-26,374.75
CUST10524,2025-01-12,1115.15
CUST10135,2024-06-10,714.74
CUST10080,2022-11-14,1851.32
CUST10041,2024-11-15,81.26
CUST10359,2024-11-11,1647.25
CUST10501,2025-03-18,473.22
CUST10323,2021-01-29,1581.74
CUST10248,2023-10-20,198.19
CUST10166,2024-10-13,478.48
CUST10854,2024-04-17,1034.95
CUST10648,2025-04-20,1597.8
CUST10079,2021-04-28,1847.96
CUST10352,2024-05-13,1943.3
CUST10151,2024-08-13,2756.36
CUST10725,2023-11-13,1396.38
CUST10649,2022-08-13,680.57
CUST10691,2023-03-01,284.88
CUST10590,2024-07-14,558.77
CUST10607,2025-01-13,2592.25
CUST10131,2024-06-10,1053.19
CUST10107,2023-11-08,518.38
CUST10705,2024-08-11,1282.62
CUST10500,2025-03-07,685.39
CUST10666,2021-12-14,576.04
CUST10098,2024-03-20,320.88
CUST10145,2024-08-22,1031.88
CUST10509,2021-10-29,441.76
CUST10747,2023-12-26,169.2
CUST10053,2024-09-16,2815.29
CUST10211,2024-12-28,217.57
CUST10236,2024-03-20,1639.69
CUST10944,2023-05-21,1532.52
CUST10311,2025-05-25,709.33
CUST10117,2025-02-27,732.74
CUST10746,2024-01-01,965.85
CUST10134,2025-05-03,775.09
CUST10886,2023-11-18,431.67
CUST10958,2023-05-16,1402.05
CUST10575,2023-04-04,1987.95
CUST10078,2022-12-15,490.5
CUST10897,2023-08-20,1038.55
CUST10115,2021-07-09,920.06
CUST10252,2024-11-29,320.07
CUST10536,2025-02-16,1524.3
CUST10534,2024-05-03,858.48
CUST10015,2023-04-09,1623.48
CUST10180,2024-12-30,735.76
CUST10097,2024-11-28,2228.65
CUST10439,2024-05-28,747.69
CUST10103,2021-03-13,623.16
CUST10318,2025-06-24,176.62
CUST10301,2024-06-29,733.52
CUST10684,2024-12-01,599.59
CUST10837,2024-10-31,308.56
CUST10288,2024-08-22,1176.63
CUST10091,2022-12-29,609.4
CUST10486,2024-11-13,537.0
CUST10855,2024-12-20,2778.9
CUST10644,2024-08-23,953.07
CUST10984,2023-06-27,1074.13
CUST10896,2024-10-01,702.54
CUST10163,2023-05-24,1206.25
CUST10934,2024-03-15,2627.57
CUST10477,2022-06-11,1303.26
CUST10565,2023-11-29,498.16
CUST10367,2025-05-20,1438.01
CUST10799,2024-10-21,3125.25
CUST10128,2024-01-13,560.31
CUST10376,2023-08-11,388.08
CUST10732,2024-04-21,1342.07
CUST10828,2024-12-13,1062.9
CUST10146,2023-08-11,1414.63
CUST10895,2024-02-20,1231.55
CUST10525,2024-11-29,1460.07
CUST10808,2024-03-23,195.93
CUST10913,2021-07-21,286.96
CUST10788,2022-06-23,1131.52
CUST10400,2023-01-31,377.98
CUST10979,2025-03-08,953.5
CUST10631,2025-07-23,213.82
CUST10416,2022-09-08,704.98
CUST10851,2024-11-19,441.4
CUST10813,2024-06-07,1029.08
CUST10875,2025-03-04,2131.14
CUST10972,2024-04-26,879.84
CUST10418,2024-09-03,545.83
CUST10459,2025-05-31,2416.38
CUST10944,2024-01-19,1972.29
CUST10815,2024-08-04,736.77
CUST10148,2024-08-16,1208.63
CUST10624,2025-04-13,593.95
CUST10371,2024-05-10,1024.58
CUST10487,2024-08-20,1141.79
CUST10143,2024-04-28,2782.44
CUST10917,2023-11-23,71.78
CUST10174,2024-11-22,1588.06
CUST10271,2022-04-28,42.85
CUST10219,2023-03-02,872.46
CUST10397,2024-01-21,704.54
CUST10542,2023-10-20,551.74
CUST10812,2023-12-26,1351.17
CUST10685,2024-11-16,1149.75
CUST10152,2024-09-12,998.54
CUST10956,2025-02-27,888.82
CUST10544,2022-02-24,958.77
CUST10935,2023-09-28,915.71
CUST10713,2024-05-13,1364.72
CUST10832,2025-04-26,420.18
CUST10725,2021-04-25,2090.73
CUST10289,2023-07-29,756.11
CUST10182,2022-04-21,1289.85
CUST10749,2023-12-08,1279.95
CUST10616,2025-01-25,2482.24
CUST10868,2023-12-07,3761.63
CUST10117,2025-06-25,1678.82
CUST10936,2024-09-24,539.51
CUST10998,2024-02-25,486.28
CUST10023,2021-07-10,792.61
CUST10248,2025-03-15,696.75
CUST10831,2024-07-04,570.79
CUST10549,2025-01-01,968.9
CUST10178,2025-03-30,1354.86
CUST10923,2024-04-27,739.21
CUST10599,2025-04-14,1354.52
CUST10713,2023-04-13,1815.62
CUST10191,2023-03-06,219.85
CUST10613,2023-02-13,869.21
CUST10644,2022-08-07,350.47
CUST10249,2024-01-19,1269.24
CUST10578,2024-10-30,178.54
CUST10474,2024-05-21,1769.33
CUST10675,2023-02-14,872.07
CUST10584,2023-12-09,1584.67
CUST10716,2025-07-26,2419.11
CUST10820,2025-01-03,561.79
CUST10859,2022-02-24,791.58
CUST10489,2025-02-19,375.4
CUST10182,2021-06-13,1036.08
CUST10602,2024-03-15,1026.94
CUST10520,2024-06-18,1774.2
CUST10810,2024-04-03,778.92
CUST10777,2023-11-19,693.66
CUST10856,2022-04-30,712.14
CUST10685,2024-04-25,728.51
CUST10109,2025-02-17,860.95
CUST10255,2024-09-24,1103.57
CUST10957,2024-10-02,1350.39
CUST10600,2025-02-02,333.99
CUST10206,2024-03-03,1017.82
CUST10373,2022-02-15,2229.14
CUST10331,2025-01-29,3064.61
CUST10793,2023-04-05,250.52
CUST10998,2022-07-24,1689.42
CUST10613,2024-05-02,447.04
CUST10948,2024-06-07,1481.05
CUST10399,2022-09-12,966.25
CUST10413,2023-03-28,1832.19
CUST10351,2025-01-28,477.48
CUST10889,2024-06-15,977.22
CUST10493,2025-01-08,715.22
CUST10965,2023-09-11,180.12
CUST10139,2024-11-06,1751.95
CUST10291,2022-12-30,239.97
CUST10957,2024-05-30,2061.55
CUST10398,2023-07-28,1243.88
CUST10067,2024-08-05,984.73
CUST10989,2022-06-11,211.74
CUST10602,2023-01-10,2491.63
CUST10434,2023-04-25,468.54
CUST10546,2024-05-10,234.64
CUST10990,2022-05-07,1340.56
CUST10512,2025-06-12,1917.48
CUST10171,2022-12-15,1095.14
CUST10542,2023-07-30,3657.34
CUST10273,2023-05-11,110.72
CUST10611,2023-04-01,2270.36
CUST10537,2024-04-17,2120.84
CUST10233,2022-10-19,567.74
CUST10388,2023-03-09,214.11
CUST10883,2025-04-10,603.95
CUST10720,2025-03-26,598.28
CUST10747,2023-12-27,411.5
CUST10635,2024-11-05,876.69
CUST10906,2021-07-25,700.45
CUST10616,2022-02-02,778.16
CUST10449,2022-10-12,1170.32
CUST10182,2023-12-03,1687.74
CUST10530,2023-07-09,411.05
CUST10573,2023-08-10,3341.77
CUST10859,2023-06-19,1242.4
CUST10728,2024-12-12,1271.06
CUST10925,2023-07-20,306.99
CUST10766,2022-07-04,1501.3
CUST10540,2022-12-04,338.72
CUST10469,2023-07-28,2465.2
CUST10245,2024-12-25,319.17
CUST10237,2024-07-30,687.45
CUST10491,2023-01-22,457.57
CUST10165,2022-07-10,688.51
CUST10391,2025-06-15,131.67
CUST10348,2025-07-24,314.75
CUST10310,2022-01-27,1640.16
CUST10648,2025-02-21,328.29
CUST10937,2023-04-06,797.29
CUST10090,2023-12-18,460.0
CUST10591,2024-05-19,529.65
CUST10851,2024-11-24,670.12
CUST10495,2025-06-12,530.6
CUST10972,2024-02-04,1072.35
CUST10057,2024-01-13,2127.65
CUST10852,2023-12-17,1733.79
CUST10262,2025-06-04,630.01
CUST10632,2024-02-02,1333.8
CUST10915,2022-02-04,2533.03
CUST10155,2025-01-11,536.67
CUST10260,2025-01-28,429.09
CUST10327,2024-06-07,632.1
CUST10928,2023-12-15,809.06
CUST10513,2024-10-10,2108.17
CUST10851,2024-10-03,998.61
CUST10732,2024-08-12,1716.32
CUST10539,2025-06-18,890.65
CUST10981,2024-08-02,1528.13
CUST10410,2022-12-03,1212.54
CUST10513,2024-12-08,378.99
CUST10223,2023-09-26,1911.05
CUST10899,2022-02-05,184.86
CUST10862,2023-06-27,189.29
CUST10001,2025-03-21,322.14
CUST10408,2024-02-17,1069.37
CUST10098,2025-02-26,892.13
CUST10472,2024-11-30,399.68
CUST10547,2024-06-30,883.19
CUST10498,2023-07-05,861.08
CUST10106,2024-02-11,1332.89
CUST10300,2021-01-10,576.5
CUST10361,2022-11-08,284.75
CUST10111,2024-06-14,1080.58
CUST10701,2025-03-24,660.04
CUST10404,2023-06-05,816.17
CUST10932,2023-12-26,1450.98
CUST10532,2021-11-12,1551.41
CUST10359,2025-01-24,202.46
CUST10295,2024-05-31,575.39
CUST10988,2025-03-05,1263.48
CUST10646,2024-04-13,925.63
CUST10494,2024-01-06,738.18
CUST10634,2023-10-20,821.25
CUST10567,2024-07-22,414.42
CUST10184,2024-10-05,728.92
CUST10153,2025-05-13,238.13
CUST10246,2024-05-19,694.65
CUST10632,2024-10-16,893.93
CUST10558,2025-07-02,2013.67
CUST10450,2023-08-20,411.28
CUST10146,2025-03-14,577.22
CUST10609,2025-04-01,785.08
CUST10590,2025-05-06,1060.65
CUST10442,2023-04-21,678.83
CUST10538,2025-04-04,889.72
CUST10898,2025-05-14,548.12
CUST10860,2024-05-25,721.75
CUST10252,2022-04-21,742.06
CUST10067,2023-12-28,262.11
CUST10141,2024-02-02,2141.65
CUST10929,2023-12-07,2479.97
CUST10443,2023-02-24,1175.9
CUST10816,2023-01-18,617.84
CUST10858,2025-03-29,464.76
CUST10380,2024-03-01,549.08
CUST10056,2025-05-27,604.21
CUST10880,2023-02-06,1621.6
CUST10854,2024-07-27,1389.64
CUST10138,2025-01-06,1575.33
CUST10776,2022-12-09,1732.89
CUST10180,2022-12-24,520.76
CUST10402,2025-01-24,1714.29
CUST10533,2024-12-22,311.6
CUST10982,2023-11-25,1343.64
CUST10664,2023-12-30,1387.58
CUST10854,2023-01-07,304.48
CUST10704,2024-07-12,1109.83
CUST10213,2024-03-22,1036.68
CUST10820,2023-10-13,2206.23
CUST10429,2023-12-03,1688.74
CUST10906,2024-08-17,871.56
CUST10579,2024-10-20,431.08
CUST10399,2021-12-15,235.28
CUST10596,2025-01-25,698.05
CUST10403,2025-06-21,407.57
CUST10778,2024-06-11,1106.25
CUST10588,2022-10-29,1323.36
CUST10946,2023-04-03,681.36
CUST10553,2022-02-28,692.93
CUST10189,2025-03-17,2682.37
CUST10694,2025-03-24,1162.89
CUST10215,2023-10-09,937.34
CUST10386,2024-10-26,963.06
CUST10435,2021-05-09,279.06
CUST10734,2024-12-20,575.18
CUST10710,2025-02-14,1940.99
CUST10343,2023-08-08,377.21
CUST10900,2023-12-20,392.79
CUST10149,2022-07-20,189.01
CUST10225,2023-09-30,618.9
CUST10719,2025-05-03,663.66
CUST10552,2022-11-08,1791.68
CUST10735,2023-12-30,1106.57
CUST10509,2021-09-09,904.66
CUST10880,2022-08-13,533.43
CUST10326,2025-07-07,2232.24
CUST10618,2024-08-09,1007.17
CUST10966,2022-10-03,994.55
CUST10425,2023-12-21,286.39
CUST10168,2024-03-06,329.55
CUST10694,2023-02-01,2120.18
CUST10931,2023-05-20,775.59
CUST10667,2023-06-17,1418.74
CUST10898,2025-05-29,3151.39
CUST10736,2023-09-13,278.11
CUST10590,2024-05-21,2631.03
CUST10010,2025-02-25,2440.09
CUST10969,2024-11-21,1264.74
CUST10107,2024-06-24,831.95
CUST10201,2025-04-10,652.63
CUST10396,2024-12-18,758.95
CUST10416,2021-08-14,1497.56
CUST10886,2023-09-09,905.76
CUST10622,2025-05-04,1016.28
CUST10009,2024-09-21,1183.53
CUST10209,2024-09-25,493.29
CUST10780,2024-08-12,952.48
CUST10063,2023-01-10,779.89
CUST10796,2025-07-06,1655.16
CUST10198,2025-06-02,581.3
CUST10573,2024-07-28,555.28
CUST10507,2023-10-11,959.18
CUST10861,2023-04-01,1103.06
CUST10116,2024-06-14,1462.4
CUST10431,2023-09-08,605.84
CUST10100,2022-11-04,1132.95
CUST10931,2022-03-28,1237.56
CUST10205,2023-09-06,1182.96
CUST10717,2025-01-26,582.48
CUST10326,2023-08-12,2517.46
CUST10361,2023-04-07,566.06
CUST10984,2023-05-08,776.09
CUST10853,2025-01-25,351.9
CUST10676,2024-11-26,1761.4
CUST10998,2024-04-05,1283.0
CUST10521,2023-08-16,906.26
CUST10364,2024-11-21,912.2
CUST10310,2023-07-13,447.41
CUST10469,2023-08-30,380.56
CUST10494,2023-06-16,3111.75
CUST10661,2023-05-02,1611.25
CUST10793,2022-05-29,932.51
CUST10381,2025-02-04,1638.77
CUST10696,2022-11-21,2767.56
CUST10628,2023-06-16,171.55
CUST10150,2022-06-18,356.68
CUST10157,2023-09-19,91.85
CUST10453,2022-08-24,511.6
CUST10009,2022-07-16,197.98
CUST10927,2024-07-17,1182.11
CUST10786,2025-07-18,1139.46
CUST10383,2023-06-20,636.08
CUST10349,2023-03-02,810.45
CUST10977,2025-02-12,314.86
CUST10192,2023-01-23,715.28
CUST10606,2025-06-18,702.42
CUST10043,2024-07-05,1829.57
CUST10278,2024-11-03,2381.52
CUST10939,2022-05-12,282.62
CUST10119,2024-01-25,470.63
CUST10398,2025-05-23,1617.09
CUST10130,2024-03-24,476.4
CUST10704,2024-01-02,776.86
CUST10568,2022-11-01,717.2
CUST10321,2025-03-23,98.49
CUST10877,2023-06-10,931.26
CUST10900,2024-01-19,993.97
CUST10889,2023-05-14,233.07
CUST10026,2024-06-21,1348.76
CUST10477,2022-11-23,1201.84
CUST10150,2023-07-21,537.31
CUST10584,2022-01-11,930.62
CUST10660,2021-12-19,170.28
CUST10534,2024-05-02,540.71
CUST10142,2023-02-04,352.7
CUST10182,2025-07-22,1854.09
CUST10719,2025-06-13,1146.54
CUST10372,2024-03-12,342.71
CUST10972,2025-06-12,703.81
CUST10965,2023-01-10,1618.42
CUST10160,2024-09-17,2548.3
CUST10850,2023-08-17,561.12
CUST10185,2025-01-12,542.94
CUST10365,2025-07-24,119.27
CUST10910,2022-10-20,1644.53
CUST10177,2025-03-13,991.64
CUST10722,2024-01-12,305.92
CUST10766,2024-11-16,1817.58
CUST10778,2021-01-02,575.76
CUST10917,2024-11-15,420.48
CUST10679,2025-02-10,730.5
CUST10702,2025-04-20,870.12
CUST10550,2023-12-08,305.71
CUST10453,2025-05-15,507.62
CUST10499,2023-06-08,875.8
CUST10363,2025-03-30,1537.21
CUST10098,2024-01-05,479.15
CUST10037,2023-06-27,768.06
CUST10440,2024-01-28,844.05
CUST10898,2023-05-02,496.37
CUST10307,2022-11-30,1205.15
CUST10926,2022-06-01,308.02
CUST10967,2024-05-24,1054.9
CUST10402,2021-12-21,795.22
CUST10846,2023-12-11,1070.37
CUST10205,2024-08-19,1812.17
CUST10521,2024-03-03,114.88
CUST10270,2024-03-16,1615.41
CUST10249,2025-04-11,972.52
CUST10745,2023-03-21,1941.91
CUST10872,2023-04-10,642.57
CUST10090,2024-09-24,759.74
CUST10523,2023-10-22,1271.57
CUST10478,2023-09-04,547.31
CUST10510,2023-05-27,1594.93
CUST10890,2025-05-09,732.14
CUST10055,2024-08-25,370.53
CUST10470,2024-08-30,820.89
CUST10274,2023-07-19,1200.46
CUST10436,2023-09-08,1439.33
CUST10086,2022-07-10,669.28
CUST10002,2025-03-31,1356.53
CUST10438,2024-12-01,498.33
CUST10447,2023-05-23,2749.82
CUST10414,2024-12-07,2202.09
CUST10044,2021-08-31,755.59
CUST10042,2021-12-24,285.98
CUST10226,2024-07-31,830.61
CUST10281,2024-09-24,699.58
CUST10982,2024-08-04,589.86
CUST10116,2025-04-15,445.51
CUST10762,2025-06-16,97.19
CUST10758,2023-02-18,110.08
CUST10975,2022-08-05,1404.81
CUST10487,2024-02-07,796.3
CUST10633,2025-02-18,498.36
CUST10853,2025-06-06,598.3
CUST10327,2024-03-16,1329.37
CUST10285,2025-07-18,225.84
CUST10224,2024-10-26,361.66
CUST10671,2022-07-26,281.94
CUST10969,2024-01-23,1786.11
CUST10566,2024-01-22,744.67
CUST10149,2023-07-31,1266.53
CUST10829,2021-05-11,1918.8
CUST10934,2024-02-16,158.53
CUST10850,2021-09-18,1115.37
CUST10983,2024-03-07,1592.64
CUST10534,2024-01-08,1570.28
CUST10479,2025-07-13,764.38
CUST10069,2022-11-08,859.12
CUST10654,2025-04-01,613.98
CUST10503,2023-08-13,1564.78
CUST10019,2024-06-13,590.15
CUST10453,2025-04-17,320.82
CUST10870,2024-12-23,2556.08
CUST10559,2022-12-24,1556.55
CUST10423,2021-06-15,1069.1
CUST10416,2023-10-14,809.27
CUST10856,2023-06-20,1146.63
CUST10862,2023-11-04,657.64
CUST10521,2023-09-06,1416.62
CUST10841,2024-03-29,562.06
CUST10483,2024-09-07,749.33
CUST10984,2025-01-27,714.62
CUST10469,2023-07-02,1460.86
CUST10951,2025-06-02,549.24
CUST10486,2025-03-25,2016.08
CUST10432,2023-07-26,643.49
CUST10800,2023-07-05,1535.65
CUST10046,2024-06-03,605.12
CUST10899,2024-05-22,1138.73
CUST10003,2024-06-17,1221.53
CUST10905,2025-06-27,1110.06
CUST10405,2024-08-19,741.54
CUST10079,2023-01-17,951.5
CUST10027,2024-09-28,606.13
CUST10049,2024-03-04,919.72
CUST10175,2023-03-14,137.14
CUST10526,2022-08-12,1078.34
CUST10852,2024-06-04,918.3
CUST10114,2022-01-09,366.13
CUST10701,2025-07-13,1768.13
CUST10001,2024-08-28,1518.55
CUST10860,2024-03-14,2417.59
CUST10845,2024-04-30,657.1
CUST10720,2025-04-12,1008.87
CUST10530,2023-04-25,360.82
CUST10470,2024-08-14,1815.55
CUST10205,2023-08-08,1432.95
CUST10187,2025-07-16,1972.71
CUST10283,2024-09-27,1079.61
CUST10648,2024-05-25,1331.83
CUST10878,2024-10-20,670.48
CUST10555,2023-01-04,446.82
CUST10673,2024-04-24,679.85
CUST10575,2022-03-25,535.33
CUST10456,2024-10-02,816.56
CUST10593,2024-04-30,980.12
CUST10009,2022-09-16,694.26
CUST10492,2025-07-23,286.39
CUST10285,2023-06-25,1242.52
CUST10566,2024-10-23,107.32
CUST10366,2021-03-26,766.68
CUST10553,2022-04-16,2616.22
CUST10956,2025-06-26,115.96
CUST10126,2021-08-09,726.4
CUST10421,2023-08-19,1732.71
CUST10755,2024-01-05,1464.04
CUST10017,2024-01-27,1784.19
CUST10551,2024-07-17,1928.35
CUST10990,2025-03-26,452.43
CUST10588,2025-05-25,326.54
CUST10526,2023-12-16,1355.23
CUST10909,2024-03-21,1152.47
CUST10840,2024-01-23,107.68
CUST10692,2025-06-03,546.98
CUST10568,2024-04-20,603.47
CUST10429,2024-03-30,1151.33
CUST10422,2024-01-27,229.22
CUST10592,2025-03-28,1267.26
CUST10822,2023-12-01,645.09
CUST10394,2024-01-03,901.7
CUST10737,2023-12-31,436.7
CUST10540,2023-08-25,2129.02
CUST10820,2025-07-01,3273.4
CUST10626,2023-12-23,1369.95
CUST10892,2025-07-28,561.67
CUST10882,2023-01-31,2984.33
CUST10113,2024-11-28,1395.26
CUST10357,2023-05-16,707.47
CUST10775,2024-09-02,695.79
CUST10805,2025-04-28,528.61
CUST10867,2024-09-21,727.18
CUST10829,2021-09-28,2622.04
CUST10268,2024-02-24,311.64
CUST10451,2024-12-17,796.46
CUST10517,2024-09-04,1877.38
CUST10104,2025-06-01,1217.22
CUST10970,2023-05-29,735.94
CUST10989,2025-05-14,974.28
CUST10901,2024-07-09,1547.41
CUST10519,2022-09-15,242.06
CUST10465,2024-09-25,3824.66
CUST10642,2024-07-01,1394.84
CUST10969,2023-11-29,597.58
CUST10980,2025-07-05,391.14
CUST10613,2023-02-05,485.44
CUST10293,2024-01-23,617.79
CUST10214,2024-09-01,1416.43
CUST10662,2025-01-06,1707.76
CUST10427,2024-10-04,1421.63
CUST10710,2025-06-30,1346.1
CUST10970,2024-03-26,276.86
CUST10685,2024-10-14,2020.16
CUST10781,2022-07-24,1031.15
CUST10266,2024-12-13,713.94
CUST10101,2024-12-16,693.37
CUST10417,2025-07-10,1718.61
CUST10831,2024-05-12,901.62
CUST10799,2024-11-04,972.84
CUST10497,2024-10-22,970.31
CUST10069,2023-10-14,1508.0
CUST10183,2023-09-26,1289.04
CUST10902,2024-06-16,452.77
CUST10372,2025-03-27,1651.09
CUST10550,2023-07-26,1537.65
CUST10298,2025-04-08,1206.44
CUST10924,2022-12-27,759.07
CUST10420,2023-09-18,1898.39
CUST10491,2022-12-06,293.85
CUST10541,2025-05-13,1185.4
CUST10601,2024-04-20,496.94
CUST10936,2025-02-24,631.22
CUST10574,2024-02-10,325.98
CUST10318,2020-12-29,1620.97
CUST10396,2025-06-10,341.51
CUST10290,2024-12-30,1579.28
CUST10079,2024-12-24,1191.14
CUST10979,2024-04-24,1529.47
CUST10468,2023-09-10,1863.61
CUST10532,2023-06-24,515.86
CUST10679,2024-08-16,1346.98
CUST10057,2022-08-25,1185.12
CUST10699,2024-09-06,1069.6
CUST10552,2022-05-16,1399.01
CUST10426,2022-07-27,361.5
CUST10219,2024-01-13,677.31
CUST10916,2025-06-24,502.81
CUST10390,2024-12-10,863.67
CUST10261,2022-05-26,367.17
CUST10205,2023-10-03,1046.15
CUST10805,2024-09-03,1285.98
CUST10009,2022-02-06,863.72
CUST10369,2022-09-21,1680.08
CUST10831,2023-01-15,1673.83
CUST10735,2023-06-15,269.28
CUST10451,2025-06-11,397.33
CUST10420,2023-11-02,256.12
CUST10304,2024-07-15,955.87
CUST10889,2023-04-27,1062.3
CUST10328,2024-10-16,67.92
CUST10892,2025-05-04,1294.98
CUST10355,2020-12-21,572.9
CUST10174,2025-06-27,296.47
CUST10777,2023-05-29,3900.78
CUST10307,2023-08-01,571.85
CUST10578,2024-08-16,552.8
CUST10496,2024-12-08,276.71
CUST10963,2021-06-11,680.46
CUST10174,2024-07-17,2788.35
CUST10017,2025-01-26,492.37
CUST10438,2024-08-22,1815.24
CUST10589,2025-03-28,1389.8
CUST10573,2024-08-13,575.12
CUST10741,2022-03-18,525.44
CUST10901,2021-05-17,1968.77
CUST10236,2023-08-27,1440.13
CUST10351,2024-10-06,681.35
CUST10981,2024-12-07,349.81
CUST10851,2024-12-11,444.69
CUST10103,2022-07-02,810.72
CUST10805,2025-02-13,1105.95
CUST10375,2023-10-09,1716.31
CUST10341,2024-04-07,1380.54
CUST10589,2025-03-13,2091.95
CUST10240,2024-11-06,3922.41
CUST10357,2021-10-07,1140.38
CUST10107,2025-01-08,449.11
CUST10669,2023-07-07,999.88
CUST10012,2024-11-29,2122.52
CUST10688,2021-12-31,435.4
CUST10257,2025-06-08,1582.34
CUST10789,2025-06-10,846.44
CUST10544,2022-04-18,1362.0
CUST10471,2024-02-09,965.31
CUST10669,2024-07-11,4547.05
CUST10406,2021-12-18,1455.69
CUST10968,2023-07-17,479.89
CUST10510,2022-10-07,1378.85
CUST10012,2025-06-01,1035.39
CUST10344,2022-07-17,76.17
CUST10272,2023-05-20,354.21
CUST10277,2025-06-03,1645.13
CUST10126,2024-06-03,647.11
CUST10290,2024-03-31,407.58
CUST10326,2025-05-24,2011.33
CUST10649,2025-07-04,1901.41
CUST10990,2024-10-09,1692.08
CUST10792,2022-12-24,1936.3
CUST10345,2025-06-14,366.26
CUST10946,2022-01-12,689.49
CUST10345,2024-04-07,1059.64
CUST10265,2024-12-16,1284.86
CUST10513,2024-08-31,537.85
CUST10632,2025-06-13,1700.28
CUST10212,2022-06-13,786.66
CUST10439,2024-03-12,1101.91
CUST10969,2025-03-29,1199.76
CUST10481,2024-03-05,474.52
CUST10762,2024-12-09,1353.23
CUST10090,2023-03-15,265.53
CUST10216,2022-06-09,158.76
CUST10828,2024-04-11,839.23
CUST10543,2025-07-02,1836.31
CUST10179,2023-05-28,1962.11
CUST10578,2024-10-28,1590.51
CUST10757,2023-11-18,417.57
CUST10763,2023-03-20,274.75
CUST10415,2022-03-30,349.69
CUST10326,2021-01-26,1156.9
CUST10135,2023-04-20,152.93
CUST10199,2025-03-17,1513.63
CUST10514,2025-03-11,1279.74
CUST10235,2025-02-09,416.43
CUST10911,2022-04-29,646.3
CUST10660,2022-10-22,945.55
CUST10935,2025-07-19,624.64
CUST10879,2024-11-26,1050.31
CUST10135,2025-05-20,110.46
CUST10068,2023-12-10,2853.56
CUST10025,2024-07-10,983.75
CUST10767,2024-02-28,3205.36
CUST10116,2025-06-03,1599.44
CUST10773,2025-06-07,3.87
CUST10742,2025-04-04,1405.74
CUST10465,2025-04-22,218.36
CUST10483,2024-11-05,618.13
CUST10183,2022-03-24,4031.68
CUST10847,2024-02-13,2369.7
CUST10020,2025-07-26,907.65
CUST10601,2025-06-18,986.72
CUST10656,2024-12-31,1084.77
CUST10960,2023-03-07,681.24
CUST10839,2023-11-21,292.93
CUST10465,2022-08-17,264.23
CUST10270,2024-09-08,677.43
CUST10511,2024-04-12,831.32
CUST10805,2025-01-18,1787.21
CUST10952,2024-07-27,98.36
CUST10764,2023-07-14,445.29
CUST10588,2023-03-16,513.67
CUST10787,2023-05-21,303.24
CUST10715,2024-05-18,1458.13
CUST10984,2024-01-24,1712.16
CUST10120,2024-06-16,2331.86
CUST10842,2024-04-15,845.44
CUST10695,2023-05-01,504.62
CUST10005,2021-09-08,303.44
CUST10261,2023-02-10,1353.71
CUST10143,2023-07-13,128.03
CUST10227,2023-06-21,2438.79
CUST10475,2024-08-21,700.92
CUST10569,2024-05-03,594.86
CUST10249,2024-03-05,1725.2
CUST10715,2024-09-06,533.61
CUST10068,2023-08-03,1735.05
CUST10840,2023-07-07,3409.24
CUST10318,2020-09-28,1742.22
CUST10161,2024-02-10,964.33
CUST10859,2024-06-04,850.06
CUST10059,2021-12-23,636.35
CUST10387,2024-08-16,921.66
CUST10146,2024-03-12,883.13
CUST10883,2024-11-26,1648.63
CUST10130,2025-02-05,1256.84
CUST10366,2023-06-15,1621.39
CUST10433,2025-07-19,637.76
CUST10295,2024-05-19,1226.69
CUST10924,2025-03-03,416.87
CUST10442,2024-12-10,1117.74
CUST10091,2024-12-04,778.95
CUST10064,2023-11-01,375.48
CUST10897,2024-07-06,2931.71
CUST10796,2023-05-04,71.58
CUST10483,2024-11-19,1135.61
CUST10841,2024-07-24,490.29
CUST10062,2022-06-11,67.61
CUST10554,2024-08-23,720.25
CUST10516,2021-06-25,148.65
CUST10897,2022-10-25,325.65
CUST10895,2022-10-04,1159.08
CUST10611,2023-04-09,545.46
CUST10435,2022-09-10,737.69
CUST10539,2023-01-12,1257.77
CUST10934,2023-12-30,450.53
CUST10780,2024-07-09,664.38
CUST10878,2024-02-13,1153.97
CUST10366,2021-12-05,971.98
CUST10148,2023-09-12,710.46
CUST10527,2025-05-02,114.18
CUST10713,2023-03-05,1636.52
CUST10412,2023-02-21,1984.23
CUST10776,2022-05-13,1582.56
CUST10682,2021-04-24,228.18
CUST10875,2024-08-08,717.1
CUST10127,2022-05-15,1442.09
CUST10292,2022-12-04,1325.71
CUST10740,2024-01-28,571.13
CUST10352,2024-07-20,529.55
CUST10991,2024-06-01,900.13
CUST10535,2025-03-23,442.18
CUST10048,2024-12-15,1241.98
CUST10751,2025-03-15,238.17
CUST10184,2025-05-17,2463.98
CUST10651,2022-11-27,1843.02
CUST10216,2022-08-09,641.02
CUST10639,2021-12-27,986.8
CUST10636,2023-09-04,778.13
CUST10030,2024-02-28,1394.95
CUST10938,2024-08-24,376.25
CUST10442,2025-04-08,630.52
CUST10285,2023-05-14,1452.2
CUST10392,2023-08-17,448.53
CUST10422,2022-06-10,1377.64
CUST10571,2024-01-12,873.71
CUST10422,2024-10-20,1047.17
CUST10438,2025-04-08,69.65
CUST10562,2021-06-14,1041.9
CUST10666,2022-01-12,981.28
CUST10578,2024-08-03,2643.53
CUST10855,2025-07-09,2693.56
CUST10405,2024-07-05,259.17
CUST10954,2025-05-09,627.97
CUST10708,2025-01-30,798.63
CUST10859,2023-11-06,265.29
CUST10811,2022-01-10,667.47
CUST10421,2023-12-26,1221.39
CUST10370,2025-01-29,2410.46
CUST10119,2022-09-10,211.44
CUST10628,2023-11-02,378.25
CUST10940,2023-06-06,1201.07
CUST10441,2025-03-19,673.32
CUST10353,2025-01-02,1163.77
CUST10026,2023-03-31,765.75
CUST10139,2023-10-04,640.89
CUST10211,2022-12-27,1079.64
CUST10137,2024-11-02,351.9
CUST10798,2023-03-21,814.54
CUST10887,2024-12-16,2537.75
CUST10748,2021-05-18,590.53
CUST10743,2025-07-17,2422.92
CUST10837,2023-07-06,475.23
CUST10932,2023-06-17,806.64
CUST10281,2024-01-29,1443.21
CUST10179,2024-10-30,1040.37
CUST10357,2022-05-29,2482.0
CUST10656,2021-04-08,957.53
CUST10008,2025-03-14,790.62
CUST10682,2022-01-24,3712.7
CUST10433,2025-01-24,1979.11
CUST10648,2025-02-07,1571.1
CUST10600,2024-01-15,265.47
CUST10410,2022-06-28,939.5
CUST10344,2024-04-29,1106.86
CUST10699,2024-09-23,1176.66
CUST10278,2024-04-04,661.25
CUST10079,2022-06-03,1522.71
CUST10074,2022-09-09,823.71
CUST10213,2025-07-01,319.64
CUST10929,2021-08-20,1076.08
CUST10404,2023-03-13,808.16
CUST10848,2024-12-29,1448.24
CUST10272,2024-05-20,584.79
CUST10376,2025-02-06,1707.97
CUST10192,2025-03-11,602.12
CUST10133,2023-03-23,1049.26
CUST10916,2024-04-17,1347.34
CUST10572,2025-07-01,374.5
CUST10064,2025-01-14,540.26
CUST10959,2022-02-10,264.62
CUST10046,2024-04-30,2680.07
CUST10073,2024-10-31,2665.25
CUST10279,2022-12-25,1507.18
CUST10388,2022-10-27,1379.88
CUST10404,2023-06-02,201.67
CUST10975,2022-11-26,1379.47
CUST10819,2024-06-12,3181.06
CUST10626,2024-01-27,1158.83
CUST10956,2024-11-13,1609.15
CUST10638,2022-07-08,23.67
CUST10715,2024-07-16,2234.93
CUST10205,2024-11-20,816.36
CUST10124,2021-12-20,694.04
CUST10010,2024-08-26,680.96
CUST10746,2024-08-18,785.77
CUST10001,2024-07-25,1108.58
CUST10394,2025-01-19,156.6
CUST10787,2023-09-21,1545.97
CUST10945,2024-02-29,1094.66
CUST10669,2025-06-24,255.69
CUST10089,2025-02-21,512.71
CUST10792,2023-07-21,1083.66
CUST10294,2024-07-28,596.48
CUST10204,2025-03-25,2873.89
CUST10372,2024-04-23,1139.25
CUST10169,2023-01-13,1234.73
CUST10147,2024-02-24,1816.58
CUST10738,2022-11-17,624.98
CUST10334,2024-09-17,399.38
CUST10335,2024-11-09,1533.87
CUST10325,2024-12-28,2774.05
CUST10167,2022-04-01,632.79
CUST10666,2024-12-19,1372.71
CUST10767,2024-06-13,951.43
CUST10182,2022-07-01,718.69
CUST10307,2022-08-09,1193.53
CUST10573,2024-11-22,595.88
CUST10527,2024-03-10,137.21
CUST10267,2024-05-29,1531.79
CUST10022,2025-04-08,687.32
CUST10233,2022-08-02,212.99
CUST10080,2023-09-05,492.79
CUST10543,2024-07-30,4532.15
CUST10794,2024-03-23,336.5
CUST10770,2025-02-26,619.2
CUST10495,2025-05-19,884.51
CUST10865,2025-06-19,940.16
CUST10868,2025-06-08,571.43
CUST10864,2024-11-29,600.15
CUST10904,2021-04-13,1669.79
CUST10353,2023-08-26,1111.01
CUST10472,2025-02-12,1491.71
CUST10343,2024-01-14,1498.27
CUST10375,2025-04-01,1697.8
CUST10975,2023-09-04,1863.21
CUST10059,2025-05-02,545.57
CUST10102,2024-03-01,537.78
CUST10661,2023-03-20,576.08
CUST10404,2025-05-03,1582.53
CUST10730,2022-04-10,1193.94
CUST10818,2021-12-31,436.76
CUST10418,2025-04-04,140.56
CUST10138,2024-07-22,2758.11
CUST10112,2024-08-13,78.95
CUST10295,2025-03-11,442.46
CUST10040,2025-07-21,1373.63
CUST10960,2025-06-06,1955.26
CUST10686,2023-11-16,177.69
CUST10546,2023-02-18,1020.47
CUST10410,2023-04-17,995.81
CUST10591,2023-11-23,1023.95
CUST10362,2023-12-29,767.08
CUST10270,2024-01-21,292.14
CUST10809,2025-07-02,588.63
CUST10663,2025-04-28,1993.8
CUST10947,2024-09-03,1412.36
CUST10405,2023-08-19,2158.33
CUST10258,2025-07-29,101.38
CUST10446,2023-09-21,594.16
CUST10614,2024-03-07,1722.98
CUST10005,2023-05-12,1323.07
CUST10671,2023-01-02,792.32
CUST10702,2022-07-09,931.5
CUST10013,2023-05-10,794.84
CUST10941,2024-07-28,45.87
CUST10083,2024-06-09,1464.77
CUST10487,2024-10-26,482.43
CUST10930,2022-09-06,2175.01
CUST10312,2025-01-07,912.79
CUST10298,2024-10-20,378.1
CUST10339,2021-09-13,557.7
CUST10315,2024-06-18,2323.92
CUST10229,2022-09-19,362.96
CUST10557,2024-10-03,321.94
CUST10906,2022-06-24,433.23
CUST10501,2024-05-24,217.22
CUST10664,2024-05-02,454.22
CUST10380,2023-12-09,749.61
CUST10616,2023-06-27,390.53
CUST10537,2024-07-12,2926.34
CUST10991,2024-10-04,1018.74
CUST10955,2022-10-07,1225.1
CUST10621,2023-07-13,1336.84
CUST10610,2025-03-06,252.38
CUST10337,2025-04-12,500.83
CUST10141,2023-11-09,3253.06
CUST10069,2025-06-10,1872.4
CUST10719,2024-08-27,101.66
CUST10084,2025-04-02,961.04
CUST10077,2022-08-13,633.56
CUST10865,2025-01-11,1291.33
CUST10059,2024-11-29,575.08
CUST10184,2023-11-01,1598.16
CUST10436,2024-02-09,751.77
CUST10587,2024-11-01,1372.69
CUST10797,2023-04-23,1516.67
CUST10428,2024-03-12,2406.07
CUST10507,2024-01-27,1763.83
CUST10567,2024-10-29,509.94
CUST10399,2025-03-08,1117.29
CUST10941,2023-04-18,907.72
CUST10608,2023-09-01,778.04
CUST10181,2023-04-16,429.93
CUST10704,2024-06-07,1263.6
CUST10649,2024-03-02,1925.57
CUST10675,2023-01-27,690.86
CUST10107,2023-11-12,1144.6
CUST10411,2024-08-08,1008.2
CUST10559,2024-01-13,869.87
CUST10864,2022-02-22,768.96
CUST10230,2023-03-26,1584.12
CUST10381,2025-03-22,716.92
CUST10072,2024-08-10,843.81
CUST10395,2024-05-05,961.87
CUST10737,2023-01-18,1280.09
CUST10924,2022-12-19,994.8
CUST10023,2021-07-14,1850.52
CUST10306,2024-09-16,638.64
CUST10517,2024-05-01,723.12
CUST10221,2022-01-09,1761.81
CUST10649,2024-05-19,750.84
CUST10263,2024-08-13,206.16
CUST10105,2025-01-31,659.81
CUST10438,2024-12-18,1849.53
CUST10322,2024-04-01,293.73
CUST10573,2025-04-11,1070.49
CUST10701,2024-12-16,472.09
CUST10163,2025-06-26,1506.28
CUST10220,2024-08-27,854.4
CUST10131,2025-02-12,1172.72
CUST10613,2024-02-20,1513.29
CUST10581,2024-05-18,817.62
CUST10000,2021-05-02,564.0
CUST10928,2024-12-25,1313.08
CUST10260,2024-01-01,3640.55
CUST10461,2023-05-30,421.38
CUST10983,2021-07-28,1782.99
CUST10985,2024-10-13,120.56
CUST10264,2024-08-28,616.67
CUST10611,2024-01-11,925.68
CUST10100,2023-03-17,362.7
CUST10263,2022-07-17,989.13
CUST10051,2024-04-28,598.55
CUST10771,2023-11-11,554.01
CUST10170,2023-05-20,1324.57
CUST10427,2023-02-16,1844.71
CUST10691,2024-03-19,1259.64
CUST10003,2023-11-05,448.2
CUST10271,2023-05-23,234.63
CUST10112,2022-07-18,236.14
CUST10931,2023-11-20,1414.62
CUST10521,2025-07-26,271.35
CUST10230,2024-01-28,2399.49
CUST10886,2025-07-18,254.98
CUST10221,2024-06-22,687.19
CUST10302,2022-10-05,449.7
CUST10801,2025-02-22,1517.26
CUST10506,2025-04-20,290.36
CUST10902,2024-09-05,1124.42
CUST10187,2025-06-12,838.63
CUST10966,2023-05-21,751.86
CUST10372,2022-01-21,3178.04
CUST10886,2025-05-16,2227.81
CUST10634,2024-10-29,127.5
CUST10196,2025-05-06,1629.2
CUST10526,2023-11-26,263.98
CUST10311,2025-03-14,1059.14
CUST10631,2025-05-26,158.77
CUST10440,2025-05-25,1161.93
CUST10070,2024-06-11,264.51
CUST10210,2022-09-06,467.4
CUST10340,2023-07-05,1076.46
CUST10245,2024-09-10,1071.61
CUST10562,2024-01-27,613.58
CUST10676,2025-05-12,1228.39
CUST10274,2023-10-08,352.37
CUST10425,2024-10-24,2699.69
CUST10647,2023-12-21,701.52
CUST10161,2023-08-04,426.03
CUST10603,2025-04-12,153.53
CUST10279,2022-10-17,1435.3
CUST10999,2024-10-09,1081.81
CUST10860,2024-06-22,759.23
CUST10241,2023-05-12,908.58
CUST10305,2025-07-29,1414.73
CUST10786,2025-03-18,828.29
CUST10351,2025-06-01,2463.57
CUST10392,2023-03-18,974.99
CUST10093,2024-09-20,901.43
CUST10980,2024-05-03,1078.55
CUST10406,2024-08-19,393.52
CUST10816,2025-03-16,674.5
CUST10518,2024-06-18,1184.18
CUST10595,2024-11-07,551.95
CUST10833,2022-08-22,371.09
CUST10992,2024-04-05,1535.21
CUST10756,2025-06-14,1318.09
CUST10619,2024-09-27,477.43
CUST10136,2023-05-11,665.47
CUST10613,2023-10-02,3256.78
CUST10352,2022-09-30,425.04
CUST10301,2022-06-10,930.39
CUST10117,2025-03-20,831.55
CUST10233,2021-11-02,616.11
CUST10407,2025-01-22,1158.21
CUST10340,2025-04-07,682.24
CUST10894,2024-08-12,88.47
CUST10814,2025-07-16,488.22
CUST10163,2024-07-22,1100.28
CUST10161,2024-08-11,815.51
CUST10126,2025-06-28,1118.11
CUST10090,2025-07-04,1920.96
CUST10124,2024-11-29,341.44
CUST10556,2025-03-28,873.91
CUST10162,2022-07-17,1307.34
CUST10284,2021-07-23,1543.98
CUST10342,2022-04-25,2638.41
CUST10263,2022-03-18,1084.54
CUST10679,2023-09-03,705.41
CUST10486,2025-06-24,895.39
CUST10908,2025-01-13,733.12
CUST10879,2022-09-07,1041.74
CUST10182,2022-03-23,643.72
CUST10884,2023-12-20,1071.62
CUST10784,2022-09-23,1948.35
CUST10398,2024-04-03,1787.65
CUST10751,2024-02-11,706.16
CUST10762,2025-06-15,372.07
CUST10684,2024-07-28,437.43
CUST10006,2025-04-19,3832.06
CUST10413,2025-03-18,1250.72
CUST10955,2025-07-23,878.83
CUST10018,2025-05-19,621.87
CUST10665,2022-10-10,276.3
CUST10773,2025-04-25,916.72
CUST10675,2024-05-31,506.36
CUST10477,2023-10-14,481.39
CUST10103,2020-11-24,1092.37
CUST10111,2025-05-25,139.13
CUST10776,2023-12-07,596.86
CUST10990,2024-11-25,952.08
CUST10311,2025-03-18,494.06
CUST10559,2024-09-25,661.16
CUST10949,2025-06-13,2230.12
CUST10620,2024-07-17,381.03
CUST10259,2025-05-02,454.91
CUST10237,2025-06-23,137.65
CUST10179,2023-01-05,1639.13
CUST10222,2024-07-25,828.81
CUST10159,2022-09-19,344.55
CUST10667,2024-09-04,1643.55
CUST10315,2022-07-26,925.2
CUST10501,2025-05-31,675.69
CUST10844,2024-07-28,433.61
CUST10688,2021-04-13,1292.36
CUST10713,2023-10-10,232.59
CUST10197,2024-08-29,988.77
CUST10125,2024-04-20,940.1
CUST10690,2024-09-12,2298.6
CUST10175,2023-08-21,1615.25
CUST10492,2024-10-03,2100.81
CUST10480,2020-12-16,805.12
CUST10781,2024-01-24,1233.33
CUST10429,2024-09-20,964.92
CUST10865,2024-04-24,655.09
CUST10808,2022-02-13,1765.94
CUST10188,2025-07-17,1651.2
CUST10439,2024-07-18,1330.43
CUST10099,2025-05-06,570.88
CUST10060,2023-05-29,454.96
CUST10798,2024-02-08,642.66
CUST10838,2025-05-25,1018.39
CUST10582,2024-01-09,552.76
CUST10264,2025-05-08,549.39
CUST10909,2025-06-12,2030.35
CUST10333,2023-04-28,791.12
CUST10442,2022-08-13,856.43
CUST10268,2023-03-08,1452.97
CUST10196,2023-12-20,1870.78
CUST10755,2023-09-02,1019.45
CUST10827,2023-05-11,2137.03
CUST10095,2025-05-09,444.46
CUST10413,2022-04-05,1078.98
CUST10368,2024-01-26,691.37
CUST10602,2024-01-15,257.13
CUST10178,2023-09-16,690.58
CUST10741,2024-05-02,594.96
CUST10547,2024-10-26,898.74
CUST10324,2021-03-26,971.69
CUST10019,2025-02-25,253.03
CUST10707,2022-07-05,43.31
CUST10371,2024-05-22,485.37
CUST10737,2024-05-04,1085.77
CUST10129,2024-10-12,935.44
CUST10107,2025-06-29,674.55
CUST10036,2025-01-09,335.13
CUST10200,2023-03-13,2311.84
CUST10550,2025-05-14,736.99
CUST10064,2024-11-25,909.85
CUST10262,2022-05-29,1115.06
CUST10119,2023-08-19,1832.58
CUST10069,2023-03-01,1363.96
CUST10026,2023-10-01,356.01
CUST10784,2022-05-15,1139.04
CUST10623,2025-03-18,372.79
CUST10420,2024-10-12,1042.02
CUST10327,2025-06-21,249.41
CUST10148,2023-07-20,1844.86
CUST10331,2022-10-06,164.03
CUST10646,2023-03-29,458.56
CUST10537,2024-05-09,867.11
CUST10383,2023-04-20,1191.76
CUST10898,2021-01-15,1753.19
CUST10913,2023-05-09,1225.59
CUST10461,2025-01-27,187.79
CUST10371,2025-01-25,540.93
CUST10429,2024-07-31,310.22
CUST10445,2025-01-09,801.41
CUST10739,2024-03-26,416.41
CUST10560,2024-10-22,1263.15
CUST10363,2025-04-09,895.35
CUST10931,2025-02-05,674.71
CUST10207,2021-06-01,2215.31
CUST10461,2022-03-22,1462.09
CUST10464,2022-09-24,3656.69
CUST10249,2025-04-15,1257.9
CUST10977,2025-07-05,899.06
CUST10722,2023-07-26,548.53
CUST10674,2025-02-07,667.87
CUST10060,2024-08-04,555.2
CUST10743,2025-04-03,1817.19
CUST10400,2024-03-24,433.96
CUST10136,2021-03-04,1352.71
CUST10922,2024-10-20,653.08
CUST10654,2023-01-18,1600.57
CUST10650,2024-01-19,1737.05
CUST10172,2024-07-12,1089.34
CUST10805,2024-10-27,765.86
CUST10488,2023-02-18,1192.36
CUST10112,2022-11-14,1148.92
CUST10339,2022-03-14,1250.56
CUST10129,2024-03-26,103.04
CUST10696,2022-08-01,594.2
CUST10657,2024-10-23,810.94
CUST10015,2022-04-12,2269.99
CUST10251,2023-11-01,686.53
CUST10880,2023-06-08,943.3
CUST10308,2024-09-21,1520.15
CUST10756,2025-06-20,1714.72
CUST10707,2024-05-14,343.8
CUST10460,2024-07-12,511.27
CUST10533,2025-06-03,313.99
CUST10851,2024-09-15,99.24
CUST10652,2023-04-09,872.05
CUST10947,2022-04-17,519.57
CUST10970,2025-02-14,717.8
CUST10628,2023-08-03,330.53
CUST10849,2022-02-15,405.18
CUST10861,2022-04-08,58.59
CUST10545,2024-01-29,370.02
CUST10725,2022-12-10,1260.67
CUST10475,2024-11-22,1076.15
CUST10630,2025-01-11,724.43
CUST10632,2023-10-27,2020.73
CUST10096,2023-07-16,608.55
CUST10655,2025-01-18,464.11
CUST10771,2024-05-21,838.16
CUST10859,2024-02-27,462.99
CUST10196,2024-08-23,1750.95
CUST10256,2024-11-09,876.21
CUST10723,2024-10-27,1036.05
CUST10478,2024-12-13,1044.65
CUST10258,2024-01-16,1207.94
CUST10559,2022-10-31,86.07
CUST10914,2025-02-19,948.0
CUST10048,2025-04-30,322.04
CUST10275,2024-04-22,899.75
CUST10240,2024-08-07,362.26
CUST10047,2024-06-24,1256.54
CUST10867,2022-03-04,1174.54
CUST10112,2022-04-08,3622.22
CUST10896,2024-10-06,427.26
CUST10012,2022-12-08,497.6
CUST10848,2024-12-21,1196.98
CUST10716,2025-01-07,690.46
CUST10699,2025-03-05,696.35
CUST10673,2025-07-24,484.04
CUST10486,2024-05-22,249.62
CUST10977,2025-07-07,366.38
CUST10780,2023-12-09,1627.25
CUST10532,2022-08-14,1963.28
CUST10892,2023-11-23,3267.95
CUST10791,2021-04-24,546.01
CUST10444,2024-05-09,386.18
CUST10854,2024-09-16,770.75
CUST10767,2023-03-01,1878.53
CUST10188,2023-10-13,236.53
CUST10372,2022-03-05,204.86
CUST10101,2024-01-19,1022.36
CUST10258,2024-01-15,1481.61
CUST10438,2025-04-17,1010.75
CUST10798,2024-03-19,820.05
CUST10249,2023-12-18,380.95
CUST10228,2023-09-07,2167.3
CUST10341,2025-01-09,884.96
CUST10980,2022-11-29,580.59
CUST10236,2022-11-03,495.73
CUST10541,2022-09-05,873.44
CUST10531,2024-09-22,684.54
CUST10323,2024-06-23,855.95
CUST10836,2024-05-14,951.33
CUST10667,2024-06-09,1023.38
CUST10254,2025-02-05,210.01
CUST10779,2022-11-17,678.86
CUST10636,2024-05-31,1738.69
CUST10573,2023-02-05,421.96
CUST10638,2024-04-16,340.83
CUST10109,2025-03-30,1039.47
CUST10709,2024-09-28,3138.71
CUST10187,2024-01-06,2799.22
CUST10199,2021-09-12,729.63
CUST10537,2025-07-17,380.89
CUST10881,2024-10-10,831.33
CUST10378,2024-05-31,596.68
CUST10459,2023-04-10,2248.75
CUST10892,2024-03-04,168.08
CUST10273,2024-03-13,76.71
CUST10778,2025-05-12,3420.61
CUST10031,2025-06-21,2296.29
CUST10974,2024-04-09,184.29
CUST10673,2022-08-14,1275.22
CUST10809,2024-04-19,481.98
CUST10493,2022-01-12,890.1
CUST10001,2024-11-17,1779.53
CUST10019,2024-04-15,758.73
CUST10956,2025-01-29,499.44
CUST10772,2023-03-30,824.99
CUST10639,2024-07-17,248.35
CUST10358,2024-05-18,382.76
CUST10184,2025-02-21,2662.65
CUST10861,2024-05-27,3827.47
CUST10352,2024-02-15,1967.01
CUST10121,2025-07-14,2180.6
CUST10312,2024-08-28,2476.87
CUST10206,2023-02-10,196.13
CUST10686,2022-08-26,1403.79
CUST10268,2024-05-29,737.74
CUST10648,2023-05-07,1340.32
CUST10417,2024-04-20,1011.58
CUST10944,2022-08-17,2217.56
CUST10011,2025-07-13,2007.18
CUST10522,2023-04-16,294.34
CUST10928,2024-07-21,445.46
CUST10067,2023-11-18,458.03
CUST10021,2023-08-26,794.5
CUST10549,2024-01-16,606.41
CUST10092,2024-02-23,1848.02
CUST10985,2024-08-30,409.24
CUST10308,2021-03-21,899.65
CUST10518,2022-05-14,578.09
CUST10217,2024-04-09,1046.77
CUST10188,2025-04-09,378.33
CUST10134,2023-10-17,1866.52
CUST10382,2024-07-31,2359.1
CUST10536,2025-03-12,338.26
CUST10703,2021-12-09,1892.18
CUST10756,2024-06-01,1049.51
CUST10228,2022-01-23,165.99
CUST10814,2023-05-26,118.34
CUST10499,2021-09-19,289.62
CUST10677,2024-12-25,691.35
CUST10469,2024-03-31,401.39
CUST10185,2025-03-22,1348.62
CUST10105,2023-01-07,341.26
CUST10045,2023-04-03,252.3
CUST10863,2024-06-09,835.06
CUST10677,2024-06-10,1813.87
CUST10319,2024-12-30,3139.82
CUST10897,2023-10-11,682.34
CUST10621,2022-12-05,966.15
CUST10399,2024-10-02,531.12
CUST10954,2024-06-22,1234.6
CUST10240,2025-02-04,1051.45
CUST10009,2024-03-15,1368.39
CUST10066,2025-02-19,222.83
CUST10043,2024-04-15,305.49
CUST10017,2024-08-05,1598.54
CUST10184,2024-12-14,441.59
CUST10308,2025-02-25,1940.99
CUST10494,2025-04-13,2089.94
CUST10273,2024-11-30,897.41
CUST10039,2024-10-26,3213.71
CUST10576,2024-12-17,873.41
CUST10718,2024-11-13,677.44
CUST10807,2024-05-24,395.27
CUST10123,2022-02-08,477.23
CUST10101,2024-08-27,1283.14
CUST10464,2024-10-13,863.69
CUST10184,2023-06-09,978.95
CUST10889,2025-06-04,869.6
CUST10648,2023-09-22,1201.61
CUST10079,2022-07-13,1259.25
CUST10324,2021-04-10,295.36
CUST10893,2024-02-27,1245.32
CUST10058,2023-05-03,1772.74
CUST10152,2025-02-09,1710.74
CUST10107,2025-01-29,1083.92
CUST10395,2023-06-18,2566.16
CUST10737,2024-01-17,574.72
CUST10619,2024-05-24,782.09
CUST10250,2024-10-05,996.65
CUST10461,2025-07-13,1804.25
CUST10584,2025-07-02,373.46
CUST10314,2021-02-04,953.67
CUST10718,2024-12-05,1850.73
CUST10084,2025-02-01,1626.81
CUST10197,2024-12-21,729.55
CUST10603,2021-09-19,288.51
CUST10839,2023-09-17,289.71
CUST10751,2022-02-17,1004.04
CUST10252,2021-05-19,493.82
CUST10760,2024-08-22,1698.09
CUST10215,2024-12-25,2030.44
CUST10413,2023-03-29,1114.24
CUST10003,2023-06-24,523.58
CUST10746,2023-12-10,574.89
CUST10368,2021-07-23,445.36
CUST10181,2021-05-14,3104.68
CUST10556,2023-05-19,263.54
CUST10608,2021-06-02,1664.5
CUST10149,2022-07-31,611.06
CUST10782,2025-01-21,1172.59
CUST10481,2025-03-05,122.7
CUST10721,2025-07-23,1282.71
CUST10559,2024-05-02,2141.51
CUST10281,2023-07-14,1064.81
CUST10416,2024-07-20,512.86
CUST10874,2024-05-09,282.25
CUST10330,2022-08-21,286.42
CUST10721,2024-12-03,884.13
CUST10977,2023-10-06,957.24
CUST10274,2024-11-13,659.31
CUST10968,2024-03-09,1224.87
CUST10499,2021-08-06,231.49
CUST10576,2024-06-19,1680.08
CUST10345,2025-01-01,1021.27
CUST10439,2025-05-25,708.65
CUST10520,2022-08-30,1630.41
CUST10925,2023-01-21,1099.77
CUST10712,2024-12-14,603.68
CUST10163,2023-09-26,1269.94
CUST10093,2023-03-10,263.15
CUST10198,2025-04-22,1296.82
CUST10910,2023-09-21,1352.9
CUST10158,2023-10-01,1865.73
CUST10006,2023-12-14,303.8
CUST10806,2024-10-11,909.14
CUST10025,2024-03-24,209.54
CUST10062,2025-07-01,693.64
CUST10993,2021-07-12,1244.96
CUST10437,2024-08-02,851.26
CUST10831,2022-10-28,1053.29
CUST10422,2024-09-01,804.16
CUST10681,2025-06-11,660.03
CUST10246,2024-01-28,835.73
CUST10944,2025-02-06,631.68
CUST10413,2022-02-26,1241.91
CUST10674,2024-09-27,650.45
CUST10436,2025-03-29,133.27
CUST10987,2022-12-16,651.33
CUST10955,2024-11-16,767.69
CUST10482,2024-04-22,1631.04
CUST10876,2025-07-16,1445.89
CUST10103,2023-03-01,270.72
CUST10580,2022-05-17,2142.45
CUST10936,2024-06-22,257.52
CUST10387,2025-07-22,979.85
CUST10262,2024-07-27,1440.16
CUST10505,2024-05-18,629.78
CUST10480,2021-12-03,879.0
CUST10212,2022-02-15,654.35
CUST10335,2024-06-27,112.38
CUST10156,2023-09-23,1467.8
CUST10392,2023-08-16,568.29
CUST10995,2024-06-23,588.78
CUST10874,2023-11-24,326.62
CUST10733,2025-04-06,509.61
CUST10676,2024-02-25,2004.53
CUST10950,2024-05-15,2148.15
CUST10253,2025-02-02,95.1
CUST10892,2024-11-13,3102.16
CUST10506,2025-05-15,187.95
CUST10741,2021-06-30,354.59
CUST10509,2023-03-03,2463.82
CUST10071,2024-06-07,707.46
CUST10942,2024-01-21,227.94
CUST10592,2025-01-10,375.53
CUST10327,2024-05-20,759.99
CUST10131,2025-05-29,872.56
CUST10128,2022-10-13,283.61
CUST10575,2022-09-13,828.97
CUST10069,2024-05-27,31.59
CUST10911,2024-07-27,663.61
CUST10839,2023-10-12,1205.92
CUST10692,2025-07-05,1293.01
CUST10508,2024-09-30,965.17
CUST10145,2025-05-13,1366.64
CUST10257,2023-12-28,888.09
CUST10991,2025-01-22,794.97
CUST10804,2024-06-21,632.39
CUST10697,2021-09-24,1073.82
CUST10286,2025-06-15,589.63
CUST10506,2023-07-30,1057.42
CUST10773,2025-04-09,2497.56
CUST10367,2023-10-01,2047.69
CUST10643,2021-11-17,482.0
CUST10049,2025-05-15,953.03
CUST10495,2025-03-17,344.58
CUST10680,2021-08-11,1993.18
CUST10902,2024-10-25,772.69
CUST10806,2024-10-08,1869.86
CUST10452,2024-04-05,1667.18
CUST10349,2023-05-19,1426.03
CUST10195,2025-02-08,110.22
CUST10910,2023-11-17,2308.96
CUST10967,2024-05-27,608.49
CUST10999,2023-03-15,1619.39
CUST10019,2024-12-12,178.64
CUST10586,2023-12-07,2598.49
CUST10377,2024-08-03,262.24
CUST10816,2024-10-07,1820.1
CUST10980,2024-10-03,381.87
CUST10615,2025-04-28,1165.17
CUST10121,2025-02-01,317.9
CUST10328,2025-01-12,188.9
CUST10378,2025-02-03,1125.71
CUST10620,2024-11-17,301.94
CUST10745,2023-12-12,780.37
CUST10877,2024-09-29,849.07
CUST10142,2023-08-13,263.46
CUST10684,2025-07-01,984.95
CUST10761,2024-01-01,1853.67
CUST10971,2025-06-08,988.0
CUST10765,2025-02-04,384.72
CUST10602,2025-05-30,1670.02
CUST10748,2022-05-17,1534.33
CUST10068,2024-12-05,987.33
CUST10747,2025-06-22,276.19
CUST10806,2025-05-09,860.66
CUST10045,2024-11-26,746.37
CUST10037,2022-03-26,901.0
CUST10117,2025-05-28,1051.29
CUST10715,2025-04-22,725.36
CUST10286,2024-10-02,1349.75
CUST10345,2024-06-23,1750.72
CUST10814,2023-11-29,294.76
CUST10911,2024-04-30,1541.75
CUST10062,2024-08-08,1401.47
CUST10464,2024-11-21,905.24
CUST10801,2023-06-25,1032.69
CUST10330,2024-11-11,1156.01
CUST10633,2024-11-23,966.23
CUST10154,2022-09-30,820.46
CUST10329,2025-02-01,206.03
CUST10851,2025-05-10,1063.03
CUST10441,2023-07-15,1219.9
CUST10411,2025-04-29,2331.76
CUST10247,2024-11-24,872.21
CUST10050,2024-06-21,1338.04
CUST10363,2024-10-02,774.06
CUST10182,2021-01-01,1081.85
CUST10246,2024-08-30,264.97
CUST10444,2023-11-08,765.84
CUST10630,2025-02-23,1489.64
CUST10441,2023-09-15,745.14
CUST10940,2022-07-07,1237.17
CUST10632,2025-06-06,1194.7
CUST10992,2024-12-19,196.84
CUST10526,2025-03-20,3289.15
CUST10663,2024-04-12,476.34
CUST10011,2020-10-15,1179.28
CUST10200,2023-01-22,675.16
CUST10988,2025-01-24,287.23
CUST10831,2022-05-29,955.08
CUST10966,2025-07-20,637.49
CUST10518,2024-11-16,1000.42
CUST10572,2025-01-15,378.44
CUST10827,2023-05-16,1514.78
CUST10501,2024-07-26,941.12
CUST10733,2023-02-02,1554.34
CUST10259,2025-02-13,467.41
CUST10011,2021-06-23,1229.25
CUST10207,2023-10-24,1497.13
CUST10921,2025-03-17,18.24
CUST10181,2024-02-07,2543.33
CUST10451,2025-07-03,1621.0
CUST10372,2021-12-28,1284.23
CUST10438,2024-10-29,1450.5
CUST10225,2023-06-23,165.89
CUST10479,2022-04-17,1170.08
CUST10789,2025-05-11,841.84
CUST10537,2024-09-28,767.38
CUST10524,2023-07-11,1014.85
CUST10623,2024-04-27,1669.24
CUST10601,2024-04-12,641.32
CUST10708,2024-03-06,803.77
CUST10253,2023-11-18,900.5
CUST10046,2025-03-28,690.25
CUST10908,2024-03-03,646.13
CUST10965,2022-12-06,1399.5
CUST10155,2024-04-25,1550.98
CUST10852,2021-07-13,936.24
CUST10816,2023-11-07,980.01
CUST10464,2024-07-18,1352.13
CUST10156,2025-02-06,409.52
CUST10970,2023-09-05,269.67
CUST10350,2025-03-09,458.06
CUST10812,2024-06-25,1587.33
CUST10242,2024-02-25,1350.54
CUST10827,2023-07-14,1287.13
CUST10181,2025-03-30,670.05
CUST10629,2024-04-25,391.61
CUST10844,2024-01-02,284.42
CUST10379,2024-05-19,1486.43
CUST10280,2021-01-29,918.32
CUST10815,2024-02-19,1232.72
CUST10111,2024-05-20,1358.68
CUST10118,2025-05-06,1845.44
CUST10781,2022-10-28,282.58
CUST10539,2022-08-01,541.97
CUST10644,2024-03-13,3182.88
CUST10941,2023-07-28,1300.97
CUST10979,2025-07-06,862.93
CUST10180,2022-01-10,2587.93
CUST10810,2022-04-30,467.46
CUST10906,2021-07-20,1784.95
CUST10021,2023-04-16,1669.13
CUST10608,2021-04-28,791.1
CUST10611,2024-09-10,69.52
CUST10941,2025-07-09,1203.9
CUST10151,2022-11-07,907.04
CUST10256,2022-12-11,489.66
CUST10453,2024-08-22,646.08
CUST10734,2024-08-24,220.67
CUST10774,2025-07-12,232.29
CUST10287,2023-10-28,2685.15
CUST10138,2024-10-30,348.23
CUST10571,2021-09-26,1655.88
CUST10406,2023-02-15,1274.89
CUST10671,2024-07-05,318.02
CUST10599,2022-05-15,1291.45
CUST10434,2022-07-21,1171.16
CUST10610,2025-06-06,1755.6
CUST10247,2023-08-30,1157.89
CUST10532,2024-05-20,1749.72
CUST10191,2022-05-22,1751.44
CUST10186,2025-02-14,319.69
CUST10714,2024-10-23,1237.24
CUST10337,2023-05-14,915.93
CUST10833,2023-01-24,1180.36
CUST10323,2022-02-10,1988.7
CUST10200,2023-10-16,935.14
CUST10670,2021-06-12,1154.13
CUST10012,2024-09-16,1030.57
CUST10290,2024-06-12,1145.41
CUST10649,2024-10-23,546.12
CUST10946,2022-07-18,1651.17
CUST10602,2024-07-31,1114.08
CUST10088,2024-11-13,1425.81
CUST10678,2023-09-15,1742.1
CUST10365,2024-12-26,618.74
CUST10156,2023-09-04,380.19
CUST10159,2023-03-26,559.21
CUST10989,2024-09-09,842.19
CUST10088,2022-11-05,80.45
CUST10866,2025-04-16,586.33
CUST10049,2022-02-25,761.17
CUST10538,2023-05-20,221.62
CUST10734,2024-01-06,712.77
CUST10930,2023-11-29,1710.4
CUST10146,2024-05-27,504.3
CUST10699,2023-09-01,1353.83
CUST10032,2022-07-29,652.81
CUST10776,2025-05-08,770.3
CUST10692,2025-06-25,1438.48
CUST10107,2024-02-14,1503.29
CUST10479,2024-03-14,836.71
CUST10532,2024-10-30,291.59
CUST10407,2024-07-15,2672.85
CUST10052,2022-05-31,1234.75
CUST10082,2025-04-14,2115.19
CUST10147,2023-05-22,553.08
CUST10250,2024-09-20,1165.93
CUST10449,2024-11-14,1480.24
CUST10480,2021-04-19,1243.48
CUST10900,2024-03-26,1670.31
CUST10515,2025-02-27,2280.7
CUST10438,2024-07-27,355.08
CUST10549,2024-03-23,647.47
CUST10116,2024-12-29,1783.34
CUST10221,2022-09-28,1093.65
CUST10406,2022-06-26,197.73
CUST10772,2023-01-24,1033.7
CUST10098,2024-05-25,1304.54
CUST10064,2023-10-01,1413.56
CUST10347,2023-07-17,440.03
CUST10311,2024-09-02,1710.51
CUST10256,2023-04-23,482.1
CUST10962,2024-05-26,2315.41
CUST10409,2024-02-27,928.06
CUST10344,2024-07-10,2480.94
CUST10035,2025-03-20,1297.04
CUST10043,2024-02-14,857.14
CUST10912,2024-09-02,2471.03
CUST10122,2025-02-22,740.82
CUST10766,2024-01-19,438.9
CUST10251,2022-12-06,408.59
CUST10052,2024-02-10,556.08
CUST10019,2023-10-22,144.47
CUST10101,2023-06-22,1998.0
CUST10452,2025-06-19,1047.41
CUST10090,2025-02-07,1087.96
CUST10781,2024-06-10,1011.26
CUST10791,2023-07-04,556.36
CUST10045,2023-01-23,1295.79
CUST10443,2025-01-01,962.32
CUST10732,2024-07-12,662.85
CUST10590,2024-09-05,1349.42
CUST10162,2024-10-08,461.02
CUST10436,2024-02-16,168.05
CUST10855,2025-03-13,556.25
CUST10067,2024-01-12,1203.33
CUST10459,2023-11-17,2162.64
CUST10722,2025-06-08,1613.61
CUST10684,2024-07-14,1041.53
CUST10538,2025-06-08,1101.78
CUST10944,2024-05-10,713.41
CUST10234,2021-11-03,1234.5
CUST10098,2025-03-31,659.5
CUST10811,2025-04-10,557.52
CUST10127,2021-06-26,262.34
CUST10194,2024-10-17,312.97
CUST10947,2024-02-25,792.76
CUST10267,2023-01-06,1495.97
CUST10734,2024-10-07,477.8
CUST10675,2025-03-19,2360.57
CUST10238,2022-11-25,735.37
CUST10273,2023-07-19,184.42
CUST10344,2024-06-30,1023.69
CUST10761,2022-04-02,897.1
CUST10015,2025-01-16,772.9
CUST10930,2025-01-08,690.33
CUST10153,2023-05-28,1713.36
CUST10200,2023-03-30,707.48
CUST10473,2025-05-17,794.57
CUST10397,2024-07-06,2123.86
CUST10405,2025-05-28,619.9
CUST10355,2023-12-21,799.14
CUST10688,2023-02-15,665.88
CUST10722,2023-06-23,589.41
CUST10259,2024-11-30,2241.67
CUST10547,2024-10-20,924.48
CUST10120,2024-09-28,758.75
CUST10964,2025-02-02,354.78
CUST10490,2025-04-17,1116.46
CUST10528,2024-08-14,1048.22
CUST10163,2023-05-19,952.38
CUST10281,2024-11-23,864.09
CUST10957,2024-05-21,1648.97
CUST10621,2022-12-04,637.76
CUST10260,2025-05-20,212.89
CUST10454,2025-03-11,1001.54
CUST10615,2023-03-22,702.08
CUST10788,2022-03-31,1402.95
CUST10593,2024-07-20,506.86
CUST10052,2024-02-23,2101.09
CUST10609,2024-10-26,629.06
CUST10160,2024-07-09,486.72
CUST10129,2024-08-29,125.97
CUST10859,2022-09-28,1616.26
CUST10832,2024-10-17,1225.09
CUST10917,2025-01-05,1348.26
CUST10970,2025-04-22,1595.26
CUST10904,2023-03-29,1202.97
CUST10379,2024-01-01,648.86
CUST10174,2025-05-30,1806.18
CUST10892,2024-12-05,745.06
CUST10323,2023-04-09,1381.41
CUST10418,2024-07-17,1982.66
CUST10499,2022-04-22,1071.79
CUST10545,2024-09-20,1008.23
CUST10009,2024-04-19,734.29
CUST10939,2024-07-23,1740.1
CUST10413,2024-12-22,390.05
CUST10361,2023-06-03,155.99
CUST10345,2025-07-07,1805.19
CUST10193,2025-03-06,1328.92
CUST10006,2025-03-12,945.81
CUST10452,2022-12-21,923.91
CUST10994,2023-12-20,1153.3
CUST10130,2024-01-10,2478.08
CUST10375,2025-01-06,3378.35
CUST10340,2022-04-14,1592.67
CUST10726,2024-01-09,1882.22
CUST10090,2023-07-11,2254.15
CUST10884,2023-11-03,1700.66
CUST10313,2024-04-19,962.62
CUST10004,2023-01-22,1524.52
CUST10705,2024-01-12,1004.17
CUST10678,2024-12-05,2162.83
CUST10314,2024-12-30,990.88
CUST10505,2024-01-29,1035.65
CUST10945,2023-08-06,828.98
CUST10104,2025-02-11,643.66
CUST10180,2024-05-02,32.89
CUST10079,2021-04-29,1916.39
CUST10471,2025-04-05,1421.33
CUST10819,2022-10-07,2283.63
CUST10235,2024-12-31,106.89
CUST10248,2025-02-28,824.94
CUST10903,2023-07-02,713.18
CUST10761,2021-08-14,854.28
CUST10774,2025-03-13,1169.57
CUST10316,2025-05-05,428.23
CUST10026,2025-02-10,492.92
CUST10238,2024-06-22,103.75
CUST10390,2023-10-25,531.35
CUST10848,2024-10-22,269.82
CUST10046,2024-01-06,1148.79
CUST10832,2024-08-23,1549.25
CUST10055,2021-10-30,642.92
CUST10651,2023-07-05,603.84
CUST10883,2025-06-24,767.36
CUST10715,2025-01-03,405.24
CUST10448,2020-11-15,573.83
CUST10448,2025-05-22,1435.84
CUST10316,2025-01-25,1225.29
CUST10790,2023-12-30,920.79
CUST10152,2024-12-31,406.89
CUST10734,2024-08-04,2051.26
CUST10840,2023-01-22,512.54
CUST10728,2024-06-19,728.79
CUST10624,2024-10-05,943.73
CUST10319,2022-09-14,2943.76
CUST10501,2024-06-21,825.49
CUST10256,2022-11-11,823.22
CUST10827,2025-05-25,1671.18
CUST10085,2024-06-15,601.06
CUST10152,2024-11-08,889.75
CUST10244,2022-08-20,331.7
CUST10641,2022-05-14,1659.44
CUST10974,2023-02-09,2511.48
CUST10089,2024-10-18,613.37
CUST10933,2024-12-18,236.58
CUST10366,2025-05-22,988.43
CUST10253,2021-02-05,2591.89
CUST10957,2024-06-22,136.59
CUST10144,2024-12-25,301.8
CUST10107,2024-08-15,571.68
CUST10002,2025-05-30,1192.68
CUST10650,2025-05-28,137.51
CUST10023,2023-09-12,635.95
CUST10059,2022-11-04,2209.44
CUST10164,2024-02-11,1786.4
CUST10115,2023-05-29,2011.51
CUST10062,2025-07-12,2505.49
CUST10903,2022-11-17,640.43
CUST10585,2025-03-19,876.67
CUST10621,2024-03-26,798.28
CUST10931,2022-11-15,415.71
CUST10107,2023-07-24,244.37
CUST10849,2023-12-05,2013.05
CUST10378,2025-05-14,165.64
CUST10881,2024-01-15,1104.4
CUST10641,2023-08-23,1387.57
CUST10613,2024-02-18,1764.25
CUST10064,2024-03-08,952.62
CUST10112,2022-11-28,1097.85
CUST10591,2024-04-20,434.6
CUST10789,2023-10-08,2200.78
CUST10867,2025-01-30,1115.12
CUST10255,2024-02-16,433.73
CUST10720,2024-07-08,1393.29
CUST10505,2022-08-26,491.45
CUST10789,2023-05-13,1384.88
CUST10064,2025-04-18,592.61
CUST10855,2024-07-09,1072.03
CUST10058,2023-09-21,1638.27
CUST10251,2025-02-01,649.88
CUST10846,2022-08-19,797.5
CUST10017,2024-05-26,513.49
CUST10508,2024-06-15,1882.82
CUST10298,2023-12-21,828.7
CUST10519,2022-03-27,377.71
CUST10248,2024-10-13,538.35
CUST10142,2024-06-22,984.41
CUST10340,2023-05-05,1159.79
CUST10402,2024-04-07,1117.12
CUST10712,2024-05-27,721.13
CUST10108,2024-04-15,1244.69
CUST10522,2024-03-18,864.41
CUST10706,2023-10-02,2204.66
CUST10255,2024-02-27,310.96
CUST10491,2023-02-11,929.12
CUST10116,2025-06-03,229.73
CUST10722,2024-10-14,3344.1
CUST10214,2025-05-01,450.87
CUST10072,2022-12-24,660.9
CUST10219,2024-04-30,2787.1
CUST10745,2023-06-09,45.71
CUST10103,2023-06-28,996.48
CUST10733,2023-08-04,1035.77
CUST10172,2024-10-26,2114.93
CUST10769,2025-07-22,1181.64
CUST10260,2021-08-07,652.22
CUST10889,2024-01-12,1167.29
CUST10145,2025-03-14,194.34
CUST10206,2023-02-12,1151.83
CUST10214,2025-04-07,2114.55
CUST10511,2024-03-12,589.31
CUST10241,2023-05-29,511.22
CUST10638,2024-01-23,1455.37
CUST10441,2023-04-16,1286.17
CUST10577,2023-11-16,1143.02
CUST10074,2024-08-03,484.46
CUST10903,2025-03-04,1610.87
CUST10932,2023-01-12,828.11
CUST10866,2021-12-02,788.3
CUST10829,2023-12-11,906.91
CUST10706,2024-07-03,608.67
CUST10733,2025-01-18,784.44
CUST10683,2025-07-08,1825.58
CUST10540,2024-01-13,1277.29
CUST10140,2024-11-19,458.45
CUST10614,2022-07-16,137.02
CUST10114,2022-10-06,930.42
CUST10312,2025-04-30,318.17
CUST10085,2022-06-19,474.88
CUST10100,2024-12-16,266.98
CUST10164,2024-01-26,1021.74
CUST10886,2025-06-30,474.66
CUST10531,2025-01-25,134.8
CUST10797,2024-02-25,2724.94
CUST10086,2023-09-08,461.1
CUST10583,2025-06-27,1015.81
CUST10127,2022-04-03,1018.75
CUST10630,2025-07-24,1146.33
CUST10030,2025-03-22,582.76
CUST10381,2024-03-08,1291.5
CUST10972,2025-06-01,454.19
CUST10993,2023-10-19,1188.45
CUST10505,2023-08-16,959.94
CUST10671,2022-10-24,1470.3
CUST10439,2024-11-25,408.89
CUST10411,2024-05-14,963.62
CUST10324,2023-08-06,84.24
CUST10673,2024-10-27,2123.02
CUST10361,2023-01-30,2156.3
CUST10652,2024-01-27,434.15
CUST10665,2025-02-17,246.59
CUST10803,2023-08-29,1576.63
CUST10536,2023-11-24,89.25
CUST10527,2025-02-06,1065.95
CUST10336,2023-06-03,493.93
CUST10452,2021-01-22,2357.27
CUST10942,2022-04-09,251.0
CUST10030,2024-12-16,891.22
CUST10095,2023-10-19,95.35
CUST10536,2025-02-15,1174.08
CUST10226,2023-07-16,560.25
CUST10294,2022-05-06,457.34
CUST10733,2023-09-26,629.18
CUST10258,2024-12-28,486.36
CUST10399,2022-01-04,1355.96
CUST10828,2025-03-28,659.55
CUST10187,2023-11-10,1750.19
CUST10165,2023-03-03,837.35
CUST10752,2021-06-19,1450.84
CUST10100,2022-07-21,653.03
CUST10348,2025-05-16,242.12
CUST10893,2022-04-12,901.31
CUST10945,2024-09-05,2266.16
CUST10813,2023-08-06,194.71
CUST10265,2025-01-18,1928.27
CUST10012,2025-05-24,409.41
CUST10095,2025-01-06,429.7
CUST10749,2023-12-10,806.51
CUST10635,2024-01-18,157.99
CUST10273,2023-06-07,449.2
CUST10895,2021-05-25,223.62
CUST10116,2024-10-29,171.82
CUST10218,2024-08-14,322.37
CUST10855,2024-02-24,1617.79
CUST10958,2025-07-06,529.07
CUST10574,2024-07-25,588.01
CUST10717,2024-09-07,230.59
CUST10441,2023-12-01,362.99
CUST10496,2025-05-24,210.25
CUST10509,2021-07-18,309.43
CUST10709,2024-11-02,406.83
CUST10505,2025-04-01,1480.09
CUST10735,2024-10-17,649.26
CUST10035,2024-01-08,101.87
CUST10615,2023-03-01,392.84
CUST10149,2023-09-27,927.57
CUST10618,2022-07-05,362.31
CUST10320,2023-12-30,392.27
CUST10767,2023-02-13,252.72
CUST10911,2023-07-16,144.11
CUST10981,2025-07-06,2686.72
CUST10281,2023-04-25,2007.0
CUST10061,2024-06-06,1115.45
CUST10921,2024-02-18,1049.28
CUST10814,2022-11-06,1127.82
CUST10739,2025-02-11,1724.67
CUST10679,2025-04-28,660.9
CUST10772,2023-01-04,964.25
CUST10401,2021-06-19,942.68
CUST10067,2022-09-01,855.86
CUST10724,2022-12-21,565.85
CUST10796,2024-10-07,669.35
CUST10074,2023-06-06,1390.41
CUST10549,2023-12-11,1515.65
CUST10729,2024-05-11,2108.05
CUST10958,2025-02-09,2152.01
CUST10358,2024-09-04,617.09
CUST10017,2023-02-01,2295.59
CUST10897,2022-10-09,1723.82
CUST10670,2023-08-12,1125.38
CUST10331,2025-06-21,1034.6
CUST10738,2024-04-29,1514.6
CUST10718,2025-02-15,1613.85
CUST10221,2024-10-09,325.33
CUST10167,2023-11-29,1479.09
CUST10817,2023-02-24,629.27
CUST10518,2021-08-03,893.11
CUST10357,2024-12-07,1653.61
CUST10416,2023-08-26,913.77
CUST10516,2020-11-04,1143.49
CUST10250,2024-12-08,943.18
CUST10302,2023-03-18,1546.39
CUST10657,2024-11-07,544.69
CUST10943,2024-12-18,251.33
CUST10439,2024-04-23,649.67
CUST10725,2024-08-21,564.3
CUST10810,2024-05-15,914.25
CUST10579,2024-09-23,325.09
CUST10810,2024-01-30,1153.97
CUST10406,2023-03-15,1384.58
CUST10671,2023-04-28,1768.52
CUST10025,2024-10-05,48.9
CUST10667,2023-10-06,380.51
CUST10644,2022-08-19,515.24
CUST10264,2025-06-12,1850.49
CUST10866,2022-05-15,1206.23
CUST10494,2024-10-10,1464.23
CUST10994,2023-11-12,1100.7
CUST10104,2024-12-27,1579.34
CUST10927,2024-07-01,146.21
CUST10545,2025-07-05,64.17
CUST10108,2024-01-13,646.16
CUST10785,2025-02-22,64.11
CUST10267,2023-07-12,264.89
CUST10370,2024-11-20,534.73
CUST10144,2025-01-09,2544.98
CUST10819,2024-09-25,2667.81
CUST10829,2024-12-10,1127.14
CUST10399,2024-11-10,359.82
CUST10720,2025-06-05,1513.92
CUST10651,2023-09-11,1676.19
CUST10284,2022-02-06,1326.65
CUST10082,2025-03-28,1012.23
CUST10298,2023-11-24,836.6
CUST10674,2023-03-15,922.89
CUST10539,2023-07-30,1438.33
CUST10505,2023-08-29,1199.96
CUST10356,2022-05-02,1913.16
CUST10233,2023-07-13,713.1
CUST10446,2023-10-12,611.19
CUST10266,2025-03-01,978.65
CUST10928,2025-05-10,149.74
CUST10214,2024-07-31,585.86
CUST10600,2021-08-12,518.43
CUST10922,2025-04-01,1782.45
CUST10950,2024-04-06,631.79
CUST10458,2022-12-01,1063.39
CUST10370,2025-07-05,521.3
CUST10490,2025-01-22,999.86
CUST10965,2024-04-18,1150.13
CUST10240,2025-02-07,644.57
CUST10315,2024-07-04,427.29
CUST10194,2024-09-24,663.62
CUST10730,2022-06-03,266.47
CUST10595,2023-01-18,1161.08
CUST10087,2023-08-10,757.9
CUST10477,2023-02-15,1468.39
CUST10052,2024-08-01,495.39
CUST10667,2024-08-24,605.29
CUST10431,2025-01-30,1273.07
CUST10842,2025-07-13,1584.83
CUST10084,2025-06-06,790.64
CUST10072,2024-04-18,1007.41
CUST10500,2023-09-21,1423.06
CUST10990,2021-09-05,2045.23
CUST10719,2024-11-04,2745.07
CUST10606,2022-12-20,913.38
CUST10977,2024-06-16,1422.97
CUST10287,2022-08-08,472.34
CUST10356,2022-04-12,1436.12
CUST10873,2025-06-22,1964.3
CUST10732,2023-02-21,899.82
CUST10821,2025-05-02,611.92
CUST10841,2025-03-31,606.45
CUST10975,2024-06-09,2736.12
CUST10431,2024-07-07,2529.68
CUST10394,2024-04-10,53.03
CUST10473,2024-11-27,533.29
CUST10548,2025-07-11,583.18
CUST10526,2024-10-14,348.53
CUST10353,2025-03-23,427.44
CUST10823,2023-02-12,250.84
CUST10568,2022-12-01,2130.44
CUST10813,2023-10-01,608.23
CUST10039,2024-09-09,2532.03
CUST10461,2024-01-01,1085.38
CUST10422,2024-09-01,125.44
CUST10360,2025-05-22,315.61
CUST10269,2025-04-16,470.01
CUST10883,2024-10-16,154.64
CUST10109,2022-08-04,311.31
CUST10752,2022-08-29,1192.44
CUST10173,2025-04-06,751.0
CUST10858,2024-09-18,1026.94
CUST10247,2022-10-07,1302.63
CUST10269,2022-03-05,161.18
CUST10283,2025-04-07,171.57
CUST10788,2024-03-07,2132.88
CUST10408,2024-08-21,579.33
CUST10575,2023-04-17,1815.12
CUST10121,2024-11-01,1442.47
CUST10141,2024-09-11,407.58
CUST10817,2024-02-13,409.86
CUST10411,2024-05-19,1583.11
CUST10701,2024-12-17,116.51
CUST10280,2025-07-10,439.4
CUST10195,2024-09-13,259.48
CUST10764,2023-11-13,1059.31
CUST10825,2020-12-20,574.62
CUST10644,2024-06-25,700.9
CUST10084,2025-03-06,349.21
CUST10428,2023-10-01,557.99
CUST10086,2024-12-19,517.42
CUST10497,2024-12-29,2197.68
CUST10769,2025-07-09,1168.59
CUST10402,2022-01-30,739.26
CUST10054,2024-11-09,510.2
CUST10104,2025-06-20,1017.9
CUST10927,2024-03-19,858.76
CUST10881,2024-03-29,344.83
CUST10211,2024-05-31,374.34
CUST10630,2024-11-17,384.65
CUST10451,2025-03-05,2290.96
CUST10449,2025-03-20,862.14
CUST10327,2025-06-02,711.63
CUST10543,2025-01-24,1668.45
CUST10940,2022-10-13,216.73
CUST10339,2022-08-19,1314.17
CUST10208,2024-06-03,1664.41
CUST10980,2023-10-16,1287.23
CUST10456,2025-05-20,595.76
CUST10766,2022-08-30,1193.08
CUST10807,2025-03-21,1310.49
CUST10285,2024-04-26,320.02
CUST10404,2025-05-19,557.81
CUST10066,2025-04-03,2220.68
CUST10198,2025-07-13,611.64
CUST10250,2024-11-26,798.81
CUST10667,2024-10-28,2318.41
CUST10088,2025-07-28,951.89
CUST10730,2022-02-20,1380.47
CUST10555,2025-05-03,2404.84
CUST10646,2021-10-06,2470.67
CUST10864,2022-10-28,636.0
CUST10090,2025-07-02,839.07
CUST10800,2022-10-10,870.77
CUST10522,2025-01-12,1933.76
CUST10872,2025-03-10,502.83
CUST10501,2024-08-30,252.65
CUST10424,2024-04-06,1208.28
CUST10169,2024-05-14,709.29
CUST10277,2024-07-14,1199.85
CUST10099,2023-08-22,1042.86
CUST10775,2024-06-19,823.69
CUST10792,2024-05-23,1209.05
CUST10947,2022-04-17,357.87
CUST10008,2024-12-30,740.57
CUST10121,2024-10-17,202.21
CUST10270,2021-01-11,1023.14
CUST10398,2025-01-17,1253.73
CUST10471,2025-04-17,1610.53
CUST10632,2024-09-20,727.76
CUST10616,2024-11-14,525.53
CUST10623,2024-07-21,2560.62
CUST10797,2024-02-26,2847.51
CUST10463,2025-06-08,150.32
CUST10668,2023-07-11,1301.8
CUST10880,2024-03-27,369.5
CUST10200,2023-01-05,1955.15
CUST10364,2025-05-11,219.75
CUST10039,2025-05-19,231.09
CUST10024,2023-01-14,482.54
CUST10798,2024-06-22,2462.42
CUST10388,2022-12-03,290.95
CUST10452,2020-11-09,311.91
CUST10613,2023-03-16,1780.48
CUST10810,2024-06-28,390.81
CUST10289,2024-01-11,909.87
CUST10422,2024-11-28,1693.38
CUST10366,2025-01-19,413.45
CUST10885,2025-06-25,456.85
CUST10236,2021-06-12,1144.99
CUST10645,2023-07-20,423.72
CUST10324,2023-01-07,1825.39
CUST10978,2022-02-28,247.69
CUST10130,2024-01-20,337.0
CUST10757,2023-12-19,684.2
CUST10234,2023-02-10,918.39
CUST10712,2024-08-11,1712.41
CUST10881,2024-05-16,766.48
CUST10223,2024-11-02,602.88
CUST10654,2024-03-26,343.23
CUST10768,2025-06-27,427.24
CUST10869,2024-05-22,56.48
CUST10727,2024-10-02,343.18
CUST10694,2023-12-20,1131.6
CUST10962,2024-02-28,453.66
CUST10475,2023-12-23,570.91
CUST10082,2024-10-22,381.54
CUST10849,2023-09-03,2440.25
CUST10600,2022-11-03,640.76
CUST10480,2021-12-29,441.25
CUST10944,2022-09-06,1269.01
CUST10671,2024-05-15,802.4
CUST10328,2025-01-25,1883.28
CUST10235,2024-11-02,2601.19
CUST10001,2025-04-09,1937.0
CUST10701,2025-05-19,348.92
CUST10279,2025-05-06,887.58
CUST10525,2021-11-17,1213.87
CUST10439,2023-11-10,351.1
CUST10251,2022-04-29,2256.41
CUST10658,2024-08-04,516.05
CUST10851,2024-12-24,244.37
CUST10527,2025-01-05,1046.88
CUST10462,2022-12-21,1105.56
CUST10229,2025-04-12,891.52
CUST10561,2025-01-09,596.51
CUST10705,2023-12-01,878.6
CUST10169,2021-09-21,995.88
CUST10918,2025-05-31,370.09
CUST10909,2023-12-21,160.58
CUST10834,2025-07-18,1076.44
CUST10308,2022-08-28,1865.47
CUST10400,2021-02-18,758.09
CUST10193,2025-03-30,99.31
CUST10493,2025-02-10,388.38
CUST10071,2024-06-16,871.97
CUST10011,2024-05-17,648.05
CUST10947,2022-07-10,1532.52
CUST10480,2023-06-13,1071.01
CUST10495,2024-10-06,467.06
CUST10476,2024-11-12,1128.54
CUST10951,2025-03-05,1162.39
CUST10734,2024-04-20,572.74
CUST10591,2024-01-30,3226.02
CUST10663,2023-10-09,536.62
CUST10441,2021-04-27,1739.1
CUST10720,2025-07-26,666.3
CUST10099,2024-07-25,605.19
CUST10587,2024-05-16,533.5
CUST10370,2025-03-16,696.44
CUST10379,2024-07-16,820.04
CUST10610,2025-04-29,2500.35
CUST10258,2024-03-17,174.54
CUST10304,2024-08-11,522.06
CUST10286,2024-04-17,431.07
CUST10853,2025-03-13,919.89
CUST10466,2025-04-06,550.97
CUST10580,2023-04-29,789.27
CUST10109,2024-07-22,320.81
CUST10758,2024-03-01,683.22
CUST10839,2024-03-26,119.04
CUST10274,2024-07-10,1951.17
CUST10099,2022-08-13,965.12
CUST10505,2023-06-03,1068.54
CUST10005,2023-12-15,1823.43
CUST10322,2024-11-03,952.13
CUST10499,2023-03-18,308.11
CUST10706,2024-10-25,904.68
CUST10744,2025-06-27,814.14
CUST10633,2023-10-31,964.8
CUST10260,2024-05-20,3383.86
CUST10504,2022-12-25,148.71
CUST10468,2025-01-30,1026.51
CUST10199,2023-07-02,728.69
CUST10666,2024-09-26,1157.68
CUST10775,2023-09-30,514.22
CUST10117,2025-05-13,880.17
CUST10409,2024-08-03,1712.78
CUST10094,2024-08-08,1149.82
CUST10265,2025-06-24,1759.7
CUST10351,2024-11-21,384.86
CUST10603,2023-12-24,346.04
CUST10660,2022-08-27,554.61
CUST10882,2023-02-19,644.74
CUST10144,2025-02-28,1547.39
CUST10095,2025-01-29,1252.81
CUST10850,2022-03-23,612.18
CUST10546,2023-09-04,751.71
CUST10221,2021-04-24,1521.94
CUST10373,2023-08-14,842.37
CUST10935,2024-07-19,508.41
CUST10297,2024-05-02,825.18
CUST10276,2024-01-27,1092.16
CUST10470,2024-08-31,415.21
CUST10194,2025-03-15,900.84
CUST10581,2023-11-11,3043.75
CUST10814,2024-11-26,2100.25
CUST10024,2023-05-18,1150.3
CUST10953,2023-02-12,1555.88
CUST10913,2021-07-08,420.41
CUST10201,2025-01-13,305.45
CUST10838,2024-11-10,1758.08
CUST10354,2023-08-25,1338.0
CUST10797,2025-04-13,1368.4
CUST10544,2024-11-24,608.75
CUST10019,2023-10-04,379.09
CUST10879,2023-04-02,2002.88
CUST10437,2024-02-02,502.06
CUST10621,2023-10-04,184.01
CUST10177,2024-02-11,983.3
CUST10270,2021-04-02,374.72
CUST10649,2022-12-07,2878.01
CUST10461,2023-07-19,638.97
CUST10215,2021-10-31,2030.56
CUST10071,2023-11-02,1603.11
CUST10767,2024-10-16,379.42
CUST10935,2024-07-11,172.04
CUST10182,2024-05-27,1849.59
CUST10815,2023-12-20,1500.05
CUST10198,2025-02-12,1000.42
CUST10127,2021-03-13,827.35
CUST10755,2024-03-16,293.07
CUST10092,2024-06-03,67.6
CUST10268,2021-06-06,1841.59
CUST10053,2024-05-20,169.22
CUST10768,2025-01-11,692.73
CUST10542,2025-03-18,298.35
CUST10746,2024-05-01,2341.18
CUST10710,2025-03-06,556.44
CUST10013,2023-11-23,144.54
CUST10477,2024-03-29,58.54
CUST10567,2023-12-30,3531.69
CUST10102,2024-02-03,1900.14
CUST10135,2023-12-29,170.84
CUST10613,2024-11-02,696.52
CUST10850,2021-12-26,345.73
CUST10077,2024-02-15,2156.47
CUST10614,2024-02-29,44.76
CUST10088,2025-05-03,424.16
CUST10243,2022-05-07,543.32
CUST10203,2022-12-19,575.81
CUST10034,2024-09-14,2121.72
CUST10541,2024-06-24,396.87
CUST10385,2021-06-08,1155.93
CUST10935,2024-04-01,1328.03
CUST10586,2024-11-12,180.26
CUST10908,2024-11-24,896.82
CUST10315,2024-10-21,335.53
CUST10175,2024-08-11,944.28
CUST10509,2022-02-02,2359.6
CUST10412,2024-04-04,2072.63
CUST10797,2024-01-17,1140.3
CUST10343,2024-03-14,278.18
CUST10537,2024-10-29,289.6
CUST10497,2025-07-02,1325.64
CUST10934,2024-06-27,525.9
CUST10703,2021-06-07,436.93
CUST10420,2023-01-31,500.77
CUST10770,2024-10-23,298.83
CUST10985,2024-07-05,339.98
CUST10873,2022-12-18,55.24
CUST10669,2023-02-08,596.07
CUST10298,2024-04-21,1223.93
CUST10093,2023-06-27,2442.59
CUST10178,2024-08-20,735.9
CUST10499,2023-08-03,2056.22
CUST10361,2023-06-20,1243.54
CUST10273,2023-04-17,532.02
CUST10677,2024-08-06,743.36
CUST10181,2024-04-04,1695.58
CUST10418,2025-02-03,1212.37
CUST10121,2024-11-21,803.25
CUST10477,2025-06-18,1387.16
CUST10660,2025-06-07,1089.15
CUST10487,2025-07-13,2052.64
CUST10656,2022-09-30,965.52
CUST10224,2022-06-01,434.48
CUST10369,2024-05-11,930.96
CUST10297,2021-06-13,173.38
CUST10423,2024-12-07,183.97
CUST10107,2024-05-21,324.66
CUST10947,2022-08-07,393.91
CUST10082,2025-01-03,368.28
CUST10092,2022-03-11,1472.32
CUST10361,2024-02-13,1225.92
CUST10303,2022-06-07,2029.43
CUST10501,2024-04-17,1657.81
CUST10222,2024-12-17,943.39
CUST10203,2022-03-08,154.65
CUST10997,2023-04-29,633.33
CUST10403,2023-01-21,1364.19
CUST10927,2023-08-05,589.46
CUST10299,2022-08-18,634.44
CUST10400,2021-03-02,1750.51
CUST10521,2024-09-13,303.89
CUST10259,2025-02-20,1131.07
CUST10530,2025-02-16,430.12
CUST10171,2021-03-07,1199.25
CUST10749,2021-12-04,2345.56
CUST10915,2024-07-30,318.38
CUST10211,2024-11-18,541.67
CUST10465,2023-05-14,80.48
CUST10046,2025-02-12,911.12
CUST10934,2022-11-09,1984.65
CUST10533,2024-10-07,1486.49
CUST10420,2022-11-07,725.11
CUST10362,2025-05-17,613.28
CUST10738,2024-09-28,1464.38
CUST10210,2024-03-25,389.48
CUST10579,2025-06-26,2351.23
CUST10544,2024-09-24,643.01
CUST10679,2025-07-04,376.68
CUST10650,2024-07-18,88.18
CUST10634,2024-12-17,139.33
CUST10244,2024-12-13,847.33
CUST10357,2024-12-19,1254.31
CUST10339,2025-05-30,2814.08
CUST10626,2024-08-30,1714.46
CUST10915,2023-08-27,1225.99
CUST10758,2022-03-19,2739.12
CUST10873,2025-03-10,546.32
CUST10727,2023-04-29,2595.07
CUST10338,2025-03-12,1078.24
CUST10411,2025-06-17,154.65
CUST10600,2020-12-26,15.99
CUST10919,2024-04-26,844.75
CUST10771,2024-12-31,621.12
CUST10400,2022-09-23,1030.82
CUST10246,2024-08-09,918.42
CUST10187,2025-06-30,598.89
CUST10598,2023-05-01,1709.9
CUST10036,2024-07-23,1166.56
CUST10467,2025-06-05,1564.76
CUST10015,2023-09-18,1430.17
CUST10604,2023-09-22,715.2
CUST10361,2024-05-25,2899.44
CUST10666,2024-05-07,926.68
CUST10052,2025-04-07,205.71
CUST10670,2023-11-19,474.18
CUST10906,2024-08-30,1170.11
CUST10930,2023-09-28,1108.0
CUST10892,2025-05-24,1577.24
CUST10068,2025-01-03,1079.89
CUST10600,2021-10-02,1347.67
CUST10016,2024-03-26,745.83
CUST10453,2025-06-15,1204.74
CUST10886,2024-03-26,700.94
CUST10600,2025-02-19,1226.37
CUST10650,2024-01-20,393.14
CUST10449,2025-05-13,518.13
CUST10787,2025-01-06,1499.72
CUST10845,2022-11-29,406.08
CUST10760,2024-04-05,647.71
CUST10978,2024-02-20,324.67
CUST10035,2023-04-20,1359.58
CUST10782,2023-10-05,902.36
CUST10413,2022-04-11,2956.1
CUST10798,2022-12-03,537.04
CUST10384,2021-08-06,1704.74
CUST10456,2022-08-03,1380.14
CUST10709,2022-01-31,656.01
CUST10142,2023-05-21,533.35
CUST10171,2024-11-02,87.02
CUST10875,2023-04-02,218.59
CUST10793,2024-04-29,1117.0
CUST10507,2024-12-19,827.48
CUST10625,2023-11-26,1263.96
CUST10188,2024-02-27,137.93
CUST10405,2023-05-19,397.73
CUST10675,2023-02-25,874.32
CUST10181,2023-11-13,619.32
CUST10079,2021-06-06,1213.59
CUST10341,2024-02-28,136.24
CUST10813,2023-11-04,470.91
CUST10202,2021-08-07,511.69
CUST10170,2025-06-01,219.77
CUST10160,2025-01-23,2688.04
CUST10386,2024-08-10,766.2
CUST10455,2021-08-22,1517.41
CUST10186,2024-06-26,919.78
CUST10533,2025-03-21,61.28
CUST10200,2023-05-30,1079.74
CUST10507,2024-02-11,400.9
CUST10466,2023-08-02,446.82
CUST10297,2023-09-24,724.94
CUST10142,2022-08-16,741.62
CUST10434,2022-01-31,440.9
CUST10887,2024-07-06,931.1
CUST10252,2021-08-14,1242.03
CUST10491,2023-12-10,1008.12
CUST10395,2024-03-19,1434.04
CUST10134,2025-01-02,1195.95
CUST10388,2024-08-30,1914.48
CUST10464,2025-05-25,1197.3
CUST10644,2024-11-01,1683.34
CUST10179,2022-06-18,566.2
CUST10797,2024-01-06,453.27
CUST10302,2022-06-08,2416.56
CUST10728,2024-04-24,1051.75
CUST10936,2024-08-04,143.95
CUST10866,2021-01-09,876.9
CUST10093,2023-12-02,1126.03
CUST10319,2023-01-28,1637.75
CUST10285,2023-03-16,557.41
CUST10483,2025-07-21,685.08
CUST10908,2025-06-18,512.48
CUST10632,2024-01-08,437.8
CUST10585,2024-09-28,1587.06
CUST10763,2024-08-13,2384.8
CUST10204,2023-04-18,1936.91
CUST10249,2025-05-05,364.93
CUST10130,2024-01-28,418.58
CUST10263,2024-08-30,1484.93
CUST10003,2024-03-14,880.46
CUST10158,2024-03-12,475.52
CUST10047,2023-10-25,1465.3
CUST10528,2025-01-04,1804.69
CUST10695,2021-05-17,585.18
CUST10406,2022-06-01,3417.17
CUST10406,2021-12-05,1444.12
CUST10294,2023-05-25,375.08
CUST10105,2025-07-29,457.48
CUST10310,2023-07-10,811.28
CUST10067,2022-11-04,306.51
CUST10331,2023-11-28,950.45
CUST10541,2025-01-21,1062.46
CUST10900,2025-05-10,882.91
CUST10187,2024-03-17,2180.58
CUST10709,2022-05-16,498.91
CUST10751,2021-03-19,521.12
CUST10158,2023-09-17,2287.67
CUST10759,2025-01-15,347.47
CUST10070,2025-07-02,948.48
CUST10060,2021-08-01,421.93
CUST10264,2025-02-22,1758.75
CUST10210,2023-10-31,1282.08
CUST10385,2023-09-23,1450.8
CUST10082,2025-03-21,1228.64
CUST10608,2023-12-10,1097.94
CUST10434,2025-07-21,984.36
CUST10444,2024-06-18,210.86
CUST10600,2022-07-30,73.59
CUST10917,2024-01-11,1432.22
CUST10676,2025-02-03,494.11
CUST10313,2024-03-12,190.9
CUST10927,2023-09-06,588.34
CUST10058,2022-08-04,2244.05
CUST10085,2023-10-11,1235.89
CUST10966,2024-05-09,2789.02
CUST10232,2025-02-02,367.17
CUST10503,2022-10-03,922.25
CUST10347,2023-01-26,744.74
CUST10581,2023-05-14,1501.98
CUST10687,2023-02-11,2931.91
CUST10023,2024-09-10,488.85
CUST10366,2023-07-18,474.01
CUST10783,2024-07-17,520.9
CUST10193,2025-04-27,222.17
CUST10115,2025-06-27,340.41
CUST10574,2022-10-15,483.5
CUST10191,2023-07-31,754.35
CUST10246,2025-05-09,203.56
CUST10961,2025-05-16,3782.88
CUST10880,2023-10-20,1647.42
CUST10464,2023-11-02,1794.46
CUST10320,2024-08-02,2551.3
CUST10294,2024-04-14,760.47
CUST10843,2025-04-27,763.02
CUST10265,2024-02-20,751.59
CUST10052,2023-06-11,1187.4
CUST10269,2022-02-13,700.21
CUST10582,2023-06-25,572.78
CUST10750,2022-06-07,430.39
CUST10523,2021-01-06,235.06
CUST10302,2025-02-07,1015.41
CUST10182,2023-08-27,773.77
CUST10075,2024-12-12,2627.64
CUST10025,2024-06-07,1281.63
CUST10016,2023-12-18,1382.27
CUST10064,2024-11-23,352.61
CUST10127,2025-03-11,839.89
CUST10031,2024-05-04,749.5
CUST10413,2024-06-06,2691.11
CUST10357,2023-02-20,676.78
CUST10920,2023-06-25,842.32
CUST10346,2022-09-17,811.69
CUST10926,2023-10-18,1066.83
CUST10776,2025-03-17,1709.62
CUST10836,2021-06-19,471.2
CUST10647,2025-04-14,849.94
CUST10314,2021-04-13,3061.35
CUST10271,2022-08-27,498.16
CUST10119,2025-06-08,115.65
CUST10923,2024-07-19,329.2
CUST10726,2025-03-02,250.31
CUST10116,2024-03-26,527.45
CUST10986,2024-01-11,857.91
CUST10253,2022-06-20,444.82
CUST10377,2023-06-20,1136.64
CUST10442,2024-03-22,171.96
CUST10917,2024-07-23,2286.07
CUST10176,2024-04-23,1093.08
CUST10295,2024-03-25,1031.84
CUST10028,2024-08-29,640.48
CUST10125,2023-03-31,634.31
CUST10006,2025-01-06,587.64
CUST10541,2025-07-25,32.62
CUST10609,2024-12-02,749.33
CUST10596,2025-06-26,1627.83
CUST10219,2023-12-25,2432.7
CUST10131,2025-05-03,1947.42
CUST10111,2025-01-16,512.52
CUST10567,2024-02-26,619.45
CUST10457,2025-02-02,1011.1
CUST10193,2024-07-24,1429.87
CUST10226,2023-10-12,1315.7
CUST10257,2025-01-06,1197.91
CUST10783,2022-06-07,1944.83
CUST10664,2024-07-25,260.3
CUST10153,2023-08-24,455.47
CUST10743,2021-02-19,487.97
CUST10042,2024-06-07,1204.63
CUST10811,2024-06-04,1556.47
CUST10056,2025-06-28,514.24
CUST10778,2020-12-11,668.0
CUST10640,2024-06-13,700.64
CUST10251,2023-10-07,356.13
CUST10870,2024-03-23,228.4
CUST10205,2024-12-21,913.74
CUST10400,2022-01-12,4048.59
CUST10941,2025-03-05,271.76
CUST10683,2024-05-24,1102.39
CUST10780,2024-09-01,2670.72
CUST10414,2025-03-12,511.74
CUST10636,2025-06-13,1014.52
CUST10489,2024-07-23,1772.71
CUST10908,2024-12-09,423.14
CUST10659,2025-06-08,370.71
CUST10366,2025-04-14,732.31
CUST10252,2024-04-21,2752.26
CUST10088,2024-09-01,3056.5
CUST10045,2023-04-04,926.11
CUST10486,2024-09-16,431.58
CUST10096,2024-12-28,2619.19
CUST10413,2024-07-10,382.84
CUST10743,2021-03-13,515.24
CUST10568,2023-11-27,316.31
CUST10878,2025-01-21,714.13
CUST10974,2024-06-25,1130.59
CUST10739,2025-01-01,1145.47
CUST10208,2024-04-20,1612.41
CUST10425,2023-08-19,37.86
CUST10878,2023-05-12,794.56
CUST10327,2024-09-28,2255.8
CUST10542,2023-06-28,1806.53
CUST10090,2023-05-09,779.84
CUST10506,2021-03-19,430.8
CUST10736,2021-03-14,677.1
CUST10648,2021-12-27,448.01
CUST10441,2023-10-07,1033.47
CUST10471,2024-10-25,398.78
CUST10015,2022-09-06,237.82
CUST10068,2024-06-11,261.76
CUST10263,2023-04-13,2538.47
CUST10441,2023-04-16,1661.12
CUST10153,2023-06-12,1072.36
CUST10587,2023-02-11,229.19
CUST10026,2024-10-13,153.46
CUST10880,2021-11-12,999.43
CUST10818,2023-03-18,2234.31
CUST10335,2023-12-02,619.7
CUST10199,2024-03-17,1503.99
CUST10399,2023-02-08,390.77
CUST10176,2024-09-07,382.23
CUST10157,2022-09-07,221.43
CUST10431,2025-04-16,1383.41
CUST10477,2023-07-31,2425.7
CUST10912,2025-03-06,927.36
CUST10506,2023-05-18,1222.9
CUST10704,2024-05-31,941.55
CUST10010,2024-12-12,331.94
CUST10213,2025-01-08,474.38
CUST10615,2021-09-05,1912.87
CUST10806,2024-10-03,2568.19
CUST10370,2024-10-22,981.58
CUST10696,2023-09-17,2171.25
CUST10804,2024-08-09,783.95
CUST10347,2023-12-04,32.82
CUST10487,2024-11-24,740.97
CUST10816,2022-10-27,1681.28
CUST10025,2024-05-16,64.08
CUST10075,2025-06-30,151.93
CUST10202,2021-09-13,646.71
CUST10235,2025-02-14,1276.11
CUST10093,2024-03-01,526.33
CUST10743,2024-11-11,811.05
CUST10138,2025-04-18,1221.68
CUST10239,2024-05-24,970.99
CUST10240,2025-01-05,1464.81
CUST10526,2022-11-03,333.28
CUST10838,2025-05-19,1427.27
CUST10589,2025-05-18,359.25
CUST10534,2023-09-07,1778.64
CUST10356,2023-03-06,1648.11
CUST10362,2025-04-07,2026.73
CUST10110,2024-11-20,2055.98
CUST10132,2022-05-01,648.68
CUST10963,2025-04-27,1497.06
CUST10151,2022-09-01,1133.48
CUST10485,2025-05-27,1267.03
CUST10520,2021-05-24,1338.72
CUST10610,2024-05-03,469.6
CUST10492,2024-02-17,786.8
CUST10245,2022-10-13,920.09
CUST10785,2023-11-21,1153.24
CUST10964,2024-03-19,572.59
CUST10477,2024-07-18,1181.37
CUST10849,2021-08-22,1193.18
CUST10161,2022-03-31,2841.06
CUST10161,2023-01-30,245.29
CUST10133,2023-02-01,2562.69
CUST10133,2023-07-13,203.59
CUST10049,2023-12-14,1874.63
CUST10927,2024-10-27,726.29
CUST10809,2025-04-23,472.89
CUST10931,2025-05-30,291.85
CUST10242,2023-01-06,490.69
CUST10756,2022-11-22,1995.36
CUST10597,2024-02-11,2338.6
CUST10037,2021-12-06,470.19
CUST10373,2022-01-03,364.86
CUST10175,2023-12-08,1641.72
CUST10076,2023-08-26,776.23
CUST10244,2022-08-05,440.86
CUST10061,2025-05-29,570.78
CUST10991,2024-05-12,1359.19
CUST10147,2024-02-08,690.28
CUST10228,2024-06-11,575.74
CUST10898,2025-03-23,979.08
CUST10976,2023-10-21,1162.63
CUST10485,2023-10-14,719.54
CUST10811,2023-06-27,126.74
CUST10525,2024-01-09,1920.32
CUST10708,2024-02-10,326.52
CUST10435,2025-06-14,2403.93
CUST10620,2025-01-26,1132.25
CUST10233,2023-09-14,323.32
CUST10068,2025-06-25,486.68
CUST10068,2022-09-22,807.27
CUST10907,2025-07-03,610.13
CUST10159,2023-04-12,145.91
CUST10887,2022-10-30,1006.1
CUST10388,2023-05-05,937.72
CUST10501,2025-07-22,1800.27
CUST10529,2024-01-02,228.01
CUST10095,2024-10-23,3445.86
CUST10563,2021-07-11,1171.2
CUST10657,2023-11-21,2035.62
CUST10616,2023-01-16,396.82
CUST10872,2024-09-06,886.3
CUST10541,2025-02-10,546.08
CUST10110,2024-09-21,1867.03
CUST10361,2023-04-09,1413.35
CUST10053,2025-05-06,643.41
CUST10189,2020-12-05,1218.18
CUST10517,2024-06-18,818.53
CUST10997,2023-06-08,1156.88
CUST10147,2024-06-28,221.03
CUST10373,2023-01-17,1132.25
CUST10491,2024-03-09,1492.83
CUST10234,2022-02-19,538.64
CUST10414,2022-09-23,137.0
CUST10550,2023-03-02,1484.3
CUST10747,2024-09-06,604.14
CUST10952,2024-05-17,645.92
CUST10552,2023-09-05,628.85
CUST10651,2023-07-13,435.47
CUST10642,2025-03-10,823.81
CUST10439,2024-01-16,1739.96
CUST10079,2024-04-05,1357.04
CUST10803,2024-01-02,1008.55
CUST10141,2022-08-09,786.21
CUST10874,2025-05-11,1767.38
CUST10457,2024-07-19,1039.53
CUST10518,2022-07-09,554.97
CUST10199,2022-08-15,191.05
CUST10081,2022-11-17,305.55
CUST10864,2025-07-09,591.36
CUST10234,2020-09-09,1419.56
CUST10556,2023-05-27,580.64
CUST10868,2024-04-26,264.46
CUST10242,2023-03-18,2564.15
CUST10450,2024-11-15,879.7
CUST10950,2024-10-25,1810.61
CUST10479,2021-12-24,479.41
CUST10310,2024-06-18,1125.08
CUST10686,2024-10-29,79.32
CUST10006,2022-12-27,3136.42
CUST10122,2020-11-26,501.78
CUST10966,2025-06-25,1384.38
CUST10195,2024-06-04,70.1
CUST10960,2024-02-07,1022.85
CUST10808,2022-07-27,823.26
CUST10647,2021-09-14,78.47
CUST10004,2023-07-10,2554.74
CUST10137,2023-02-28,1151.97
CUST10703,2022-08-03,1277.26
CUST10514,2023-12-14,296.77
CUST10974,2023-01-23,94.16
CUST10307,2023-10-14,215.73
CUST10713,2023-09-02,113.36
CUST10911,2023-09-26,482.58
CUST10331,2025-04-05,184.02
CUST10719,2025-07-27,1963.59
CUST10324,2024-04-25,855.5
CUST10154,2021-02-21,337.09
CUST10675,2024-01-24,109.23
CUST10024,2023-09-24,634.07
CUST10848,2024-08-24,1201.11
CUST10641,2023-07-03,504.19
CUST10981,2025-01-20,391.52
CUST10118,2023-12-22,365.95
CUST10870,2025-03-26,1605.6
CUST10917,2025-07-13,457.11
CUST10269,2023-07-22,1573.25
CUST10365,2023-12-01,387.74
CUST10299,2024-08-19,656.53
CUST10129,2025-04-30,2161.74
CUST10411,2023-10-15,1263.62
CUST10476,2025-07-05,1788.46
CUST10519,2024-09-11,2422.88
CUST10876,2025-05-04,1423.69
CUST10329,2024-10-30,1349.77
CUST10145,2025-07-23,681.44
CUST10942,2024-07-22,1366.28
CUST10164,2023-09-09,1394.5
CUST10331,2024-05-27,947.66
CUST10199,2022-12-29,1935.65
CUST10204,2023-10-03,975.31
CUST10169,2021-12-30,1239.41
CUST10429,2024-08-09,1161.66
CUST10282,2024-03-04,301.75
CUST10348,2025-02-09,1025.13
CUST10612,2023-12-05,2224.56
CUST10234,2024-02-04,1767.84
CUST10723,2023-12-28,824.06
CUST10795,2023-12-19,527.3
CUST10588,2024-05-13,623.99
CUST10794,2024-12-27,138.37
CUST10726,2023-07-01,519.49
CUST10338,2024-09-27,428.24
CUST10598,2021-10-17,383.07
CUST10027,2024-01-30,818.17
CUST10329,2024-10-29,2026.64
CUST10845,2023-01-27,735.95
CUST10360,2024-10-18,1995.39
CUST10654,2025-01-05,1117.43
CUST10835,2023-07-10,625.24
CUST10715,2025-04-21,1337.19
CUST10620,2024-07-18,595.9
CUST10716,2024-05-10,1190.1
CUST10622,2024-06-10,889.76
CUST10485,2024-11-26,46.75
CUST10322,2025-05-16,2244.82
CUST10766,2024-04-28,1037.31
CUST10770,2024-04-22,573.8
CUST10589,2024-11-07,974.4
CUST10724,2024-03-10,895.55
CUST10356,2021-12-21,935.86
CUST10024,2025-01-03,147.79
CUST10539,2023-03-16,751.21
CUST10788,2022-03-22,3233.86
CUST10003,2023-11-03,1507.51
CUST10482,2024-01-28,1907.01
CUST10932,2023-03-22,218.65
CUST10242,2022-07-20,187.2
CUST10746,2024-02-02,1578.57
CUST10454,2025-01-04,1010.39
CUST10711,2024-08-27,679.7
CUST10603,2022-05-14,1482.72
CUST10617,2023-04-06,591.56
CUST10449,2023-10-27,694.96
CUST10415,2025-07-19,271.81
CUST10232,2023-01-23,272.34
CUST10864,2024-02-06,922.3
CUST10366,2022-01-25,1254.24
CUST10611,2025-07-28,140.23
CUST10818,2024-11-02,93.61
CUST10193,2024-04-27,914.23
CUST10372,2023-12-02,1218.76
CUST10574,2024-11-01,1132.27
CUST10664,2024-12-02,1917.17
CUST10839,2023-06-19,1224.22
CUST10739,2024-12-19,441.85
CUST10602,2024-02-21,1336.22
CUST10782,2022-11-06,1675.18
CUST10700,2024-06-26,1697.73
CUST10147,2024-04-01,908.11
CUST10590,2024-08-20,1360.15
CUST10355,2021-03-08,568.73
CUST10218,2025-05-31,872.42
CUST10910,2022-09-17,871.28
CUST10640,2024-11-12,154.53
CUST10287,2025-04-06,1722.57
CUST10362,2024-11-06,1017.21
CUST10888,2024-07-18,328.61
CUST10594,2023-03-17,625.17
CUST10346,2025-07-02,4544.12
CUST10366,2022-02-04,1965.49
CUST10480,2021-12-26,1264.95
CUST10060,2021-01-31,586.02
CUST10328,2024-11-13,1587.1
CUST10960,2024-02-23,646.63
CUST10430,2025-02-28,35.89
CUST10769,2022-11-25,133.78
CUST10414,2024-01-18,1516.15
CUST10477,2025-06-08,3607.38
CUST10896,2024-04-25,116.18
CUST10758,2025-03-18,319.86
CUST10226,2022-12-27,1392.22
CUST10803,2025-02-23,132.98
CUST10238,2025-04-10,580.57
CUST10687,2024-03-18,236.28
CUST10848,2024-06-10,445.34
CUST10972,2024-02-22,1049.37
CUST10432,2023-01-31,1523.24
CUST10090,2023-11-08,1827.26
CUST10721,2022-08-25,677.76
CUST10212,2024-12-23,1250.61
CUST10305,2024-05-15,435.83
CUST10951,2025-01-31,221.78
CUST10984,2023-07-19,1018.8
CUST10335,2024-10-10,1371.01
CUST10428,2022-11-05,793.5
CUST10340,2021-07-11,432.96
CUST10277,2022-10-25,195.89
CUST10026,2023-12-17,1488.7
CUST10493,2021-07-15,992.59
CUST10598,2025-07-01,749.08
CUST10817,2024-09-29,833.06
CUST10788,2024-11-09,833.86
CUST10512,2025-06-14,906.3
CUST10928,2024-04-20,704.7
CUST10970,2025-07-08,1706.3
CUST10979,2024-04-13,908.43
CUST10903,2025-03-27,508.44
CUST10954,2025-04-01,271.24
CUST10088,2025-01-07,1755.53
CUST10367,2024-10-12,2423.18
CUST10505,2022-03-31,1146.26
CUST10903,2024-02-27,582.59
CUST10187,2024-09-02,1170.16
CUST10170,2023-05-13,248.92
CUST10455,2021-04-02,287.59
CUST10928,2024-02-06,1647.11
CUST10279,2024-10-22,846.88
CUST10650,2024-02-05,628.21
CUST10335,2021-09-15,385.95
CUST10166,2024-06-05,368.9
CUST10087,2024-01-01,352.99
CUST10295,2025-06-27,757.11
CUST10433,2024-09-11,216.14
CUST10105,2023-07-05,2540.03
CUST10584,2022-10-17,1308.63
CUST10372,2024-01-13,1803.54
CUST10404,2024-07-21,881.56
CUST10343,2023-05-06,1017.41
CUST10689,2024-03-22,1067.5
CUST10166,2025-03-11,704.75
CUST10353,2024-08-30,1147.35
CUST10620,2025-02-07,1124.29
CUST10942,2024-08-18,1790.16
CUST10584,2022-10-28,605.2
CUST10010,2023-04-17,1652.08
CUST10048,2024-09-17,259.85
CUST10717,2024-12-28,308.05
CUST10732,2023-02-11,510.33
CUST10707,2023-10-08,1420.76
CUST10360,2025-02-04,374.42
CUST10607,2022-12-10,1089.63
CUST10723,2023-07-18,933.26
CUST10318,2022-09-21,1048.78
CUST10776,2022-05-05,3148.43
CUST10962,2025-07-01,1208.46
CUST10744,2023-04-11,1280.51
CUST10617,2025-01-28,1337.72
CUST10312,2025-02-20,505.46
CUST10113,2023-11-18,388.62
CUST10282,2023-10-16,1191.98
CUST10420,2023-12-27,1001.59
CUST10486,2025-03-17,918.69
CUST10709,2025-07-19,422.24
CUST10854,2023-10-04,1077.79
CUST10886,2024-01-10,1092.36
CUST10933,2025-06-18,306.28
CUST10095,2023-01-09,1077.55
CUST10583,2023-05-19,305.37
CUST10436,2024-02-05,1694.0
CUST10793,2022-03-18,529.15
CUST10944,2023-10-09,833.41
CUST10231,2024-09-12,2336.68
CUST10286,2024-12-26,854.84
CUST10695,2021-05-08,857.74
CUST10809,2024-05-22,598.07
CUST10746,2023-11-19,369.77
CUST10491,2025-01-26,1876.26
CUST10955,2025-02-27,555.21
CUST10108,2022-02-06,1043.64
CUST10247,2023-01-11,537.58
CUST10009,2022-03-05,1899.12
CUST10070,2024-08-28,1124.66
CUST10761,2025-02-28,788.78
CUST10191,2023-12-09,1778.55
CUST10166,2024-01-14,581.11
CUST10235,2024-11-14,1236.07
CUST10017,2024-11-21,1760.38
CUST10899,2023-05-18,251.33
CUST10743,2025-04-14,225.48
CUST10516,2023-06-16,1253.82
CUST10788,2023-04-23,2771.01
CUST10132,2025-03-02,951.27
CUST10373,2023-05-27,1092.68
CUST10088,2024-06-30,542.03
CUST10955,2022-08-14,1682.85
CUST10899,2021-11-21,1149.4
CUST10244,2023-04-05,715.47
CUST10691,2025-02-27,392.73
CUST10675,2024-06-27,709.83
CUST10930,2022-09-02,2268.86
CUST10666,2024-08-25,995.51
CUST10139,2022-12-21,1056.34
CUST10825,2025-03-22,519.81
CUST10373,2022-03-29,1911.27
CUST10912,2024-11-12,951.0
CUST10622,2024-06-09,1533.76
CUST10899,2022-09-12,1948.41
CUST10582,2023-12-05,2019.56
CUST10642,2023-12-31,901.03
CUST10862,2024-02-21,1356.69
CUST10603,2022-03-20,1600.93
CUST10090,2024-11-17,422.92
CUST10713,2021-08-28,488.23
CUST10018,2021-09-26,1549.45
CUST10840,2022-04-14,1912.36
CUST10551,2023-11-09,2287.73
CUST10331,2024-04-21,1131.58
CUST10544,2023-12-02,1077.14
CUST10684,2023-10-17,1153.9
CUST10622,2024-08-24,693.23
CUST10733,2023-12-20,486.34
CUST10361,2024-08-11,863.86
CUST10676,2024-05-09,1905.08
CUST10371,2025-06-21,834.81
CUST10263,2024-02-22,656.59
CUST10487,2025-01-29,1584.23
CUST10557,2024-09-22,262.09
CUST10306,2023-02-18,961.79
CUST10078,2024-08-22,844.72
CUST10220,2024-03-21,296.63
CUST10599,2024-12-19,375.34
CUST10495,2024-01-02,317.1
CUST10038,2025-04-30,706.45
CUST10318,2024-10-30,1660.5
CUST10135,2023-06-30,662.22
CUST10255,2024-04-13,1814.05
CUST10868,2025-02-18,1132.46
CUST10641,2024-03-27,792.92
CUST10525,2023-08-22,1873.4
CUST10426,2023-08-27,483.6
CUST10088,2025-03-26,454.56
CUST10254,2025-04-22,442.97
CUST10318,2022-01-23,185.99
CUST10564,2023-05-07,1152.35
CUST10442,2025-02-11,1540.12
CUST10439,2024-10-12,1297.5
CUST10314,2025-01-02,283.86
CUST10447,2023-01-03,1516.1
CUST10127,2021-05-15,759.81
CUST10901,2021-02-17,2528.01
CUST10239,2024-05-01,978.33
CUST10852,2022-02-10,1882.92
CUST10439,2024-06-07,2206.71
CUST10944,2023-07-21,411.64
CUST10040,2024-01-31,1561.74
CUST10993,2025-01-03,2036.3
CUST10981,2024-12-21,180.29
CUST10549,2024-12-31,844.76
CUST10775,2024-02-05,327.96
CUST10198,2024-07-29,817.62
CUST10220,2023-04-26,524.27
CUST10526,2024-05-17,748.35
CUST10521,2024-06-27,265.94
CUST10840,2023-09-14,670.06
CUST10494,2024-12-21,1720.69
CUST10633,2024-01-09,3449.18
CUST10985,2023-12-18,529.45
CUST10508,2024-05-25,837.52
CUST10796,2023-03-08,568.97
CUST10499,2022-03-26,543.95
CUST10414,2022-07-30,125.6
CUST10112,2022-03-18,331.22
CUST10290,2024-06-24,437.34
CUST10514,2023-12-04,813.14
CUST10401,2023-09-07,656.93
CUST10481,2023-11-11,844.2
CUST10292,2025-02-06,620.64
CUST10522,2025-03-17,2284.44
CUST10550,2023-01-02,1162.77
CUST10610,2024-05-25,1388.99
CUST10375,2023-07-16,537.01
CUST10678,2023-12-14,411.76
CUST10811,2024-05-16,199.82
CUST10336,2023-04-15,1225.52
CUST10099,2022-11-18,1066.95
CUST10961,2024-10-13,781.45
CUST10482,2024-06-09,1260.74
CUST10430,2024-05-26,385.3
CUST10733,2024-06-07,1306.34
CUST10889,2025-05-31,2159.2
CUST10933,2024-06-16,1301.01
CUST10084,2024-08-06,52.63
CUST10046,2024-02-10,169.1
CUST10513,2023-10-16,592.38
CUST10507,2024-03-26,1163.11
CUST10671,2023-03-23,344.24
CUST10468,2021-12-11,1206.25
CUST10111,2025-01-11,684.29
CUST10247,2025-06-18,1006.55
CUST10200,2022-09-19,1023.47
CUST10390,2025-02-01,337.18
CUST10477,2022-11-18,763.74
CUST10226,2025-04-06,553.02
CUST10123,2023-06-30,178.41
CUST10697,2021-07-12,842.8
CUST10572,2025-07-12,1349.67
CUST10870,2024-12-18,1669.33
CUST10376,2023-10-04,671.4
CUST10554,2023-06-21,505.4
CUST10000,2023-03-31,949.59
CUST10824,2024-04-06,988.7
CUST10270,2025-05-31,626.51
CUST10045,2024-06-03,949.83
CUST10937,2022-05-02,358.65
CUST10977,2025-04-28,559.42
CUST10210,2023-09-11,1105.71
CUST10114,2023-11-26,2026.9
CUST10454,2021-06-16,455.46
CUST10680,2021-05-19,656.87
CUST10185,2024-01-27,790.82
CUST10480,2021-07-04,626.23
CUST10993,2023-05-12,1278.03
CUST10461,2022-08-26,276.43
CUST10463,2025-04-19,563.14
CUST10237,2024-07-14,1631.57
CUST10120,2024-12-01,298.05
CUST10397,2024-06-07,446.87
CUST10057,2022-01-23,1570.24
CUST10369,2024-08-29,260.65
CUST10720,2024-11-19,492.43
CUST10657,2023-05-22,545.24
CUST10654,2023-09-20,791.65
CUST10878,2023-11-23,1073.37
CUST10157,2023-06-23,1240.91
CUST10583,2023-05-11,264.43
CUST10120,2024-08-11,752.67
CUST10016,2024-10-10,1040.87
CUST10116,2025-07-13,2267.6
CUST10815,2024-03-20,1164.2
CUST10084,2025-04-29,498.65
CUST10616,2021-07-03,1699.02
CUST10989,2023-05-02,1001.92
CUST10042,2024-11-09,978.83
CUST10498,2023-11-14,1037.51
CUST10586,2024-05-17,698.74
CUST10315,2024-04-07,843.52
CUST10451,2025-04-17,2193.29
CUST10429,2024-08-23,1240.92
CUST10282,2024-10-27,469.71
CUST10872,2025-04-18,85.76
CUST10223,2025-06-19,919.66
CUST10343,2025-01-27,1111.69
CUST10379,2022-10-20,644.93
CUST10109,2023-05-07,650.23
CUST10718,2025-06-21,1860.83
CUST10101,2024-03-07,350.44
CUST10867,2024-12-08,662.87
CUST10466,2023-06-03,1132.26
CUST10920,2024-09-11,518.77
CUST10510,2025-05-14,1877.15
CUST10104,2024-12-02,211.34
CUST10869,2024-09-15,2278.29
CUST10994,2024-02-23,248.01
CUST10249,2024-07-26,896.74
CUST10040,2021-05-10,1176.45
CUST10490,2024-01-14,382.02
CUST10596,2025-05-15,684.83
CUST10238,2023-03-11,295.98
CUST10343,2025-01-22,428.3
CUST10838,2024-04-10,2059.71
CUST10088,2024-01-20,329.6
CUST10861,2025-04-21,82.63
CUST10841,2024-12-15,1610.5
CUST10596,2025-04-23,287.42
CUST10373,2024-03-14,764.99
CUST10732,2021-10-02,233.66
CUST10649,2025-06-08,1445.96
CUST10032,2024-12-03,829.55
CUST10272,2021-11-15,895.46
CUST10497,2025-01-26,1776.6
CUST10243,2024-03-09,1823.67
CUST10701,2025-06-07,365.51
CUST10544,2023-01-12,795.96
CUST10959,2024-06-20,1463.9
CUST10312,2024-07-02,526.19
CUST10102,2022-05-12,1465.13
CUST10231,2025-05-16,3600.18
CUST10071,2024-03-21,132.71
CUST10319,2023-01-17,648.24
CUST10922,2025-07-29,1115.73
CUST10633,2024-08-08,481.9
CUST10486,2025-06-04,1291.38
CUST10947,2022-12-12,138.78
CUST10244,2023-06-18,730.56
CUST10446,2024-08-16,1584.79
CUST10842,2025-06-20,297.54
CUST10501,2025-03-12,808.43
CUST10439,2025-01-17,934.63
CUST10866,2024-08-09,1438.24
CUST10750,2021-12-27,608.78
CUST10183,2025-07-28,373.04
CUST10028,2025-07-19,1272.05
CUST10390,2024-02-27,1281.23
CUST10067,2024-06-05,990.72
CUST10144,2024-07-17,347.65
CUST10481,2025-01-11,398.64
CUST10361,2024-10-11,167.15
CUST10021,2024-06-21,933.38
CUST10631,2024-09-13,276.0
CUST10451,2025-02-25,1683.82
CUST10486,2024-08-16,965.86
CUST10936,2024-08-09,230.69
CUST10935,2024-07-13,1178.01
CUST10656,2024-10-25,337.33
CUST10508,2023-08-29,486.97
CUST10165,2023-03-11,265.7
CUST10706,2023-09-03,457.1
CUST10143,2021-06-27,1181.81
CUST10510,2025-05-03,1123.31
CUST10142,2022-05-17,627.86
CUST10460,2025-07-26,342.3
CUST10192,2024-01-02,1500.23
CUST10697,2025-04-01,1126.64
CUST10595,2025-02-15,1648.93
CUST10446,2024-05-19,811.59
CUST10933,2023-11-18,924.18
CUST10706,2025-03-01,397.52
CUST10642,2021-10-18,1519.56
CUST10980,2024-10-31,2277.99
CUST10545,2024-09-27,660.4
CUST10923,2025-05-21,717.93
CUST10542,2023-06-19,66.1
CUST10641,2022-07-01,1859.72
CUST10401,2021-06-28,668.98
CUST10071,2022-10-25,1022.31
CUST10551,2025-03-15,1139.46
CUST10202,2024-09-11,514.25
CUST10201,2024-10-27,222.75
CUST10329,2025-06-23,864.58
CUST10833,2023-11-21,3143.7
CUST10684,2024-07-15,1564.37
CUST10224,2023-05-30,103.83
CUST10944,2024-02-21,758.46
CUST10294,2022-09-03,546.12
CUST10703,2022-02-18,321.08
CUST10833,2022-09-18,856.48
CUST10802,2024-07-14,65.04
CUST10985,2025-06-18,206.21
CUST10874,2024-07-20,394.71
CUST10486,2025-05-05,1414.62
CUST10292,2025-05-19,532.2
CUST10933,2024-01-03,295.47
CUST10536,2025-06-14,2793.27
CUST10307,2022-07-30,2630.68
CUST10440,2024-01-04,1930.55
CUST10961,2024-08-22,1089.93
CUST10439,2023-10-16,1091.25
CUST10985,2025-03-21,1663.5
CUST10295,2024-05-30,724.46
CUST10323,2025-03-04,2205.35
CUST10731,2024-04-20,353.49
CUST10808,2022-05-14,962.24
CUST10644,2024-07-07,563.18
CUST10482,2024-03-19,344.25
CUST10470,2024-05-07,1499.27
CUST10708,2025-07-15,1796.33
CUST10641,2021-12-14,1148.12
CUST10611,2024-08-18,1657.38
CUST10844,2025-04-11,602.35
CUST10733,2024-09-15,352.23
CUST10434,2024-06-30,2448.03
CUST10388,2025-04-08,146.88
CUST10468,2022-03-09,852.49
CUST10747,2023-05-31,268.37
CUST10846,2023-07-19,150.62
CUST10797,2025-06-15,1226.2
CUST10206,2024-11-10,313.0
CUST10195,2025-03-16,1533.61
CUST10188,2023-10-02,404.82
CUST10876,2025-05-13,110.64
CUST10217,2022-02-13,393.17
CUST10815,2025-01-06,1053.4
CUST10353,2023-02-23,712.24
CUST10997,2024-09-20,926.19
CUST10212,2023-10-22,1311.25
CUST10459,2022-11-02,1380.3
CUST10420,2025-01-24,729.61
CUST10571,2023-06-05,1891.79
CUST10824,2023-02-09,584.36
CUST10811,2023-07-09,902.25
CUST10753,2024-10-20,763.06
CUST10586,2024-01-28,1423.06
CUST10821,2023-04-14,1341.02
CUST10012,2023-05-14,1433.98
CUST10423,2025-03-12,261.73
CUST10319,2023-02-06,504.68
CUST10803,2024-06-07,3010.74
CUST10884,2023-03-27,1113.83
CUST10231,2025-05-31,2420.65
CUST10867,2025-03-22,518.54
CUST10817,2023-09-20,842.15
CUST10641,2025-07-22,1030.92
CUST10089,2023-10-22,330.35
CUST10471,2024-03-05,1097.2
CUST10518,2022-10-09,156.03
CUST10544,2023-06-12,330.01
CUST10656,2023-01-22,595.06
CUST10456,2024-08-19,2213.54
CUST10288,2024-08-19,1219.84
CUST10524,2022-11-08,526.63
CUST10187,2024-10-13,1182.87
CUST10950,2023-09-11,372.97
CUST10535,2023-10-12,2026.49
CUST10218,2023-01-07,442.9
CUST10953,2025-04-07,1324.05
CUST10356,2022-01-15,1385.57
CUST10481,2022-04-13,324.89
CUST10914,2023-10-29,1985.09
CUST10995,2022-06-03,1010.05
CUST10975,2022-07-18,766.21
CUST10805,2025-01-07,1365.19
CUST10766,2025-02-24,1015.53
CUST10427,2023-12-09,1328.03
CUST10275,2024-07-14,1079.54
CUST10749,2024-12-22,477.43
CUST10815,2025-01-17,1736.53
CUST10285,2022-12-19,1738.5
CUST10482,2024-08-29,2844.79
CUST10633,2025-07-14,2088.18
CUST10424,2024-05-01,153.15
CUST10260,2025-07-17,329.33
CUST10764,2024-01-02,262.43
CUST10916,2022-04-30,801.72
CUST10135,2024-05-24,1233.23
CUST10055,2023-06-07,1357.32
CUST10650,2023-05-16,807.75
CUST10792,2025-04-12,1084.4
CUST10654,2022-10-11,437.17
CUST10840,2022-09-05,962.35
CUST10136,2022-05-24,610.47
CUST10656,2025-04-14,1068.41
CUST10769,2023-05-30,1165.13
CUST10391,2024-08-10,3401.84
CUST10718,2025-05-16,2659.21
CUST10355,2021-07-11,400.81
CUST10229,2023-07-08,463.62
CUST10244,2025-06-04,323.54
CUST10661,2024-03-02,1289.73
CUST10286,2025-04-10,3259.85
CUST10224,2020-10-06,2811.19
CUST10399,2023-07-11,513.0
CUST10741,2024-01-18,581.9
CUST10229,2024-03-18,495.85
CUST10016,2024-01-31,2429.28
CUST10746,2025-06-26,1702.23
CUST10951,2023-12-14,575.37
CUST10088,2022-10-20,980.94
CUST10665,2025-06-11,360.49
CUST10580,2025-01-10,276.51
CUST10503,2023-05-01,811.48
CUST10616,2023-01-03,990.67
CUST10476,2025-02-21,1191.16
CUST10353,2024-06-02,1976.12
CUST10403,2024-03-11,656.88
CUST10654,2023-11-03,411.39
CUST10436,2022-10-24,546.36
CUST10491,2022-02-06,362.93
CUST10248,2025-05-25,3459.3
CUST10372,2022-08-07,444.99
CUST10773,2024-01-11,1106.84
CUST10974,2024-07-25,1460.32
CUST10788,2022-12-22,1045.15
CUST10342,2021-08-29,878.38
CUST10056,2022-10-20,695.65
CUST10718,2025-04-16,1507.79
CUST10510,2022-07-16,1643.37
CUST10380,2023-04-27,818.96
CUST10180,2023-05-07,424.53
CUST10910,2025-05-23,2494.04
CUST10678,2023-07-07,1541.59
CUST10881,2024-07-19,1718.64
CUST10703,2024-11-22,2527.69
CUST10963,2022-06-09,427.69
CUST10878,2022-11-16,1603.45
CUST10222,2024-06-25,456.58
CUST10328,2025-06-06,813.61
CUST10889,2025-01-04,2130.16
CUST10774,2025-01-10,883.37
CUST10476,2025-04-03,1265.35
CUST10471,2025-05-10,432.36
CUST10044,2023-02-01,816.4
CUST10207,2024-04-19,1555.41
CUST10441,2021-10-23,679.84
CUST10270,2022-01-13,662.33
CUST10341,2022-09-30,522.6
CUST10771,2023-06-19,262.9
CUST10334,2024-02-27,1578.95
CUST10164,2023-04-23,1013.39
CUST10190,2023-03-18,1219.81
CUST10376,2024-05-04,320.0
CUST10779,2023-01-16,577.37
CUST10420,2025-06-30,399.64
CUST10462,2024-07-06,2029.29
CUST10001,2023-12-24,1190.2
CUST10389,2023-04-23,2291.55
CUST10640,2024-08-09,213.52
CUST10517,2024-06-20,3109.15
CUST10926,2022-03-04,335.78
CUST10446,2024-07-16,807.6
CUST10438,2025-03-17,744.77
CUST10851,2024-09-21,592.77
CUST10459,2023-12-12,1175.14
CUST10408,2024-01-13,469.01
CUST10941,2024-09-13,1330.26
CUST10813,2022-09-26,423.72
CUST10055,2021-10-22,1456.52
CUST10140,2024-06-23,3014.79
CUST10413,2023-07-20,187.09
CUST10900,2024-03-01,898.2
CUST10265,2025-07-15,2297.89
CUST10534,2024-03-08,281.83
CUST10327,2024-02-20,1899.16
CUST10364,2025-02-26,2104.83
CUST10009,2025-01-05,2181.71
CUST10330,2024-11-12,527.3
CUST10231,2024-12-11,883.3
CUST10641,2023-07-27,779.82
CUST10727,2022-03-28,770.79
CUST10018,2024-12-12,1288.57
CUST10562,2021-01-19,339.81
CUST10786,2025-01-30,79.0
CUST10757,2023-06-10,1304.17
CUST10652,2025-01-27,1421.54
CUST10015,2022-10-12,1203.63
CUST10958,2025-03-25,1635.1
CUST10598,2023-09-23,22.33
CUST10649,2022-11-22,1725.73
CUST10833,2025-01-08,871.26
CUST10559,2022-04-20,1068.78
CUST10923,2025-07-14,951.22
CUST10059,2023-05-15,2016.11
CUST10144,2024-08-08,2602.63
CUST10914,2025-02-17,269.8
CUST10938,2023-07-23,277.57
CUST10414,2022-05-26,671.38
CUST10298,2024-03-07,902.76
CUST10747,2025-07-26,709.36
CUST10580,2024-03-18,549.01
CUST10033,2025-02-05,449.07
CUST10726,2025-01-05,679.99
CUST10135,2024-06-06,1657.26
CUST10492,2024-05-19,568.7
CUST10575,2021-10-22,509.97
CUST10578,2024-02-07,1160.8
CUST10717,2024-06-06,367.07
CUST10097,2021-04-01,1609.32
CUST10500,2023-08-27,2266.87
CUST10250,2024-09-16,2366.46
CUST10923,2024-04-13,2238.61
CUST10136,2025-01-01,2572.4
CUST10815,2023-09-01,192.55
CUST10550,2023-10-17,642.37
CUST10965,2023-04-25,817.85
CUST10583,2023-02-18,487.98
CUST10669,2024-02-15,424.73
CUST10462,2022-03-25,780.78
CUST10892,2024-07-13,1104.23
CUST10208,2022-12-17,720.78
CUST10666,2024-02-18,654.48
CUST10219,2022-04-02,1123.52
CUST10541,2024-08-05,463.26
CUST10546,2025-05-05,1327.64
CUST10787,2024-12-16,557.94
CUST10195,2025-06-19,2185.17
CUST10290,2024-04-26,1182.8
CUST10320,2025-03-28,1529.56
CUST10516,2024-06-25,1581.19
CUST10698,2024-04-03,995.38
CUST10371,2024-04-24,657.39
CUST10099,2025-03-03,2547.17
CUST10053,2024-07-15,83.04
CUST10523,2023-10-11,927.71
CUST10660,2022-12-30,1305.29
CUST10308,2023-02-26,450.06
CUST10408,2025-06-23,3145.3
CUST10562,2022-07-26,446.87
CUST10433,2024-10-23,304.53
CUST10742,2025-02-08,1049.88
CUST10627,2023-10-18,785.15
CUST10039,2025-05-04,256.62
CUST10623,2023-11-26,1864.14
CUST10397,2024-02-13,547.06
CUST10494,2024-07-13,481.75
CUST10085,2024-06-25,336.57
CUST10049,2023-01-23,593.9
CUST10901,2021-12-29,1159.76
CUST10888,2024-06-02,835.1
CUST10274,2023-07-13,2114.23
CUST10895,2025-06-01,854.1
CUST10156,2023-07-06,1381.12
CUST10974,2023-10-11,1311.01
CUST10015,2024-01-21,643.78
CUST10438,2025-03-04,341.56
CUST10336,2025-06-13,371.49
CUST10904,2021-02-22,1032.62
CUST10766,2022-03-19,826.96
CUST10070,2023-10-10,1083.96
CUST10553,2025-07-17,1243.46
CUST10938,2025-05-06,380.87
CUST10877,2025-06-15,884.1
CUST10699,2024-02-27,1246.86
CUST10845,2021-12-30,1618.92
CUST10669,2023-09-22,514.02
CUST10191,2023-07-08,798.89
CUST10794,2022-08-25,797.09
CUST10931,2021-12-15,291.65
CUST10931,2023-09-23,1301.36
CUST10774,2025-07-02,560.57
CUST10843,2021-03-01,1207.13
CUST10933,2025-01-20,1648.36
CUST10957,2024-09-06,240.4
CUST10149,2021-08-22,510.52
CUST10992,2022-01-24,305.26
CUST10365,2025-05-19,1003.06
CUST10856,2024-11-08,2053.96
CUST10206,2025-06-01,663.32
CUST10257,2024-04-30,276.08
CUST10597,2023-08-16,699.4
CUST10903,2022-11-29,222.94
CUST10019,2024-03-25,2275.76
CUST10128,2022-10-31,838.88
CUST10600,2025-05-08,1109.72
CUST10537,2024-05-11,326.33
CUST10829,2023-09-17,1918.01
CUST10443,2023-12-18,2009.32
CUST10910,2025-07-03,368.33
CUST10383,2025-04-01,275.18
CUST10843,2022-09-27,993.18
CUST10090,2024-09-04,1100.46
CUST10536,2024-05-12,2050.1
CUST10515,2023-12-14,350.83
CUST10014,2024-08-09,1040.95
CUST10679,2024-04-08,311.63
CUST10283,2024-08-11,2693.1
CUST10206,2023-01-04,727.04
CUST10107,2024-08-09,984.41
CUST10868,2025-02-19,143.72
CUST10991,2024-06-18,750.07
CUST10525,2023-12-15,1462.38
CUST10524,2023-12-23,405.09
CUST10563,2022-09-06,590.11
CUST10100,2025-07-19,1314.72
CUST10654,2022-04-09,930.42
CUST10628,2022-11-05,1198.64
CUST10921,2024-05-29,921.05
CUST10566,2023-05-08,677.88
CUST10524,2023-11-08,1113.41
CUST10648,2024-10-21,45.81
CUST10112,2024-04-01,653.77
CUST10386,2024-06-06,515.64
CUST10448,2021-06-06,271.82
CUST10549,2024-08-20,421.28
CUST10081,2022-06-05,1640.61
CUST10042,2022-09-14,1614.38
CUST10953,2023-07-06,1285.47
CUST10949,2021-07-09,1745.09
CUST10676,2023-12-23,1410.5
CUST10937,2023-04-02,407.93
CUST10375,2025-01-11,805.92
CUST10554,2023-01-16,554.45
CUST10384,2022-01-25,1751.21
CUST10106,2024-07-25,2393.26
CUST10160,2024-08-05,632.26
CUST10277,2024-09-12,1750.89
CUST10414,2024-11-07,215.29
CUST10526,2022-07-10,1000.96
CUST10995,2021-01-14,344.59
CUST10392,2025-07-06,1099.45
CUST10579,2025-01-23,708.18
CUST10402,2024-05-26,768.93
CUST10606,2023-02-28,218.12
CUST10894,2025-03-26,1143.6
CUST10719,2025-02-13,701.03
CUST10514,2024-09-10,713.47
CUST10293,2024-02-10,199.61
CUST10198,2025-03-09,1017.26
CUST10308,2023-03-09,496.97
CUST10013,2025-05-28,224.59
CUST10062,2025-07-07,1577.66
CUST10069,2023-04-05,751.25
CUST10588,2023-01-01,2034.06
CUST10273,2024-06-07,2143.94
CUST10292,2024-03-12,285.46
CUST10777,2022-11-13,207.43
CUST10790,2024-02-28,1048.39
CUST10635,2022-10-16,919.69
CUST10196,2025-07-16,2223.7
CUST10324,2022-03-27,460.97
CUST10495,2022-12-13,1513.12
CUST10762,2024-07-09,369.9
CUST10302,2024-06-06,1363.49
CUST10921,2024-01-13,534.02
CUST10027,2024-06-07,1002.17
CUST10740,2022-09-07,1072.48
CUST10150,2025-02-09,245.63
CUST10103,2025-07-24,1252.47
CUST10915,2023-07-28,1279.38
CUST10544,2021-11-14,960.32
CUST10426,2021-10-03,402.95
CUST10154,2022-12-24,1369.49
CUST10206,2023-06-02,2168.65
CUST10239,2025-05-11,246.25
CUST10474,2024-02-14,1445.84
CUST10770,2024-04-26,1155.71
CUST10333,2022-10-05,1308.87
CUST10035,2023-02-06,310.55
CUST10024,2024-10-29,1803.95
CUST10447,2025-01-03,1990.58
CUST10450,2024-12-28,1285.46
CUST10757,2025-06-30,839.13
CUST10205,2024-10-20,1657.58
CUST10641,2023-07-17,628.76
CUST10614,2024-01-31,973.55
CUST10704,2025-05-20,1013.04
CUST10941,2025-01-16,2311.07
CUST10094,2024-09-29,991.38
CUST10029,2024-07-07,3718.46
CUST10058,2025-05-30,1047.39
CUST10413,2021-04-20,1679.58
CUST10267,2022-12-02,342.1
CUST10899,2025-02-05,1530.86
CUST10098,2024-01-12,133.93
CUST10697,2021-03-11,880.91
CUST10133,2023-06-18,846.0
CUST10070,2023-01-07,1449.51
CUST10764,2024-09-14,440.8
CUST10925,2024-05-03,2754.16
CUST10695,2022-08-21,1033.52
CUST10699,2024-06-14,461.22
CUST10561,2024-05-03,1793.84
CUST10701,2025-04-17,477.26
CUST10510,2023-12-23,868.69
CUST10511,2025-06-11,1687.49
CUST10911,2023-03-20,192.44
CUST10516,2025-04-17,143.04
CUST10758,2022-08-15,848.12
CUST10100,2024-05-29,904.59
CUST10037,2024-12-09,908.42
CUST10227,2024-05-27,397.56
CUST10062,2023-08-18,3854.38
CUST10163,2024-06-15,309.56
CUST10164,2025-06-04,2080.82
CUST10149,2023-06-08,1262.23
CUST10490,2025-04-03,1065.71
CUST10366,2021-01-05,25.1
CUST10757,2023-10-27,190.85
CUST10849,2023-07-15,2217.42
CUST10695,2022-03-24,1771.75
CUST10877,2025-04-14,1065.97
CUST10630,2024-08-09,1095.17
CUST10163,2023-09-25,1153.92
CUST10652,2023-03-15,572.13
CUST10516,2022-10-31,507.95
CUST10197,2024-08-28,324.85
CUST10976,2024-01-03,480.93
CUST10103,2022-07-14,265.59
CUST10244,2024-11-25,1390.52
CUST10526,2024-10-13,1243.67
CUST10652,2024-09-30,363.26
CUST10784,2025-07-29,476.58
CUST10099,2022-06-04,1438.89
CUST10720,2025-01-25,3751.2
CUST10967,2023-03-11,861.36
CUST10618,2022-05-23,178.73
CUST10685,2023-08-04,1165.4
CUST10561,2024-01-30,332.1
CUST10945,2023-11-28,321.55
CUST10874,2023-09-19,451.13
CUST10589,2024-12-19,283.09
CUST10013,2023-09-17,987.36
CUST10226,2024-09-02,188.89
CUST10360,2024-12-16,709.98
CUST10488,2023-07-07,1719.54
CUST10546,2022-08-12,410.61
CUST10091,2022-02-02,1664.8
CUST10184,2023-05-24,1445.67
CUST10919,2024-03-17,454.27
CUST10709,2022-02-03,1827.54
CUST10562,2020-09-26,1033.76
CUST10347,2024-10-02,2016.99
CUST10278,2023-02-24,474.23
CUST10171,2024-02-21,229.17
CUST10892,2024-05-01,796.58
CUST10220,2024-01-28,581.53
CUST10646,2022-07-09,458.71
CUST10846,2021-09-25,1079.44
CUST10221,2023-10-14,166.62
CUST10071,2022-05-04,274.48
CUST10517,2024-08-20,2924.37
CUST10450,2021-11-29,1221.64
CUST10754,2024-05-15,802.71
CUST10234,2024-02-18,423.17
CUST10163,2023-12-24,450.7
CUST10819,2023-11-17,866.96
CUST10189,2024-02-09,395.87
CUST10081,2022-01-21,1115.74
CUST10157,2025-07-28,453.31
CUST10707,2025-07-12,909.39
CUST10343,2023-10-18,543.96
CUST10218,2025-07-10,714.83
CUST10267,2023-12-08,687.69
CUST10465,2023-03-17,708.51
CUST10836,2024-11-22,988.74
CUST10912,2024-09-24,1068.46
CUST10443,2025-03-13,1253.57
CUST10863,2023-10-05,316.17
CUST10898,2024-09-25,1470.59
CUST10777,2024-02-07,526.03
CUST10883,2025-05-19,407.52
CUST10897,2023-03-05,420.41
CUST10735,2025-02-23,856.46
CUST10870,2024-07-05,1754.28
CUST10099,2025-04-30,525.04
CUST10515,2024-06-02,739.11
CUST10320,2024-05-02,504.54
CUST10699,2024-01-30,344.37
CUST10060,2022-01-06,1142.47
CUST10052,2023-08-19,1289.18
CUST10136,2021-10-31,979.26
CUST10865,2024-12-15,1754.68
CUST10771,2023-06-23,858.8
CUST10926,2023-04-03,263.41
CUST10754,2025-07-19,802.67
CUST10503,2025-04-24,2398.11
CUST10548,2025-04-26,965.39
CUST10307,2023-12-06,1168.55
CUST10054,2024-11-17,291.0
CUST10921,2024-05-03,1088.72
CUST10422,2022-08-11,605.08
CUST10119,2025-06-07,1479.56
CUST10964,2023-11-09,1557.5
CUST10871,2022-02-14,2300.57
CUST10925,2024-03-16,1356.17
CUST10151,2024-08-02,1506.39
CUST10593,2023-12-18,477.04
CUST10398,2024-11-06,506.25
CUST10409,2023-03-15,849.09
CUST10517,2024-06-02,748.9
CUST10950,2024-04-16,420.91
CUST10560,2025-05-04,1088.9
CUST10264,2025-07-11,1872.66
CUST10720,2024-12-26,1873.47
CUST10611,2024-05-04,982.47
CUST10009,2022-04-02,602.27
CUST10216,2023-01-05,286.59
CUST10135,2025-07-13,1802.81
CUST10855,2024-04-24,62.41
CUST10509,2025-03-27,1424.94
CUST10718,2025-01-16,1603.81
CUST10732,2023-12-27,395.14
CUST10781,2021-06-07,1308.43
CUST10779,2023-08-03,529.36
CUST10694,2025-07-08,1725.41
CUST10493,2023-02-13,645.95
CUST10524,2024-11-19,1188.7
CUST10590,2025-05-31,1212.56
CUST10271,2025-04-10,749.65
CUST10037,2025-03-17,280.16
CUST10373,2024-08-26,1027.1
CUST10919,2024-06-04,2181.14
CUST10235,2024-10-13,2365.55
CUST10500,2023-01-20,615.47
CUST10088,2023-09-12,2596.35
CUST10268,2022-07-12,356.56
CUST10076,2024-05-21,593.62
CUST10028,2024-08-11,589.64
CUST10138,2023-09-21,1817.21
CUST10993,2022-11-19,240.67
CUST10373,2022-12-31,1602.15
CUST10957,2025-07-11,1876.48
CUST10525,2023-10-04,2655.56
CUST10071,2024-02-23,425.05
CUST10512,2025-02-25,699.27
CUST10486,2024-05-14,1324.4
CUST10484,2024-01-08,1406.41
CUST10285,2022-11-08,592.51
CUST10640,2024-02-21,666.41
CUST10851,2025-06-27,512.45
CUST10658,2023-07-13,1260.05
CUST10599,2023-07-03,890.82
CUST10850,2025-04-06,320.03
CUST10752,2024-02-06,1622.47
CUST10602,2024-03-15,1656.74
CUST10710,2025-07-01,461.58
CUST10251,2022-03-28,563.46
CUST10221,2022-05-05,345.06
CUST10571,2021-03-30,213.33
CUST10628,2024-09-20,631.33
CUST10214,2025-04-08,715.01
CUST10823,2024-09-06,642.35
CUST10522,2023-09-25,1453.19
CUST10548,2024-09-14,475.49
CUST10320,2024-05-24,1018.12
CUST10213,2024-10-29,1728.63
CUST10031,2024-04-12,774.86
CUST10712,2024-04-30,126.51
CUST10717,2025-05-19,1870.29
CUST10043,2022-01-30,1258.88
CUST10239,2024-05-21,806.03
CUST10295,2024-11-12,773.68
CUST10248,2023-03-07,1668.65
CUST10508,2025-04-25,500.52
CUST10557,2024-11-04,2135.75
CUST10009,2021-11-28,962.38
CUST10692,2024-06-07,339.88
CUST10249,2025-01-22,481.62
CUST10442,2024-10-12,91.63
CUST10229,2024-03-02,545.63
CUST10716,2024-05-18,1079.56
CUST10211,2024-05-19,1284.53
CUST10453,2022-07-05,812.57
CUST10621,2023-09-06,390.0
CUST10581,2023-09-20,520.13
CUST10073,2025-03-17,3047.19
CUST10887,2024-07-23,502.07
CUST10073,2024-07-30,2081.98
CUST10023,2023-06-02,793.95
CUST10858,2025-07-18,884.24
CUST10998,2023-11-02,869.38
CUST10096,2023-10-04,469.0
CUST10295,2024-03-11,583.16
CUST10618,2022-03-21,874.1
CUST10717,2024-04-26,961.49
CUST10094,2024-09-23,701.56
CUST10265,2024-06-18,1052.88
CUST10088,2025-02-17,1123.68
CUST10232,2023-02-19,885.71
CUST10540,2023-03-10,830.9
CUST10669,2024-09-28,670.52
CUST10264,2023-06-06,717.43
CUST10918,2025-05-03,750.34
CUST10332,2024-01-27,102.45
CUST10998,2023-05-31,858.39
CUST10911,2024-10-21,1349.97
CUST10538,2023-03-25,1555.75
CUST10932,2023-09-05,445.02
CUST10270,2022-04-23,2430.91
CUST10351,2024-10-16,668.74
CUST10091,2023-09-15,934.62
CUST10633,2023-02-14,1192.89
CUST10274,2025-04-24,580.32
CUST10628,2023-09-11,621.52
CUST10885,2024-03-29,592.43
CUST10429,2023-08-14,181.73
CUST10436,2023-06-26,2493.97
CUST10001,2024-08-14,334.19
CUST10427,2023-12-07,1351.47
CUST10498,2025-03-30,1899.2
CUST10925,2023-06-08,259.75
CUST10069,2023-06-27,383.43
CUST10488,2024-09-05,830.98
CUST10788,2022-09-17,1417.95
CUST10845,2024-07-27,816.71
CUST10039,2024-10-05,794.68
CUST10659,2024-11-04,1035.41
CUST10520,2023-10-31,521.9
CUST10158,2024-05-29,1292.16
CUST10745,2023-07-23,380.15
CUST10534,2023-04-25,753.72
CUST10935,2024-07-24,591.97
CUST10875,2023-01-28,394.15
CUST10841,2024-11-29,751.29
CUST10757,2024-03-25,608.0
CUST10206,2023-01-18,235.77
CUST10377,2024-10-31,1157.0
CUST10739,2025-07-27,876.03
CUST10199,2025-04-16,1080.99
CUST10414,2021-12-14,1203.21
CUST10734,2024-09-28,1255.24
CUST10263,2022-06-07,1615.16
CUST10120,2025-02-15,1695.47
CUST10616,2024-10-16,1068.68
CUST10338,2025-06-01,2416.33
CUST10329,2024-03-29,722.08
CUST10618,2024-11-25,704.65
CUST10380,2024-05-17,241.21
CUST10950,2024-04-29,1550.77
CUST10174,2025-06-28,153.48
CUST10390,2023-12-28,810.07
CUST10845,2024-04-25,286.56
CUST10996,2025-03-17,1801.7
CUST10879,2022-04-25,352.75
CUST10707,2024-05-18,1135.88
CUST10263,2023-11-28,3391.31
CUST10209,2024-09-29,237.54
CUST10689,2024-02-24,1067.08
CUST10941,2024-01-17,498.83
CUST10331,2021-03-07,491.32
CUST10534,2023-05-07,543.04
CUST10999,2024-09-13,224.12
CUST10379,2024-06-23,3168.06
CUST10194,2024-03-03,1085.28
CUST10914,2023-11-17,2738.35
CUST10097,2022-07-16,973.39
CUST10187,2024-04-19,373.5
CUST10057,2024-08-20,254.16
CUST10419,2022-08-21,2423.5
CUST10081,2024-06-11,330.08
CUST10256,2023-10-02,1292.39
CUST10544,2022-07-31,2349.51
CUST10217,2023-05-31,1544.46
CUST10533,2025-02-09,2588.96
CUST10867,2025-01-24,316.51
CUST10500,2025-04-22,377.54
CUST10811,2024-06-27,445.28
CUST10775,2024-12-31,1557.59
CUST10284,2024-02-10,911.56
CUST10585,2025-04-26,2561.43
CUST10900,2025-03-04,604.94
CUST10846,2022-02-15,909.83
CUST10890,2022-01-04,1718.4
CUST10810,2025-07-07,854.12
CUST10074,2023-04-10,479.29
CUST10338,2024-10-31,2806.52
CUST10215,2024-06-06,2062.35
CUST10647,2022-05-10,665.3
CUST10163,2025-07-06,112.3
CUST10337,2023-01-21,2446.1
CUST10795,2024-06-16,1070.21
CUST10844,2025-02-25,103.45
CUST10725,2023-02-22,2441.86
CUST10770,2025-05-08,653.23
CUST10254,2024-09-08,1000.77
CUST10913,2022-04-04,536.58
CUST10722,2023-12-10,264.85
CUST10847,2023-02-02,303.72
CUST10201,2025-07-08,168.48
CUST10249,2025-03-01,1773.92
CUST10671,2024-06-13,1663.09
CUST10448,2022-03-26,141.15
CUST10590,2025-04-16,381.06
CUST10805,2024-06-12,3014.92
CUST10396,2024-09-21,87.33
CUST10370,2024-11-17,632.07
CUST10631,2025-05-18,336.3
CUST10042,2024-02-23,677.78
CUST10041,2025-04-11,3470.49
CUST10613,2025-05-01,1705.44
CUST10136,2023-02-02,1502.26
CUST10320,2024-10-20,1261.14
CUST10486,2024-06-26,291.41
CUST10049,2023-03-06,60.8
CUST10852,2022-07-14,1392.07
CUST10381,2024-03-24,2417.55
CUST10432,2023-03-20,1759.76
CUST10431,2025-03-15,170.46
CUST10625,2021-08-20,892.6
CUST10714,2025-01-05,940.26
CUST10752,2024-03-02,755.09
CUST10010,2024-03-15,981.96
CUST10748,2021-03-11,1864.24
CUST10107,2024-07-29,535.52
CUST10813,2022-07-22,157.04
CUST10131,2025-01-04,555.86
CUST10574,2024-08-05,2350.0
CUST10892,2025-03-13,1297.42
CUST10016,2025-02-21,152.47
CUST10562,2023-04-30,477.73
CUST10148,2025-03-19,760.17
CUST10385,2024-03-06,1213.66
CUST10421,2025-01-19,772.0
CUST10316,2025-03-12,2026.16
CUST10555,2023-02-08,485.17
CUST10684,2024-08-27,4960.49
CUST10612,2025-02-12,1692.39
CUST10656,2021-09-05,1811.78
CUST10045,2024-08-30,392.03
CUST10089,2023-05-07,198.59
CUST10180,2023-05-23,1185.47
CUST10802,2024-10-28,530.64
CUST10243,2021-09-22,2307.69
CUST10646,2023-10-09,619.4
CUST10521,2025-03-09,539.83
CUST10184,2024-04-02,644.44
CUST10258,2023-10-09,920.77
CUST10827,2024-12-10,490.58
CUST10428,2023-08-23,1657.17
CUST10477,2025-02-11,237.8
CUST10784,2023-10-15,1476.53
CUST10319,2023-11-05,873.26
CUST10095,2021-11-01,1680.37
CUST10525,2023-05-12,262.13
CUST10351,2025-07-02,309.61
CUST10318,2022-05-11,1217.72
CUST10818,2021-06-15,1004.97
CUST10120,2024-09-18,2895.22
CUST10118,2024-07-12,848.59
CUST10739,2025-06-04,1662.41
CUST10356,2023-11-18,422.7
CUST10584,2025-06-17,1730.76
CUST10388,2024-10-01,180.57
CUST10451,2025-04-26,171.01
CUST10173,2024-03-31,1603.05
CUST10856,2024-08-08,992.51
CUST10652,2022-08-26,900.8
CUST10682,2022-04-06,169.58
CUST10500,2024-04-16,980.97
CUST10699,2023-08-27,338.57
CUST10068,2021-03-11,679.32
CUST10405,2023-05-08,632.46
CUST10833,2023-09-29,656.82
CUST10259,2025-01-03,1421.02
CUST10031,2024-06-30,2826.08
CUST10900,2024-12-21,973.53
CUST10112,2025-06-12,413.91
CUST10981,2025-03-10,1411.86
CUST10052,2022-10-13,1613.31
CUST10069,2024-04-25,835.57
CUST10757,2025-03-09,903.55
CUST10975,2021-11-08,510.54
CUST10613,2025-02-05,2748.8
CUST10660,2023-09-22,756.95
CUST10893,2025-06-09,1017.04
CUST10507,2024-09-21,969.35
CUST10174,2024-11-12,940.69
CUST10387,2025-01-24,1566.58
CUST10373,2023-10-16,177.02
CUST10422,2023-06-05,569.61
CUST10720,2024-08-24,377.88
CUST10527,2024-07-31,1023.69
CUST10523,2024-07-24,62.9
CUST10983,2023-09-19,1469.0
CUST10318,2022-03-12,1072.74
CUST10104,2024-10-13,811.24
CUST10597,2024-06-02,704.81
CUST10516,2025-01-02,2553.36
CUST10586,2025-06-30,374.77
CUST10264,2025-06-19,1807.04
CUST10944,2025-05-17,693.47
CUST10972,2024-11-10,1470.12
CUST10262,2022-04-26,214.97
CUST10457,2025-05-15,1063.78
CUST10373,2024-01-23,631.59
CUST10334,2023-11-18,506.21
CUST10576,2025-07-07,1104.34
CUST10825,2020-12-15,95.4
CUST10412,2022-02-23,550.09
CUST10926,2025-02-15,613.99
CUST10352,2023-12-05,2177.28
CUST10986,2022-07-17,789.26
CUST10559,2024-06-14,1939.65
CUST10182,2024-03-01,927.96
CUST10160,2023-08-03,1768.78
CUST10040,2024-04-06,336.33
CUST10711,2024-07-25,1236.86
CUST10632,2025-04-11,519.47
CUST10384,2020-12-14,728.7
CUST10243,2022-09-24,896.31
CUST10932,2024-09-29,492.6
CUST10840,2022-09-26,614.03
CUST10242,2024-11-18,1206.13
CUST10561,2025-02-19,806.05
CUST10972,2024-10-22,410.78
CUST10953,2023-02-03,3734.78
CUST10557,2025-05-30,2283.17
CUST10560,2024-07-31,1091.85
CUST10710,2024-03-11,931.09
CUST10209,2024-06-19,2659.35
CUST10570,2024-06-27,266.97
CUST10075,2023-12-26,1671.73
CUST10234,2024-07-07,981.32
